instance_id	object_id	raw_name	object_category_id	normal_class_39_id	affordance	positive_points	aiou_d0.020	aiou_d0.030	aiou_d0.040	aiou_d0.050	aiou_d0.060	aiou_d0.080	aiou_d0.100	distance_threshold	aiou_threshold	aiou
am_0000_obj_001_充电器	obj_001_充电器	充电器	charger	charger	grasp	2810	0.523076661	0.561111091	0.592797505	0.628352311	0.656710727	0.701669061	0.741075945	0.020	0.478469785	0.523076661
am_0000_obj_001_充电器	obj_001_充电器	充电器	charger	charger	plug	305	0.635162946	0.667021946	0.715570054	0.738946800	0.772071258	0.823529568	0.844337954	0.020	0.478469785	0.635162946
am_0001_obj_001_充电器	obj_001_充电器	充电器	charger	charger	grasp	2811	0.570880127	0.612586864	0.645889612	0.685548424	0.715771977	0.755892671	0.788290985	0.020	0.478469785	0.570880127
am_0001_obj_001_充电器	obj_001_充电器	充电器	charger	charger	plug	299	0.732561780	0.780720528	0.824386842	0.847032748	0.866392760	0.888033274	0.890078938	0.020	0.478469785	0.732561780
am_0002_obj_001_充电器	obj_001_充电器	充电器	charger	charger	grasp	2830	0.659894271	0.704839355	0.736464699	0.768110918	0.796276583	0.838208503	0.869471289	0.020	0.478469785	0.659894271
am_0002_obj_001_充电器	obj_001_充电器	充电器	charger	charger	plug	295	0.672935481	0.710360437	0.739039246	0.775350012	0.800633344	0.850493239	0.888124675	0.020	0.478469785	0.672935481
am_0003_obj_001_充电器	obj_001_充电器	充电器	charger	charger	grasp	2873	0.773057742	0.812414197	0.838258430	0.857864642	0.873645716	0.895398241	0.911983721	0.020	0.478469785	0.773057742
am_0003_obj_001_充电器	obj_001_充电器	充电器	charger	charger	plug	296	0.746660271	0.784480364	0.829710446	0.858403204	0.877401799	0.903443584	0.907401481	0.020	0.478469785	0.746660271
am_0004_obj_001_充电器	obj_001_充电器	充电器	charger	charger	grasp	2812	0.637653002	0.677960426	0.708876667	0.738194447	0.765049378	0.806465133	0.834030472	0.020	0.478469785	0.637653002
am_0004_obj_001_充电器	obj_001_充电器	充电器	charger	charger	plug	292	0.691924437	0.727723336	0.755396393	0.780951121	0.806890390	0.852886850	0.881283495	0.020	0.478469785	0.691924437
am_0005_obj_001_充电器	obj_001_充电器	充电器	charger	charger	grasp	2822	0.706583307	0.746273044	0.774980675	0.800152226	0.825612948	0.860428905	0.882950848	0.020	0.478469785	0.706583307
am_0005_obj_001_充电器	obj_001_充电器	充电器	charger	charger	plug	340	0.704005206	0.755613539	0.806421887	0.838302595	0.858480592	0.886378105	0.898165604	0.020	0.478469785	0.704005206
am_0006_obj_001_充电器	obj_001_充电器	充电器	charger	charger	grasp	2827	0.632610970	0.671526682	0.700291296	0.726866919	0.750556816	0.792061218	0.830403646	0.020	0.478469785	0.632610970
am_0006_obj_001_充电器	obj_001_充电器	充电器	charger	charger	plug	314	0.715363887	0.750499150	0.787649425	0.822900875	0.852336346	0.892631234	0.908020020	0.020	0.478469785	0.715363887
am_0007_obj_001_充电器	obj_001_充电器	充电器	charger	charger	grasp	2816	0.726057419	0.771817469	0.801391475	0.823593576	0.843122284	0.872330707	0.897398770	0.020	0.478469785	0.726057419
am_0007_obj_001_充电器	obj_001_充电器	充电器	charger	charger	plug	318	0.712298684	0.757235327	0.795317756	0.842738490	0.880805548	0.899736624	0.906243373	0.020	0.478469785	0.712298684
am_0008_obj_001_充电器	obj_001_充电器	充电器	charger	charger	grasp	2807	0.734208104	0.779336505	0.811111310	0.835911078	0.857051862	0.889002849	0.911571249	0.020	0.478469785	0.734208104
am_0008_obj_001_充电器	obj_001_充电器	充电器	charger	charger	plug	308	0.692433732	0.727352158	0.777584795	0.841961126	0.882999655	0.906477348	0.908581543	0.020	0.478469785	0.692433732
am_0009_obj_001_充电器	obj_001_充电器	充电器	charger	charger	grasp	2854	0.664963832	0.703494670	0.739425941	0.774423150	0.802776357	0.839017492	0.867267614	0.020	0.478469785	0.664963832
am_0009_obj_001_充电器	obj_001_充电器	充电器	charger	charger	plug	324	0.764987235	0.807018752	0.834509380	0.857752182	0.880955160	0.899212107	0.907268994	0.020	0.478469785	0.764987235
am_0010_obj_001_充电器	obj_001_充电器	充电器	charger	charger	grasp	2813	0.432837624	0.460484142	0.486363403	0.509556635	0.535270243	0.573405719	0.606081450	0.020	0.478469785	0.432837624
am_0010_obj_001_充电器	obj_001_充电器	充电器	charger	charger	plug	318	0.531727279	0.568294071	0.616751362	0.671515194	0.741597787	0.819946676	0.852884839	0.020	0.478469785	0.531727279
am_0011_obj_001_充电器	obj_001_充电器	充电器	charger	charger	grasp	2874	0.662153083	0.700958926	0.729077449	0.754637316	0.776803079	0.810690665	0.839418887	0.020	0.478469785	0.662153083
am_0011_obj_001_充电器	obj_001_充电器	充电器	charger	charger	plug	307	0.618371177	0.652532475	0.692240540	0.729953455	0.767370390	0.841206416	0.892642776	0.020	0.478469785	0.618371177
am_0012_obj_001_充电器	obj_001_充电器	充电器	charger	charger	grasp	2812	0.504895966	0.540061524	0.573171650	0.603960742	0.632365480	0.682257258	0.726154589	0.020	0.478469785	0.504895966
am_0012_obj_001_充电器	obj_001_充电器	充电器	charger	charger	plug	297	0.775863114	0.818809382	0.851199231	0.872888959	0.886458782	0.900863049	0.906627205	0.020	0.478469785	0.775863114
am_0013_obj_001_充电器	obj_001_充电器	充电器	charger	charger	grasp	2897	0.632830852	0.676411590	0.710894699	0.739691185	0.770730860	0.818617786	0.850456217	0.020	0.478469785	0.632830852
am_0013_obj_001_充电器	obj_001_充电器	充电器	charger	charger	plug	321	0.604702696	0.635176165	0.665914955	0.705070053	0.740199666	0.805576212	0.828205928	0.020	0.478469785	0.604702696
am_0014_obj_001_充电器	obj_001_充电器	充电器	charger	charger	grasp	2825	0.441573734	0.468970109	0.493828763	0.519988661	0.543538913	0.587538754	0.630034891	0.020	0.478469785	0.441573734
am_0014_obj_001_充电器	obj_001_充电器	充电器	charger	charger	plug	311	0.739246420	0.780940298	0.812915426	0.838703313	0.854893640	0.881921587	0.890005400	0.020	0.478469785	0.739246420
am_0015_obj_001_充电器	obj_001_充电器	充电器	charger	charger	grasp	2825	0.489922362	0.527304652	0.560493196	0.590514513	0.622481038	0.673657169	0.718616166	0.020	0.478469785	0.489922362
am_0015_obj_001_充电器	obj_001_充电器	充电器	charger	charger	plug	310	0.705298223	0.748923486	0.802313452	0.844944341	0.874633628	0.898537789	0.907343728	0.020	0.478469785	0.705298223
am_0016_obj_002_刀具架	obj_002_刀具架	刀具架	rack	rack	place	790	0.320978147	0.392712848	0.453007808	0.514374203	0.569479368	0.644574697	0.699774475	0.020	0.478469785	0.320978147
am_0017_obj_002_刀具架	obj_002_刀具架	刀具架	rack	rack	place	730	0.182393622	0.216010010	0.236846054	0.259142205	0.278506701	0.316172722	0.349656549	0.020	0.478469785	0.182393622
am_0018_obj_002_刀具架	obj_002_刀具架	刀具架	rack	rack	place	751	0.286178209	0.331730224	0.372782247	0.411064534	0.457230605	0.534159282	0.588189828	0.020	0.478469785	0.286178209
am_0019_obj_002_刀具架	obj_002_刀具架	刀具架	rack	rack	place	722	0.325438999	0.380162012	0.423935206	0.463991366	0.506640788	0.563695694	0.610415859	0.020	0.478469785	0.325438999
am_0020_obj_002_刀具架	obj_002_刀具架	刀具架	rack	rack	place	735	0.386001193	0.457936447	0.519113828	0.560439220	0.598767692	0.653873835	0.691837809	0.020	0.478469785	0.386001193
am_0021_obj_002_刀具架	obj_002_刀具架	刀具架	rack	rack	place	751	0.228257204	0.258784668	0.279987901	0.297908091	0.314771706	0.348926215	0.378923714	0.020	0.478469785	0.228257204
am_0022_obj_002_刀具架	obj_002_刀具架	刀具架	rack	rack	place	777	0.306311406	0.348910593	0.382172388	0.416976970	0.452751300	0.517349140	0.562332701	0.020	0.478469785	0.306311406
am_0023_obj_002_刀具架	obj_002_刀具架	刀具架	rack	rack	place	755	0.194419020	0.221414106	0.246570658	0.277738324	0.312932546	0.401842343	0.460937355	0.020	0.478469785	0.194419020
am_0024_obj_002_刀具架	obj_002_刀具架	刀具架	rack	rack	place	727	0.235516812	0.284438796	0.311392934	0.335594686	0.360180320	0.407406039	0.443982909	0.020	0.478469785	0.235516812
am_0025_obj_002_刀具架	obj_002_刀具架	刀具架	rack	rack	place	751	0.302712029	0.351423929	0.391990739	0.424702721	0.464824646	0.544486669	0.595931011	0.020	0.478469785	0.302712029
am_0026_obj_002_刀具架	obj_002_刀具架	刀具架	rack	rack	place	753	0.353648436	0.406684502	0.456358102	0.498880507	0.546241366	0.623485567	0.676160814	0.020	0.478469785	0.353648436
am_0027_obj_002_刀具架	obj_002_刀具架	刀具架	rack	rack	place	785	0.291518108	0.341196591	0.388222633	0.428383708	0.456340067	0.502446501	0.537375742	0.020	0.478469785	0.291518108
am_0028_obj_002_刀具架	obj_002_刀具架	刀具架	rack	rack	place	736	0.325976307	0.368736063	0.398978086	0.428078564	0.452834160	0.497236602	0.532936432	0.020	0.478469785	0.325976307
am_0029_obj_002_刀具架	obj_002_刀具架	刀具架	rack	rack	place	739	0.307719274	0.354275812	0.392749681	0.420733761	0.449593950	0.494484166	0.535390727	0.020	0.478469785	0.307719274
am_0030_obj_002_刀具架	obj_002_刀具架	刀具架	rack	rack	place	748	0.212488675	0.258392670	0.287358204	0.313462396	0.345014926	0.398539492	0.437507140	0.020	0.478469785	0.212488675
am_0031_obj_002_刀具架	obj_002_刀具架	刀具架	rack	rack	place	747	0.322411265	0.367648520	0.403771872	0.434420386	0.474484091	0.545766263	0.596956401	0.020	0.478469785	0.322411265
am_0032_obj_003_削皮刀	obj_003_削皮刀	削皮刀	knife	peeler	grasp	2737	0.861168271	0.875081352	0.887304719	0.898210951	0.908218581	0.924068966	0.934121668	0.020	0.478469785	0.861168271
am_0032_obj_003_削皮刀	obj_003_削皮刀	削皮刀	knife	peeler	cut	569	0.728614647	0.775134629	0.822115052	0.858894585	0.887100532	0.907080129	0.909533691	0.020	0.478469785	0.728614647
am_0033_obj_003_削皮刀	obj_003_削皮刀	削皮刀	knife	peeler	grasp	2727	0.893163645	0.904980258	0.914543837	0.923224314	0.929591519	0.936500441	0.938757075	0.020	0.478469785	0.893163645
am_0033_obj_003_削皮刀	obj_003_削皮刀	削皮刀	knife	peeler	cut	566	0.897305571	0.907934570	0.908251953	0.908557129	0.908740234	0.909252930	0.909716797	0.020	0.478469785	0.897305571
am_0034_obj_003_削皮刀	obj_003_削皮刀	削皮刀	knife	peeler	grasp	2767	0.866197361	0.879134661	0.891599248	0.902854550	0.913041217	0.928116709	0.935805170	0.020	0.478469785	0.866197361
am_0034_obj_003_削皮刀	obj_003_削皮刀	削皮刀	knife	peeler	cut	576	0.867742170	0.896700959	0.906989839	0.908335907	0.908764648	0.909265137	0.909655762	0.020	0.478469785	0.867742170
am_0035_obj_003_削皮刀	obj_003_削皮刀	削皮刀	knife	peeler	grasp	2798	0.879761247	0.893597297	0.905169689	0.914770435	0.923979162	0.933780267	0.937945704	0.020	0.478469785	0.879761247
am_0035_obj_003_削皮刀	obj_003_削皮刀	削皮刀	knife	peeler	cut	601	0.710903358	0.776093707	0.823504252	0.864405166	0.888532168	0.908764028	0.909875488	0.020	0.478469785	0.710903358
am_0036_obj_003_削皮刀	obj_003_削皮刀	削皮刀	knife	peeler	grasp	2663	0.888833499	0.902218869	0.912797037	0.921719174	0.927147985	0.934334378	0.937508959	0.020	0.478469785	0.888833499
am_0036_obj_003_削皮刀	obj_003_削皮刀	削皮刀	knife	peeler	cut	628	0.893617773	0.907545181	0.908935547	0.909143066	0.909472656	0.909924316	0.910351563	0.020	0.478469785	0.893617773
am_0037_obj_003_削皮刀	obj_003_削皮刀	削皮刀	knife	peeler	grasp	2809	0.882375774	0.896066867	0.906643815	0.916281802	0.924435521	0.934645420	0.938270530	0.020	0.478469785	0.882375774
am_0037_obj_003_削皮刀	obj_003_削皮刀	削皮刀	knife	peeler	cut	572	0.883002861	0.902071756	0.907873152	0.908251953	0.908532715	0.909020996	0.909460449	0.020	0.478469785	0.883002861
am_0038_obj_003_削皮刀	obj_003_削皮刀	削皮刀	knife	peeler	grasp	2739	0.910004618	0.918682871	0.925246902	0.930173881	0.933144857	0.936891197	0.938829309	0.020	0.478469785	0.910004618
am_0038_obj_003_削皮刀	obj_003_削皮刀	削皮刀	knife	peeler	cut	598	0.845830279	0.881509532	0.901691847	0.908292643	0.909094238	0.909594727	0.909973145	0.020	0.478469785	0.845830279
am_0039_obj_003_削皮刀	obj_003_削皮刀	削皮刀	knife	peeler	grasp	2779	0.890839824	0.903166378	0.913662288	0.921512502	0.927708708	0.935313042	0.938702448	0.020	0.478469785	0.890839824
am_0039_obj_003_削皮刀	obj_003_削皮刀	削皮刀	knife	peeler	cut	558	0.867164128	0.895017891	0.906761143	0.908300781	0.908666992	0.909045410	0.909497070	0.020	0.478469785	0.867164128
am_0040_obj_003_削皮刀	obj_003_削皮刀	削皮刀	knife	peeler	grasp	2741	0.874089704	0.887897237	0.899735800	0.910573145	0.919722795	0.931183441	0.936842426	0.020	0.478469785	0.874089704
am_0040_obj_003_削皮刀	obj_003_削皮刀	削皮刀	knife	peeler	cut	576	0.848095138	0.892444564	0.906240498	0.908703613	0.908898926	0.909252930	0.909631348	0.020	0.478469785	0.848095138
am_0041_obj_003_削皮刀	obj_003_削皮刀	削皮刀	knife	peeler	grasp	2726	0.870729317	0.885489701	0.897420227	0.908351161	0.916841256	0.928878827	0.935575621	0.020	0.478469785	0.870729317
am_0041_obj_003_削皮刀	obj_003_削皮刀	削皮刀	knife	peeler	cut	590	0.884295256	0.905031467	0.908150528	0.908789063	0.909045410	0.909399414	0.909838867	0.020	0.478469785	0.884295256
am_0042_obj_003_削皮刀	obj_003_削皮刀	削皮刀	knife	peeler	grasp	2750	0.888010580	0.901006035	0.911666708	0.920293323	0.927665592	0.934897184	0.938200393	0.020	0.478469785	0.888010580
am_0042_obj_003_削皮刀	obj_003_削皮刀	削皮刀	knife	peeler	cut	580	0.894032816	0.906146968	0.908181508	0.908593750	0.908923340	0.909301758	0.909716797	0.020	0.478469785	0.894032816
am_0043_obj_003_削皮刀	obj_003_削皮刀	削皮刀	knife	peeler	grasp	2759	0.874805425	0.888720728	0.901743463	0.911873962	0.920126532	0.931607364	0.937162761	0.020	0.478469785	0.874805425
am_0043_obj_003_削皮刀	obj_003_削皮刀	削皮刀	knife	peeler	cut	560	0.819550030	0.868005157	0.892785567	0.905024990	0.907567176	0.909008789	0.909545898	0.020	0.478469785	0.819550030
am_0044_obj_003_削皮刀	obj_003_削皮刀	削皮刀	knife	peeler	grasp	2771	0.895571621	0.907053424	0.916802213	0.924993569	0.930908382	0.936913325	0.938775531	0.020	0.478469785	0.895571621
am_0044_obj_003_削皮刀	obj_003_削皮刀	削皮刀	knife	peeler	cut	589	0.888080179	0.901419997	0.908520508	0.908728027	0.908837891	0.909277344	0.909716797	0.020	0.478469785	0.888080179
am_0045_obj_003_削皮刀	obj_003_削皮刀	削皮刀	knife	peeler	grasp	2758	0.903760200	0.913873925	0.921268282	0.926188895	0.929959739	0.935350146	0.938167990	0.020	0.478469785	0.903760200
am_0045_obj_003_削皮刀	obj_003_削皮刀	削皮刀	knife	peeler	cut	580	0.833840606	0.875731632	0.897538351	0.905788093	0.908639444	0.909484863	0.909826660	0.020	0.478469785	0.833840606
am_0046_obj_003_削皮刀	obj_003_削皮刀	削皮刀	knife	peeler	grasp	2787	0.893224224	0.905687876	0.915381383	0.924351042	0.930590028	0.936747139	0.938960215	0.020	0.478469785	0.893224224
am_0046_obj_003_削皮刀	obj_003_削皮刀	削皮刀	knife	peeler	cut	556	0.884929811	0.905226069	0.907800293	0.908105469	0.908386230	0.908837891	0.909350586	0.020	0.478469785	0.884929811
am_0047_obj_003_削皮刀	obj_003_削皮刀	削皮刀	knife	peeler	grasp	2724	0.903912594	0.913525835	0.921476131	0.927016679	0.930756692	0.935680814	0.938166110	0.020	0.478469785	0.903912594
am_0047_obj_003_削皮刀	obj_003_削皮刀	削皮刀	knife	peeler	cut	598	0.830437568	0.870155524	0.894267088	0.907536568	0.909143066	0.909594727	0.910009766	0.020	0.478469785	0.830437568
am_0048_obj_004_剪刀	obj_004_剪刀	剪刀	knife	scissors	grasp	3127	0.894810878	0.906550706	0.914396348	0.918188182	0.919806624	0.921058939	0.922450541	0.020	0.478469785	0.894810878
am_0048_obj_004_剪刀	obj_004_剪刀	剪刀	knife	scissors	cut	1717	0.888554042	0.905838511	0.913955126	0.919179813	0.922459761	0.928019736	0.931188221	0.020	0.478469785	0.888554042
am_0049_obj_004_剪刀	obj_004_剪刀	剪刀	knife	scissors	grasp	3137	0.922183599	0.929194841	0.931627076	0.932594216	0.933144276	0.934108632	0.935378163	0.020	0.478469785	0.922183599
am_0049_obj_004_剪刀	obj_004_剪刀	剪刀	knife	scissors	cut	1723	0.830629583	0.866586065	0.891686532	0.909268456	0.920522344	0.929466910	0.931481934	0.020	0.478469785	0.830629583
am_0050_obj_004_剪刀	obj_004_剪刀	剪刀	knife	scissors	grasp	3147	0.848771338	0.871321318	0.892735860	0.914361187	0.929508543	0.940615386	0.943934362	0.020	0.478469785	0.848771338
am_0050_obj_004_剪刀	obj_004_剪刀	剪刀	knife	scissors	cut	1712	0.861339841	0.894219344	0.913795523	0.923562864	0.929552054	0.934217781	0.937022695	0.020	0.478469785	0.861339841
am_0051_obj_004_剪刀	obj_004_剪刀	剪刀	knife	scissors	grasp	3119	0.931299935	0.937540159	0.940242027	0.941027832	0.941687012	0.942749023	0.944165039	0.020	0.478469785	0.931299935
am_0051_obj_004_剪刀	obj_004_剪刀	剪刀	knife	scissors	cut	1749	0.805656070	0.836678433	0.860381299	0.883202604	0.901502127	0.921838380	0.929371298	0.020	0.478469785	0.805656070
am_0052_obj_004_剪刀	obj_004_剪刀	剪刀	knife	scissors	grasp	3119	0.912787817	0.929766662	0.937815956	0.941022660	0.941882324	0.942749023	0.944030762	0.020	0.478469785	0.912787817
am_0052_obj_004_剪刀	obj_004_剪刀	剪刀	knife	scissors	cut	1765	0.824835459	0.860108088	0.885270892	0.906365376	0.917799485	0.927251703	0.931391135	0.020	0.478469785	0.824835459
am_0053_obj_004_剪刀	obj_004_剪刀	剪刀	knife	scissors	grasp	3143	0.930392140	0.937766272	0.940301373	0.941541345	0.942321777	0.943212891	0.944335938	0.020	0.478469785	0.930392140
am_0053_obj_004_剪刀	obj_004_剪刀	剪刀	knife	scissors	cut	1752	0.766504745	0.794511529	0.823914004	0.849267293	0.870522458	0.894274206	0.912215877	0.020	0.478469785	0.766504745
am_0054_obj_004_剪刀	obj_004_剪刀	剪刀	knife	scissors	grasp	3156	0.935656496	0.939056329	0.940863549	0.941760254	0.942272949	0.943359375	0.944726562	0.020	0.478469785	0.935656496
am_0054_obj_004_剪刀	obj_004_剪刀	剪刀	knife	scissors	cut	1705	0.850174483	0.883330243	0.903535682	0.916006743	0.922838584	0.929009039	0.932365997	0.020	0.478469785	0.850174483
am_0055_obj_004_剪刀	obj_004_剪刀	剪刀	knife	scissors	grasp	3170	0.876747669	0.899684159	0.917946015	0.931945170	0.938582711	0.942941687	0.944641113	0.020	0.478469785	0.876747669
am_0055_obj_004_剪刀	obj_004_剪刀	剪刀	knife	scissors	cut	1726	0.908547524	0.920070564	0.924258929	0.925856109	0.927050781	0.929040527	0.930993652	0.020	0.478469785	0.908547524
am_0056_obj_004_剪刀	obj_004_剪刀	剪刀	knife	scissors	grasp	3115	0.922320323	0.932254040	0.936404245	0.939034131	0.940811953	0.942736816	0.944213867	0.020	0.478469785	0.922320323
am_0056_obj_004_剪刀	obj_004_剪刀	剪刀	knife	scissors	cut	1742	0.860636245	0.895808754	0.916337857	0.924550100	0.927563970	0.929443359	0.931530762	0.020	0.478469785	0.860636245
am_0057_obj_004_剪刀	obj_004_剪刀	剪刀	knife	scissors	grasp	3154	0.882372031	0.903690561	0.921330125	0.933709732	0.939569946	0.943021967	0.944458008	0.020	0.478469785	0.882372031
am_0057_obj_004_剪刀	obj_004_剪刀	剪刀	knife	scissors	cut	1699	0.770051504	0.809146733	0.841069987	0.868899076	0.894950472	0.920174568	0.929991508	0.020	0.478469785	0.770051504
am_0058_obj_004_剪刀	obj_004_剪刀	剪刀	knife	scissors	grasp	3161	0.928670280	0.934988949	0.937786026	0.939598913	0.940819686	0.942461469	0.943877485	0.020	0.478469785	0.928670280
am_0058_obj_004_剪刀	obj_004_剪刀	剪刀	knife	scissors	cut	1695	0.856200909	0.886166862	0.903597544	0.914066770	0.920270628	0.927820800	0.930625495	0.020	0.478469785	0.856200909
am_0059_obj_004_剪刀	obj_004_剪刀	剪刀	knife	scissors	grasp	3120	0.916793292	0.926916537	0.931252244	0.935493505	0.939350234	0.941935416	0.943827669	0.020	0.478469785	0.916793292
am_0059_obj_004_剪刀	obj_004_剪刀	剪刀	knife	scissors	cut	1732	0.799056996	0.846124423	0.880002054	0.899818029	0.913548388	0.927443376	0.931555176	0.020	0.478469785	0.799056996
am_0060_obj_004_剪刀	obj_004_剪刀	剪刀	knife	scissors	grasp	3122	0.863150052	0.888395591	0.910882417	0.924747911	0.932329992	0.940326794	0.943909589	0.020	0.478469785	0.863150052
am_0060_obj_004_剪刀	obj_004_剪刀	剪刀	knife	scissors	cut	1733	0.920272973	0.926984727	0.929106536	0.930476028	0.931705301	0.934989727	0.938411346	0.020	0.478469785	0.920272973
am_0061_obj_004_剪刀	obj_004_剪刀	剪刀	knife	scissors	grasp	3133	0.770027977	0.783144674	0.796738341	0.808009178	0.817360408	0.833903013	0.858553007	0.020	0.478469785	0.770027977
am_0061_obj_004_剪刀	obj_004_剪刀	剪刀	knife	scissors	cut	1724	0.696665362	0.729945996	0.753919977	0.775840710	0.792856933	0.823164331	0.854374985	0.020	0.478469785	0.696665362
am_0062_obj_004_剪刀	obj_004_剪刀	剪刀	knife	scissors	grasp	3164	0.897644026	0.917588976	0.930008917	0.936840764	0.940444686	0.943271798	0.944563701	0.020	0.478469785	0.897644026
am_0062_obj_004_剪刀	obj_004_剪刀	剪刀	knife	scissors	cut	1700	0.837405228	0.878625650	0.904312829	0.919715962	0.927649572	0.933845198	0.936907581	0.020	0.478469785	0.837405228
am_0063_obj_004_剪刀	obj_004_剪刀	剪刀	knife	scissors	grasp	3131	0.821941229	0.838719521	0.850246329	0.864617443	0.873141883	0.886353707	0.897428146	0.020	0.478469785	0.821941229
am_0063_obj_004_剪刀	obj_004_剪刀	剪刀	knife	scissors	cut	1742	0.751617490	0.783145400	0.815985026	0.843754171	0.865603180	0.901046925	0.916193553	0.020	0.478469785	0.751617490
am_0064_obj_005_勺子	obj_005_勺子	勺子	spoon	spoon	grasp	1610	0.885937339	0.900060817	0.911091866	0.917212165	0.919557378	0.921838379	0.923095703	0.020	0.478469785	0.885937339
am_0064_obj_005_勺子	obj_005_勺子	勺子	spoon	spoon	shovel	2486	0.933917445	0.939737134	0.942714210	0.944631899	0.946955849	0.952559989	0.960408990	0.020	0.478469785	0.933917445
am_0065_obj_005_勺子	obj_005_勺子	勺子	spoon	spoon	grasp	1593	0.856227486	0.869377711	0.882997155	0.899114393	0.911597475	0.921872625	0.923449707	0.020	0.478469785	0.856227486
am_0065_obj_005_勺子	obj_005_勺子	勺子	spoon	spoon	shovel	2503	0.914199379	0.923968018	0.928963487	0.931261512	0.932347046	0.933063442	0.933733863	0.020	0.478469785	0.914199379
am_0066_obj_005_勺子	obj_005_勺子	勺子	spoon	spoon	grasp	1579	0.895495396	0.907976554	0.915517676	0.919237461	0.920816834	0.921704102	0.922985840	0.020	0.478469785	0.895495396
am_0066_obj_005_勺子	obj_005_勺子	勺子	spoon	spoon	shovel	2517	0.932853090	0.933422396	0.933944757	0.934497134	0.935043645	0.936702896	0.939212314	0.020	0.478469785	0.932853090
am_0067_obj_005_勺子	obj_005_勺子	勺子	spoon	spoon	grasp	1612	0.875816922	0.890076155	0.904367517	0.914967919	0.919575099	0.922033691	0.923376465	0.020	0.478469785	0.875816922
am_0067_obj_005_勺子	obj_005_勺子	勺子	spoon	spoon	shovel	2484	0.938771644	0.944463419	0.947539637	0.949987248	0.952490707	0.958295918	0.965952253	0.020	0.478469785	0.938771644
am_0068_obj_005_勺子	obj_005_勺子	勺子	spoon	spoon	grasp	1541	0.876315184	0.892511434	0.904204429	0.914899711	0.918366155	0.921118164	0.922387695	0.020	0.478469785	0.876315184
am_0068_obj_005_勺子	obj_005_勺子	勺子	spoon	spoon	shovel	2555	0.930719551	0.931746096	0.932322803	0.932691150	0.932999362	0.933571381	0.934123996	0.020	0.478469785	0.930719551
am_0069_obj_005_勺子	obj_005_勺子	勺子	spoon	spoon	grasp	1572	0.873271697	0.885380483	0.899646787	0.912503876	0.919406819	0.921533203	0.922888184	0.020	0.478469785	0.873271697
am_0069_obj_005_勺子	obj_005_勺子	勺子	spoon	spoon	shovel	2524	0.934322439	0.938354362	0.940126447	0.941489446	0.942983011	0.946565747	0.953262842	0.020	0.478469785	0.934322439
am_0070_obj_005_勺子	obj_005_勺子	勺子	spoon	spoon	grasp	1605	0.891284318	0.902365187	0.913703370	0.918353648	0.919673496	0.921752930	0.923254395	0.020	0.478469785	0.891284318
am_0070_obj_005_勺子	obj_005_勺子	勺子	spoon	spoon	shovel	2491	0.934027539	0.935502014	0.936453156	0.937092358	0.937811094	0.940149097	0.942917989	0.020	0.478469785	0.934027539
am_0071_obj_005_勺子	obj_005_勺子	勺子	spoon	spoon	grasp	1581	0.859308756	0.872731394	0.893180172	0.910290639	0.918315627	0.921789808	0.923095703	0.020	0.478469785	0.859308756
am_0071_obj_005_勺子	obj_005_勺子	勺子	spoon	spoon	shovel	2515	0.931849699	0.938466424	0.940950623	0.942628609	0.944040365	0.947426847	0.952485173	0.020	0.478469785	0.931849699
am_0072_obj_005_勺子	obj_005_勺子	勺子	spoon	spoon	grasp	1642	0.875892776	0.889272874	0.903122787	0.913143266	0.919666587	0.922277832	0.923547363	0.020	0.478469785	0.875892776
am_0072_obj_005_勺子	obj_005_勺子	勺子	spoon	spoon	shovel	2454	0.921554229	0.930836450	0.937434084	0.939032033	0.940107239	0.942942341	0.946638895	0.020	0.478469785	0.921554229
am_0073_obj_005_勺子	obj_005_勺子	勺子	spoon	spoon	grasp	1615	0.853711782	0.868952324	0.884989471	0.902798809	0.914397281	0.921779036	0.923510742	0.020	0.478469785	0.853711782
am_0073_obj_005_勺子	obj_005_勺子	勺子	spoon	spoon	shovel	2481	0.938607842	0.948074194	0.954980325	0.958001816	0.959838233	0.964461706	0.968919847	0.020	0.478469785	0.938607842
am_0074_obj_005_勺子	obj_005_勺子	勺子	spoon	spoon	grasp	1588	0.859918377	0.872157421	0.884883910	0.896720280	0.907479389	0.920746994	0.923083496	0.020	0.478469785	0.859918377
am_0074_obj_005_勺子	obj_005_勺子	勺子	spoon	spoon	shovel	2508	0.941376119	0.946846845	0.950441014	0.953635644	0.956638654	0.962875392	0.968490557	0.020	0.478469785	0.941376119
am_0075_obj_005_勺子	obj_005_勺子	勺子	spoon	spoon	grasp	1622	0.889164207	0.902379124	0.912891940	0.918475390	0.920649774	0.922241211	0.923413086	0.020	0.478469785	0.889164207
am_0075_obj_005_勺子	obj_005_勺子	勺子	spoon	spoon	shovel	2474	0.933132881	0.935234720	0.936245354	0.937052887	0.937968907	0.940396237	0.944153463	0.020	0.478469785	0.933132881
am_0076_obj_005_勺子	obj_005_勺子	勺子	spoon	spoon	grasp	1573	0.859405895	0.873887052	0.889486325	0.903696210	0.915005951	0.921545410	0.922753906	0.020	0.478469785	0.859405895
am_0076_obj_005_勺子	obj_005_勺子	勺子	spoon	spoon	shovel	2523	0.922930943	0.932010159	0.941064014	0.947138776	0.949578568	0.953598239	0.960645706	0.020	0.478469785	0.922930943
am_0077_obj_005_勺子	obj_005_勺子	勺子	spoon	spoon	grasp	1604	0.881708699	0.895903306	0.906273009	0.912939531	0.916783752	0.921396476	0.923168945	0.020	0.478469785	0.881708699
am_0077_obj_005_勺子	obj_005_勺子	勺子	spoon	spoon	shovel	2492	0.931733662	0.934551218	0.935617621	0.936695205	0.937877650	0.941364846	0.946393760	0.020	0.478469785	0.931733662
am_0078_obj_005_勺子	obj_005_勺子	勺子	spoon	spoon	grasp	1563	0.870813447	0.885357333	0.898894733	0.909415268	0.917278651	0.921633355	0.923034668	0.020	0.478469785	0.870813447
am_0078_obj_005_勺子	obj_005_勺子	勺子	spoon	spoon	shovel	2533	0.932233850	0.934690852	0.936033249	0.937214475	0.938252842	0.940907043	0.944247301	0.020	0.478469785	0.932233850
am_0079_obj_005_勺子	obj_005_勺子	勺子	spoon	spoon	grasp	1563	0.898582705	0.908349258	0.915779202	0.918424154	0.919869520	0.921374512	0.922753906	0.020	0.478469785	0.898582705
am_0079_obj_005_勺子	obj_005_勺子	勺子	spoon	spoon	shovel	2533	0.931402034	0.932412282	0.932976886	0.933436047	0.933948606	0.935118748	0.936974853	0.020	0.478469785	0.931402034
am_0080_obj_006_勺子2	obj_006_勺子2	勺子2	spoon	spoon	grasp	2032	0.905323150	0.916524100	0.923315700	0.926091952	0.927221795	0.928637695	0.929602051	0.020	0.478469785	0.905323150
am_0080_obj_006_勺子2	obj_006_勺子2	勺子2	spoon	spoon	shovel	2050	0.920563985	0.924877554	0.925979398	0.926721191	0.927062988	0.927612305	0.928405762	0.020	0.478469785	0.920563985
am_0081_obj_006_勺子2	obj_006_勺子2	勺子2	spoon	spoon	grasp	1985	0.891158895	0.906332310	0.916052297	0.921751482	0.924901912	0.927626942	0.928930664	0.020	0.478469785	0.891158895
am_0081_obj_006_勺子2	obj_006_勺子2	勺子2	spoon	spoon	shovel	2095	0.917434977	0.924563821	0.926825868	0.927355957	0.927783203	0.928393555	0.929150391	0.020	0.478469785	0.917434977
am_0082_obj_006_勺子2	obj_006_勺子2	勺子2	spoon	spoon	grasp	1918	0.871984903	0.890451238	0.905179768	0.915787920	0.921754631	0.927004090	0.928369141	0.020	0.478469785	0.871984903
am_0082_obj_006_勺子2	obj_006_勺子2	勺子2	spoon	spoon	shovel	2164	0.925613823	0.927404785	0.927746582	0.928137207	0.928479004	0.929028320	0.929956055	0.020	0.478469785	0.925613823
am_0083_obj_006_勺子2	obj_006_勺子2	勺子2	spoon	spoon	grasp	1968	0.874652261	0.893184037	0.906654563	0.917152878	0.923839182	0.927746582	0.928808594	0.020	0.478469785	0.874652261
am_0083_obj_006_勺子2	obj_006_勺子2	勺子2	spoon	spoon	shovel	2113	0.920728854	0.925474599	0.927131747	0.927697754	0.927954102	0.928503418	0.929309082	0.020	0.478469785	0.920728854
am_0084_obj_006_勺子2	obj_006_勺子2	勺子2	spoon	spoon	grasp	1953	0.889022741	0.904708817	0.915365502	0.922996855	0.925310482	0.927398138	0.928564453	0.020	0.478469785	0.889022741
am_0084_obj_006_勺子2	obj_006_勺子2	勺子2	spoon	spoon	shovel	2127	0.914367532	0.922165986	0.925694695	0.927104922	0.927951017	0.928637695	0.929370117	0.020	0.478469785	0.914367532
am_0085_obj_006_勺子2	obj_006_勺子2	勺子2	spoon	spoon	grasp	1982	0.822205406	0.828814054	0.832957541	0.835150837	0.836645415	0.837936424	0.838932068	0.020	0.478469785	0.822205406
am_0085_obj_006_勺子2	obj_006_勺子2	勺子2	spoon	spoon	shovel	2099	0.919954485	0.924790085	0.926191241	0.927211591	0.927591531	0.928186035	0.928869629	0.020	0.478469785	0.919954485
am_0086_obj_006_勺子2	obj_006_勺子2	勺子2	spoon	spoon	grasp	1930	0.885654091	0.903535520	0.917184456	0.922976924	0.925192176	0.927103008	0.928332520	0.020	0.478469785	0.885654091
am_0086_obj_006_勺子2	obj_006_勺子2	勺子2	spoon	spoon	shovel	2146	0.921330158	0.926388976	0.927697658	0.928149414	0.928527832	0.929223633	0.929907227	0.020	0.478469785	0.921330158
am_0087_obj_006_勺子2	obj_006_勺子2	勺子2	spoon	spoon	grasp	1942	0.903476303	0.915286724	0.920751925	0.923798900	0.925606961	0.927409131	0.928369141	0.020	0.478469785	0.903476303
am_0087_obj_006_勺子2	obj_006_勺子2	勺子2	spoon	spoon	shovel	2136	0.919193827	0.924754665	0.926762297	0.927648052	0.928015137	0.928552246	0.929296875	0.020	0.478469785	0.919193827
am_0088_obj_006_勺子2	obj_006_勺子2	勺子2	spoon	spoon	grasp	1955	0.881154532	0.897642772	0.909980111	0.918572893	0.922891384	0.927089578	0.928694041	0.020	0.478469785	0.881154532
am_0088_obj_006_勺子2	obj_006_勺子2	勺子2	spoon	spoon	shovel	2131	0.923945988	0.926525770	0.927453685	0.927758789	0.928222656	0.928735352	0.929443359	0.020	0.478469785	0.923945988
am_0089_obj_006_勺子2	obj_006_勺子2	勺子2	spoon	spoon	grasp	1979	0.912972024	0.920879788	0.924041080	0.925757305	0.926749032	0.927783203	0.928735352	0.020	0.478469785	0.912972024
am_0089_obj_006_勺子2	obj_006_勺子2	勺子2	spoon	spoon	shovel	2108	0.909053034	0.918496805	0.923506364	0.925936805	0.927383874	0.928780265	0.929492187	0.020	0.478469785	0.909053034
am_0090_obj_006_勺子2	obj_006_勺子2	勺子2	spoon	spoon	grasp	1972	0.895116104	0.907839408	0.916032733	0.921807208	0.924547180	0.927404740	0.928881836	0.020	0.478469785	0.895116104
am_0090_obj_006_勺子2	obj_006_勺子2	勺子2	spoon	spoon	shovel	2098	0.922392620	0.925941413	0.926782227	0.927099609	0.927380371	0.927917480	0.928601074	0.020	0.478469785	0.922392620
am_0091_obj_006_勺子2	obj_006_勺子2	勺子2	spoon	spoon	grasp	1984	0.879987518	0.895065233	0.907594421	0.917745684	0.922757937	0.927347465	0.928710938	0.020	0.478469785	0.879987518
am_0091_obj_006_勺子2	obj_006_勺子2	勺子2	spoon	spoon	shovel	2103	0.922729678	0.925909359	0.926904297	0.927307129	0.927563477	0.928161621	0.928906250	0.020	0.478469785	0.922729678
am_0092_obj_006_勺子2	obj_006_勺子2	勺子2	spoon	spoon	grasp	1914	0.891755602	0.906051248	0.915150673	0.921580632	0.924272147	0.927159600	0.928271484	0.020	0.478469785	0.891755602
am_0092_obj_006_勺子2	obj_006_勺子2	勺子2	spoon	spoon	shovel	2169	0.922747899	0.926712228	0.927771468	0.928186035	0.928527832	0.929162598	0.929833984	0.020	0.478469785	0.922747899
am_0093_obj_006_勺子2	obj_006_勺子2	勺子2	spoon	spoon	grasp	2004	0.909488715	0.919679339	0.924443074	0.926305527	0.927310700	0.928283691	0.929467773	0.020	0.478469785	0.909488715
am_0093_obj_006_勺子2	obj_006_勺子2	勺子2	spoon	spoon	shovel	2078	0.923644696	0.926096631	0.926928711	0.927319336	0.927624512	0.928222656	0.928784180	0.020	0.478469785	0.923644696
am_0094_obj_006_勺子2	obj_006_勺子2	勺子2	spoon	spoon	grasp	1977	0.912096767	0.917623242	0.921240453	0.923492601	0.924602994	0.925903404	0.927087486	0.020	0.478469785	0.912096767
am_0094_obj_006_勺子2	obj_006_勺子2	勺子2	spoon	spoon	shovel	2108	0.923142868	0.926308785	0.927099609	0.927429199	0.927783203	0.928564453	0.929370117	0.020	0.478469785	0.923142868
am_0095_obj_006_勺子2	obj_006_勺子2	勺子2	spoon	spoon	grasp	1953	0.892651671	0.900460959	0.904666063	0.906440589	0.907759562	0.909019567	0.909910681	0.020	0.478469785	0.892651671
am_0095_obj_006_勺子2	obj_006_勺子2	勺子2	spoon	spoon	shovel	2129	0.920250867	0.925701823	0.926754469	0.927624512	0.928076172	0.928747559	0.929406738	0.020	0.478469785	0.920250867
am_0096_obj_007_勺子3	obj_007_勺子3	勺子3	spoon	spoon	grasp	1155	0.905473619	0.913023436	0.915212537	0.915612793	0.915881348	0.916589355	0.917175293	0.020	0.478469785	0.905473619
am_0096_obj_007_勺子3	obj_007_勺子3	勺子3	spoon	spoon	shovel	2299	0.943522178	0.948781051	0.956157913	0.965616501	0.973642681	0.980346680	0.980761719	0.020	0.478469785	0.943522178
am_0097_obj_007_勺子3	obj_007_勺子3	勺子3	spoon	spoon	grasp	1167	0.914855578	0.915283203	0.915563965	0.915905762	0.916198730	0.916955566	0.917443848	0.020	0.478469785	0.914855578
am_0097_obj_007_勺子3	obj_007_勺子3	勺子3	spoon	spoon	shovel	2313	0.928656919	0.928869629	0.929077148	0.929296875	0.929492187	0.929992676	0.930480957	0.020	0.478469785	0.928656919
am_0098_obj_007_勺子3	obj_007_勺子3	勺子3	spoon	spoon	grasp	1140	0.914322568	0.914916992	0.915258789	0.915600586	0.915869141	0.916357422	0.917102051	0.020	0.478469785	0.914322568
am_0098_obj_007_勺子3	obj_007_勺子3	勺子3	spoon	spoon	shovel	2343	0.918793558	0.924643190	0.927927117	0.929696487	0.930314350	0.930819993	0.931255794	0.020	0.478469785	0.918793558
am_0099_obj_007_勺子3	obj_007_勺子3	勺子3	spoon	spoon	grasp	1174	0.915017213	0.915466309	0.915686035	0.916003418	0.916284180	0.916723633	0.917272949	0.020	0.478469785	0.915017213
am_0099_obj_007_勺子3	obj_007_勺子3	勺子3	spoon	spoon	shovel	2342	0.928353543	0.929072901	0.929504395	0.929772949	0.929980469	0.930273438	0.930639648	0.020	0.478469785	0.928353543
am_0100_obj_007_勺子3	obj_007_勺子3	勺子3	spoon	spoon	grasp	1153	0.913495346	0.915004365	0.915417480	0.915673828	0.915881348	0.916503906	0.917028809	0.020	0.478469785	0.913495346
am_0100_obj_007_勺子3	obj_007_勺子3	勺子3	spoon	spoon	shovel	2306	0.930281613	0.931686562	0.932338906	0.932911143	0.933511691	0.934913257	0.936636861	0.020	0.478469785	0.930281613
am_0101_obj_007_勺子3	obj_007_勺子3	勺子3	spoon	spoon	grasp	1139	0.914432026	0.914929199	0.915295410	0.915722656	0.915966797	0.916589355	0.917114258	0.020	0.478469785	0.914432026
am_0101_obj_007_勺子3	obj_007_勺子3	勺子3	spoon	spoon	shovel	2330	0.963316700	0.969021801	0.972795306	0.974863415	0.976607870	0.979718401	0.980749512	0.020	0.478469785	0.963316700
am_0102_obj_007_勺子3	obj_007_勺子3	勺子3	spoon	spoon	grasp	1128	0.911598659	0.914244125	0.915148926	0.915515137	0.915710449	0.916418457	0.916943359	0.020	0.478469785	0.911598659
am_0102_obj_007_勺子3	obj_007_勺子3	勺子3	spoon	spoon	shovel	2336	0.927973749	0.930745317	0.931669508	0.932493337	0.933677712	0.937598395	0.945638500	0.020	0.478469785	0.927973749
am_0103_obj_007_勺子3	obj_007_勺子3	勺子3	spoon	spoon	grasp	1174	0.914863917	0.915222168	0.915441895	0.915844727	0.916137695	0.916845703	0.917395020	0.020	0.478469785	0.914863917
am_0103_obj_007_勺子3	obj_007_勺子3	勺子3	spoon	spoon	shovel	2313	0.928668402	0.928857422	0.929089355	0.929321289	0.929565430	0.930065918	0.930493164	0.020	0.478469785	0.928668402
am_0104_obj_007_勺子3	obj_007_勺子3	勺子3	spoon	spoon	grasp	1175	0.913026433	0.915278155	0.915600586	0.915905762	0.916223145	0.916784668	0.917407227	0.020	0.478469785	0.913026433
am_0104_obj_007_勺子3	obj_007_勺子3	勺子3	spoon	spoon	shovel	2273	0.947861643	0.951639445	0.956447160	0.962836694	0.969055373	0.976495320	0.979817101	0.020	0.478469785	0.947861643
am_0105_obj_007_勺子3	obj_007_勺子3	勺子3	spoon	spoon	grasp	1138	0.911716695	0.914835025	0.915185547	0.915478516	0.915759277	0.916320801	0.916882324	0.020	0.478469785	0.911716695
am_0105_obj_007_勺子3	obj_007_勺子3	勺子3	spoon	spoon	shovel	2337	0.929007241	0.929284668	0.929589844	0.929846191	0.929980469	0.930456543	0.930944824	0.020	0.478469785	0.929007241
am_0106_obj_007_勺子3	obj_007_勺子3	勺子3	spoon	spoon	grasp	1106	0.912174673	0.914208681	0.914758301	0.915039062	0.915356445	0.916040039	0.916540527	0.020	0.478469785	0.912174673
am_0106_obj_007_勺子3	obj_007_勺子3	勺子3	spoon	spoon	shovel	2373	0.929199887	0.929760742	0.930041504	0.930261230	0.930480957	0.930993652	0.931408691	0.020	0.478469785	0.929199887
am_0107_obj_007_勺子3	obj_007_勺子3	勺子3	spoon	spoon	grasp	1187	0.915102565	0.915502930	0.915881348	0.916162109	0.916369629	0.916918945	0.917529297	0.020	0.478469785	0.915102565
am_0107_obj_007_勺子3	obj_007_勺子3	勺子3	spoon	spoon	shovel	2275	0.924258390	0.928214076	0.928784180	0.928918457	0.929162598	0.929650879	0.930102539	0.020	0.478469785	0.924258390
am_0108_obj_007_勺子3	obj_007_勺子3	勺子3	spoon	spoon	grasp	1130	0.914393080	0.914770508	0.915136719	0.915466309	0.915808105	0.916394043	0.916979980	0.020	0.478469785	0.914393080
am_0108_obj_007_勺子3	obj_007_勺子3	勺子3	spoon	spoon	shovel	2332	0.923823448	0.926447061	0.928911657	0.929792933	0.929980469	0.930383301	0.930847168	0.020	0.478469785	0.923823448
am_0109_obj_007_勺子3	obj_007_勺子3	勺子3	spoon	spoon	grasp	1173	0.902446771	0.911873721	0.915504432	0.915917969	0.916186523	0.916638184	0.917163086	0.020	0.478469785	0.902446771
am_0109_obj_007_勺子3	obj_007_勺子3	勺子3	spoon	spoon	shovel	2302	0.929986226	0.931252869	0.931836527	0.932499783	0.933248881	0.935802535	0.942838144	0.020	0.478469785	0.929986226
am_0110_obj_007_勺子3	obj_007_勺子3	勺子3	spoon	spoon	grasp	1168	0.913444760	0.915132364	0.915588379	0.915869141	0.916174316	0.916687012	0.917395020	0.020	0.478469785	0.913444760
am_0110_obj_007_勺子3	obj_007_勺子3	勺子3	spoon	spoon	shovel	2299	0.928205151	0.928842491	0.929027778	0.929251167	0.929402977	0.929895415	0.930463053	0.020	0.478469785	0.928205151
am_0111_obj_007_勺子3	obj_007_勺子3	勺子3	spoon	spoon	grasp	1129	0.913654074	0.914685059	0.915051270	0.915417480	0.915637207	0.916271973	0.916906738	0.020	0.478469785	0.913654074
am_0111_obj_007_勺子3	obj_007_勺子3	勺子3	spoon	spoon	shovel	2320	0.931200431	0.933759326	0.934588046	0.935607737	0.936720700	0.940346321	0.947342553	0.020	0.478469785	0.931200431
am_0112_obj_008_医疗箱	obj_008_医疗箱	医疗箱	bag	bag	grasp	217	0.412656601	0.441967767	0.467209178	0.485648881	0.497549566	0.516907092	0.532468986	0.020	0.478469785	0.412656601
am_0112_obj_008_医疗箱	obj_008_医疗箱	医疗箱	bag	bag	contain	2806	0.694356263	0.729424377	0.758181989	0.782248282	0.806809727	0.845482933	0.873859012	0.020	0.478469785	0.694356263
am_0112_obj_008_医疗箱	obj_008_医疗箱	医疗箱	bag	bag	open	163	0.367663468	0.419023531	0.469413226	0.509493458	0.566269758	0.655674268	0.728474141	0.020	0.478469785	0.367663468
am_0113_obj_008_医疗箱	obj_008_医疗箱	医疗箱	bag	bag	grasp	208	0.438543440	0.501981746	0.542081021	0.570625649	0.592556586	0.629173635	0.647792023	0.020	0.478469785	0.438543440
am_0113_obj_008_医疗箱	obj_008_医疗箱	医疗箱	bag	bag	contain	2818	0.782636670	0.822150677	0.852151015	0.873871969	0.891043223	0.915442610	0.928225977	0.020	0.478469785	0.782636670
am_0113_obj_008_医疗箱	obj_008_医疗箱	医疗箱	bag	bag	open	184	0.354211211	0.389675949	0.434126669	0.459091241	0.488379821	0.548933498	0.608412117	0.020	0.478469785	0.354211211
am_0114_obj_008_医疗箱	obj_008_医疗箱	医疗箱	bag	bag	grasp	212	0.511925664	0.581838683	0.629155475	0.646742664	0.662733909	0.680254384	0.707386022	0.020	0.478469785	0.511925664
am_0114_obj_008_医疗箱	obj_008_医疗箱	医疗箱	bag	bag	contain	2853	0.742153847	0.775426961	0.807655007	0.831119196	0.853160525	0.881185287	0.901136814	0.020	0.478469785	0.742153847
am_0114_obj_008_医疗箱	obj_008_医疗箱	医疗箱	bag	bag	open	167	0.272207877	0.296203112	0.314313271	0.343664803	0.371492537	0.424909348	0.474124973	0.020	0.478469785	0.272207877
am_0115_obj_008_医疗箱	obj_008_医疗箱	医疗箱	bag	bag	grasp	212	0.364090596	0.412922197	0.457428797	0.484628179	0.511797035	0.530102588	0.550410213	0.020	0.478469785	0.364090596
am_0115_obj_008_医疗箱	obj_008_医疗箱	医疗箱	bag	bag	contain	2866	0.770084345	0.804219453	0.828616712	0.846818294	0.862401890	0.889786132	0.909647009	0.020	0.478469785	0.770084345
am_0115_obj_008_医疗箱	obj_008_医疗箱	医疗箱	bag	bag	open	170	0.382685963	0.441481092	0.470861876	0.513662577	0.569860739	0.648271946	0.738268227	0.020	0.478469785	0.382685963
am_0116_obj_008_医疗箱	obj_008_医疗箱	医疗箱	bag	bag	grasp	192	0.382382315	0.445867599	0.486361479	0.520163166	0.537450346	0.578340298	0.603191760	0.020	0.478469785	0.382382315
am_0116_obj_008_医疗箱	obj_008_医疗箱	医疗箱	bag	bag	contain	2859	0.729510210	0.773656291	0.808856049	0.831865469	0.850471650	0.882595518	0.905537821	0.020	0.478469785	0.729510210
am_0116_obj_008_医疗箱	obj_008_医疗箱	医疗箱	bag	bag	open	167	0.340972384	0.384168708	0.414281257	0.447444906	0.484363203	0.545419931	0.592643647	0.020	0.478469785	0.340972384
am_0117_obj_008_医疗箱	obj_008_医疗箱	医疗箱	bag	bag	grasp	199	0.473669414	0.556775823	0.591452599	0.617570561	0.627241418	0.641560552	0.656466405	0.020	0.478469785	0.473669414
am_0117_obj_008_医疗箱	obj_008_医疗箱	医疗箱	bag	bag	contain	2808	0.714182374	0.754733679	0.786292245	0.811900739	0.836927755	0.871466381	0.898515189	0.020	0.478469785	0.714182374
am_0117_obj_008_医疗箱	obj_008_医疗箱	医疗箱	bag	bag	open	167	0.427800319	0.473196218	0.512039248	0.544725628	0.589577501	0.641613468	0.682259032	0.020	0.478469785	0.427800319
am_0118_obj_008_医疗箱	obj_008_医疗箱	医疗箱	bag	bag	grasp	213	0.343004043	0.381411943	0.424314321	0.453052634	0.475515910	0.503704815	0.524307369	0.020	0.478469785	0.343004043
am_0118_obj_008_医疗箱	obj_008_医疗箱	医疗箱	bag	bag	contain	2848	0.680330837	0.724237196	0.763543999	0.793911663	0.820098428	0.861710006	0.894213619	0.020	0.478469785	0.680330837
am_0118_obj_008_医疗箱	obj_008_医疗箱	医疗箱	bag	bag	open	166	0.229062916	0.261500451	0.288431935	0.311991498	0.349803737	0.427821042	0.480286885	0.020	0.478469785	0.229062916
am_0119_obj_008_医疗箱	obj_008_医疗箱	医疗箱	bag	bag	grasp	208	0.407414015	0.453986838	0.499463504	0.521971543	0.542728108	0.578331537	0.614948130	0.020	0.478469785	0.407414015
am_0119_obj_008_医疗箱	obj_008_医疗箱	医疗箱	bag	bag	contain	2854	0.709478058	0.760513148	0.795836789	0.824111659	0.848494123	0.880511201	0.902987411	0.020	0.478469785	0.709478058
am_0119_obj_008_医疗箱	obj_008_医疗箱	医疗箱	bag	bag	open	167	0.297492343	0.324216410	0.351274537	0.386343752	0.418938563	0.473508322	0.523243747	0.020	0.478469785	0.297492343
am_0120_obj_008_医疗箱	obj_008_医疗箱	医疗箱	bag	bag	grasp	208	0.579309742	0.653909989	0.721542825	0.760024481	0.776989962	0.798605192	0.814194427	0.020	0.478469785	0.579309742
am_0120_obj_008_医疗箱	obj_008_医疗箱	医疗箱	bag	bag	contain	2871	0.780285115	0.819864392	0.844753051	0.865957761	0.882243860	0.908319999	0.925275852	0.020	0.478469785	0.780285115
am_0120_obj_008_医疗箱	obj_008_医疗箱	医疗箱	bag	bag	open	172	0.338568686	0.375048022	0.400657091	0.435869939	0.469558732	0.545106925	0.606396021	0.020	0.478469785	0.338568686
am_0121_obj_008_医疗箱	obj_008_医疗箱	医疗箱	bag	bag	grasp	213	0.483768837	0.551375100	0.587247520	0.611517379	0.626418228	0.664660150	0.699394182	0.020	0.478469785	0.483768837
am_0121_obj_008_医疗箱	obj_008_医疗箱	医疗箱	bag	bag	contain	2852	0.719092745	0.755860949	0.787614351	0.814936652	0.840063089	0.877053942	0.901726885	0.020	0.478469785	0.719092745
am_0121_obj_008_医疗箱	obj_008_医疗箱	医疗箱	bag	bag	open	174	0.205598827	0.217674705	0.233495160	0.240693569	0.245363083	0.256240252	0.269072237	0.020	0.478469785	0.205598827
am_0122_obj_008_医疗箱	obj_008_医疗箱	医疗箱	bag	bag	grasp	217	0.475592350	0.549247109	0.613754234	0.640139876	0.669324158	0.692686748	0.716207609	0.020	0.478469785	0.475592350
am_0122_obj_008_医疗箱	obj_008_医疗箱	医疗箱	bag	bag	contain	2825	0.782874678	0.818376333	0.845473289	0.865205830	0.881562759	0.903545698	0.918860280	0.020	0.478469785	0.782874678
am_0122_obj_008_医疗箱	obj_008_医疗箱	医疗箱	bag	bag	open	163	0.242748528	0.266939521	0.280704039	0.316234425	0.350224324	0.414391441	0.471669409	0.020	0.478469785	0.242748528
am_0123_obj_008_医疗箱	obj_008_医疗箱	医疗箱	bag	bag	grasp	226	0.507390842	0.567149009	0.623692211	0.640292645	0.658482430	0.679695945	0.704941678	0.020	0.478469785	0.507390842
am_0123_obj_008_医疗箱	obj_008_医疗箱	医疗箱	bag	bag	contain	2772	0.742704151	0.787730958	0.820912097	0.848849195	0.868829820	0.897361421	0.915816742	0.020	0.478469785	0.742704151
am_0123_obj_008_医疗箱	obj_008_医疗箱	医疗箱	bag	bag	open	157	0.232864049	0.256163191	0.279475229	0.299735273	0.326091926	0.374963447	0.425279648	0.020	0.478469785	0.232864049
am_0124_obj_008_医疗箱	obj_008_医疗箱	医疗箱	bag	bag	grasp	209	0.546731101	0.613683839	0.670323575	0.691694910	0.714529677	0.747694672	0.773086803	0.020	0.478469785	0.546731101
am_0124_obj_008_医疗箱	obj_008_医疗箱	医疗箱	bag	bag	contain	2857	0.763290823	0.807807741	0.837294898	0.859651307	0.881489902	0.906358142	0.924773552	0.020	0.478469785	0.763290823
am_0124_obj_008_医疗箱	obj_008_医疗箱	医疗箱	bag	bag	open	158	0.319163750	0.344436097	0.383092115	0.416637387	0.457356505	0.514979223	0.563242512	0.020	0.478469785	0.319163750
am_0125_obj_008_医疗箱	obj_008_医疗箱	医疗箱	bag	bag	grasp	217	0.343969562	0.388629380	0.417903834	0.435227155	0.449721551	0.469401697	0.478107757	0.020	0.478469785	0.343969562
am_0125_obj_008_医疗箱	obj_008_医疗箱	医疗箱	bag	bag	contain	2825	0.681134712	0.716343904	0.750776244	0.782696841	0.808812475	0.852775601	0.882740446	0.020	0.478469785	0.681134712
am_0125_obj_008_医疗箱	obj_008_医疗箱	医疗箱	bag	bag	open	164	0.167023788	0.179234823	0.186417992	0.192614959	0.200558969	0.216471430	0.234093105	0.020	0.478469785	0.167023788
am_0126_obj_008_医疗箱	obj_008_医疗箱	医疗箱	bag	bag	grasp	221	0.176704097	0.197843556	0.214791054	0.223992271	0.232791005	0.245707136	0.255919477	0.020	0.478469785	0.176704097
am_0126_obj_008_医疗箱	obj_008_医疗箱	医疗箱	bag	bag	contain	2913	0.508234474	0.546903775	0.582855323	0.614157974	0.648214404	0.710905908	0.764855888	0.020	0.478469785	0.508234474
am_0126_obj_008_医疗箱	obj_008_医疗箱	医疗箱	bag	bag	open	157	0.100016677	0.117488525	0.134950237	0.157261409	0.176522596	0.221534697	0.272213980	0.020	0.478469785	0.100016677
am_0127_obj_008_医疗箱	obj_008_医疗箱	医疗箱	bag	bag	grasp	220	0.164686253	0.182560155	0.196046554	0.205928263	0.211518678	0.220655927	0.229917412	0.020	0.478469785	0.164686253
am_0127_obj_008_医疗箱	obj_008_医疗箱	医疗箱	bag	bag	contain	2834	0.505870674	0.552432235	0.595782398	0.630475846	0.663135017	0.730923280	0.779785541	0.020	0.478469785	0.505870674
am_0127_obj_008_医疗箱	obj_008_医疗箱	医疗箱	bag	bag	open	164	0.044812550	0.049152091	0.053376303	0.058427365	0.062321748	0.070000867	0.093312454	0.020	0.478469785	0.044812550
am_0128_obj_009_叉子	obj_009_叉子	叉子	fork	fork	grasp	1792	0.918971480	0.923310078	0.924389648	0.924963379	0.925585937	0.926599121	0.927685547	0.020	0.478469785	0.918971480
am_0128_obj_009_叉子	obj_009_叉子	叉子	fork	fork	insert	1366	0.916953543	0.917297363	0.917480469	0.917602539	0.917749023	0.918078613	0.918615723	0.020	0.478469785	0.916953543
am_0129_obj_009_叉子	obj_009_叉子	叉子	fork	fork	grasp	1798	0.913484234	0.922145921	0.924357226	0.925048828	0.925561523	0.926379395	0.927197266	0.020	0.478469785	0.913484234
am_0129_obj_009_叉子	obj_009_叉子	叉子	fork	fork	insert	1421	0.916535720	0.917851895	0.918127441	0.918237305	0.918347168	0.918750000	0.919091797	0.020	0.478469785	0.916535720
am_0130_obj_009_叉子	obj_009_叉子	叉子	fork	fork	grasp	1758	0.919042290	0.922557443	0.923596191	0.924230957	0.924841309	0.925744629	0.926708984	0.020	0.478469785	0.919042290
am_0130_obj_009_叉子	obj_009_叉子	叉子	fork	fork	insert	1434	0.916077519	0.917917578	0.918164063	0.918298340	0.918395996	0.918884277	0.919311523	0.020	0.478469785	0.916077519
am_0131_obj_009_叉子	obj_009_叉子	叉子	fork	fork	grasp	1784	0.921057794	0.923713240	0.924328613	0.924902344	0.925476074	0.926342773	0.927282715	0.020	0.478469785	0.921057794
am_0131_obj_009_叉子	obj_009_叉子	叉子	fork	fork	insert	1406	0.913352883	0.915932995	0.917421567	0.917993164	0.918151855	0.918395996	0.918847656	0.020	0.478469785	0.913352883
am_0132_obj_009_叉子	obj_009_叉子	叉子	fork	fork	grasp	1775	0.921603152	0.923408515	0.924133301	0.924743652	0.925280762	0.926208496	0.927368164	0.020	0.478469785	0.921603152
am_0132_obj_009_叉子	obj_009_叉子	叉子	fork	fork	insert	1414	0.916900739	0.917680248	0.917895508	0.918017578	0.918212891	0.918518066	0.918847656	0.020	0.478469785	0.916900739
am_0133_obj_009_叉子	obj_009_叉子	叉子	fork	fork	grasp	1784	0.922983021	0.923608398	0.924243164	0.924853516	0.925488281	0.926770020	0.927612305	0.020	0.478469785	0.922983021
am_0133_obj_009_叉子	obj_009_叉子	叉子	fork	fork	insert	1400	0.912807422	0.916665751	0.917812363	0.917968750	0.918090820	0.918444824	0.918835449	0.020	0.478469785	0.912807422
am_0134_obj_009_叉子	obj_009_叉子	叉子	fork	fork	grasp	1786	0.911199054	0.919738773	0.923642332	0.924511719	0.925134277	0.926184082	0.926965332	0.020	0.478469785	0.911199054
am_0134_obj_009_叉子	obj_009_叉子	叉子	fork	fork	insert	1396	0.914244669	0.917025069	0.917663574	0.917749023	0.917956543	0.918310547	0.918701172	0.020	0.478469785	0.914244669
am_0135_obj_009_叉子	obj_009_叉子	叉子	fork	fork	grasp	1816	0.919953999	0.923462913	0.924823359	0.925366211	0.925976563	0.927038574	0.927978516	0.020	0.478469785	0.919953999
am_0135_obj_009_叉子	obj_009_叉子	叉子	fork	fork	insert	1359	0.914718277	0.916207438	0.917035572	0.917475319	0.917687988	0.918066406	0.918518066	0.020	0.478469785	0.914718277
am_0136_obj_009_叉子	obj_009_叉子	叉子	fork	fork	grasp	1739	0.898666718	0.915901758	0.922041889	0.924222982	0.925024414	0.926123047	0.926855469	0.020	0.478469785	0.898666718
am_0136_obj_009_叉子	obj_009_叉子	叉子	fork	fork	insert	1421	0.916294101	0.917652702	0.917944336	0.918078613	0.918298340	0.918786621	0.919152832	0.020	0.478469785	0.916294101
am_0137_obj_009_叉子	obj_009_叉子	叉子	fork	fork	grasp	1848	0.921131954	0.924038608	0.924694824	0.925256348	0.925842285	0.927001953	0.927758789	0.020	0.478469785	0.921131954
am_0137_obj_009_叉子	obj_009_叉子	叉子	fork	fork	insert	1351	0.910593855	0.914545902	0.916808223	0.917285156	0.917492676	0.917871094	0.918273926	0.020	0.478469785	0.910593855
am_0138_obj_009_叉子	obj_009_叉子	叉子	fork	fork	grasp	1840	0.919414695	0.923262850	0.924694824	0.925305176	0.925976563	0.926806641	0.927600098	0.020	0.478469785	0.919414695
am_0138_obj_009_叉子	obj_009_叉子	叉子	fork	fork	insert	1378	0.916447307	0.917285156	0.917431641	0.917541504	0.917687988	0.918066406	0.918457031	0.020	0.478469785	0.916447307
am_0139_obj_009_叉子	obj_009_叉子	叉子	fork	fork	grasp	1785	0.828292636	0.830123326	0.830780413	0.831366350	0.831964495	0.832977678	0.833844378	0.020	0.478469785	0.828292636
am_0139_obj_009_叉子	obj_009_叉子	叉子	fork	fork	insert	1375	0.856582848	0.874823985	0.887816017	0.898151354	0.905379968	0.913194127	0.917457996	0.020	0.478469785	0.856582848
am_0140_obj_009_叉子	obj_009_叉子	叉子	fork	fork	grasp	1806	0.902420248	0.917536450	0.923281757	0.924707031	0.925366211	0.926196289	0.927136230	0.020	0.478469785	0.902420248
am_0140_obj_009_叉子	obj_009_叉子	叉子	fork	fork	insert	1402	0.915574417	0.917523290	0.917785645	0.917968750	0.918164063	0.918530273	0.919079590	0.020	0.478469785	0.915574417
am_0141_obj_009_叉子	obj_009_叉子	叉子	fork	fork	grasp	1754	0.874018821	0.880730446	0.882237077	0.882884049	0.883469987	0.884544206	0.885630631	0.020	0.478469785	0.874018821
am_0141_obj_009_叉子	obj_009_叉子	叉子	fork	fork	insert	1448	0.886407530	0.899833229	0.907848451	0.913859971	0.916808188	0.918959390	0.919384766	0.020	0.478469785	0.886407530
am_0142_obj_009_叉子	obj_009_叉子	叉子	fork	fork	grasp	1788	0.919015447	0.923248578	0.924487305	0.924963379	0.925512695	0.926635742	0.927429199	0.020	0.478469785	0.919015447
am_0142_obj_009_叉子	obj_009_叉子	叉子	fork	fork	insert	1387	0.915146035	0.917033237	0.917456055	0.917687988	0.917871094	0.918286133	0.918652344	0.020	0.478469785	0.915146035
am_0143_obj_009_叉子	obj_009_叉子	叉子	fork	fork	grasp	1823	0.922333938	0.923862249	0.924450684	0.924975586	0.925573730	0.926672363	0.927685547	0.020	0.478469785	0.922333938
am_0143_obj_009_叉子	obj_009_叉子	叉子	fork	fork	insert	1322	0.913678917	0.916298476	0.916845703	0.917065430	0.917260742	0.917687988	0.918078613	0.020	0.478469785	0.913678917
am_0144_obj_010_开关	obj_010_开关	开关	button	switch	press	750	0.364612536	0.388551865	0.410956980	0.430264461	0.446162829	0.479565413	0.505017960	0.020	0.478469785	0.364612536
am_0145_obj_010_开关	obj_010_开关	开关	button	switch	press	729	0.447106996	0.483825599	0.510919997	0.535938709	0.558469757	0.597105348	0.632379117	0.020	0.478469785	0.447106996
am_0146_obj_010_开关	obj_010_开关	开关	button	switch	press	742	0.429639732	0.457603205	0.483427619	0.504929879	0.521993820	0.556797976	0.582473649	0.020	0.478469785	0.429639732
am_0147_obj_010_开关	obj_010_开关	开关	button	switch	press	741	0.487700426	0.531251447	0.563687149	0.589817254	0.608818116	0.644984278	0.671422700	0.020	0.478469785	0.487700426
am_0148_obj_010_开关	obj_010_开关	开关	button	switch	press	752	0.143794715	0.154486121	0.162345523	0.169032286	0.175253395	0.191947393	0.210275128	0.020	0.478469785	0.143794715
am_0149_obj_010_开关	obj_010_开关	开关	button	switch	press	764	0.647593647	0.700538826	0.732414261	0.756355414	0.773484656	0.808267642	0.829816016	0.020	0.478469785	0.647593647
am_0150_obj_010_开关	obj_010_开关	开关	button	switch	press	766	0.646448883	0.683310845	0.715272846	0.743733969	0.765255272	0.801645914	0.828664241	0.020	0.478469785	0.646448883
am_0151_obj_010_开关	obj_010_开关	开关	button	switch	press	734	0.127056251	0.135454938	0.140737462	0.146588006	0.151344035	0.161572995	0.172302881	0.020	0.478469785	0.127056251
am_0152_obj_010_开关	obj_010_开关	开关	button	switch	press	758	0.580280838	0.628911288	0.671357396	0.702243787	0.730991700	0.763060369	0.784607083	0.020	0.478469785	0.580280838
am_0153_obj_010_开关	obj_010_开关	开关	button	switch	press	768	0.536256799	0.574329952	0.606685101	0.631000726	0.648523222	0.677250800	0.705058120	0.020	0.478469785	0.536256799
am_0154_obj_010_开关	obj_010_开关	开关	button	switch	press	739	0.559172288	0.597102130	0.635014368	0.664981572	0.695829555	0.742099165	0.770349470	0.020	0.478469785	0.559172288
am_0155_obj_010_开关	obj_010_开关	开关	button	switch	press	765	0.165466549	0.177018332	0.188249632	0.197327588	0.207371246	0.226404787	0.245301946	0.020	0.478469785	0.165466549
am_0156_obj_010_开关	obj_010_开关	开关	button	switch	press	762	0.232617031	0.249004555	0.259747692	0.271984181	0.284059948	0.310692564	0.337371528	0.020	0.478469785	0.232617031
am_0157_obj_010_开关	obj_010_开关	开关	button	switch	press	786	0.355074678	0.379186032	0.404603116	0.429581141	0.448255447	0.482176067	0.505788289	0.020	0.478469785	0.355074678
am_0158_obj_010_开关	obj_010_开关	开关	button	switch	press	759	0.101058892	0.107460814	0.111682994	0.116485767	0.120759066	0.130022014	0.143410492	0.020	0.478469785	0.101058892
am_0159_obj_010_开关	obj_010_开关	开关	button	switch	press	731	0.484943187	0.523140335	0.553195440	0.581813745	0.603832303	0.648983033	0.679827143	0.020	0.478469785	0.484943187
am_0160_obj_011_托盘	obj_011_托盘	托盘	plate	plate	grasp	1211	0.749702905	0.808925619	0.846705847	0.870894215	0.890727246	0.912575673	0.923752728	0.020	0.478469785	0.749702905
am_0160_obj_011_托盘	obj_011_托盘	托盘	plate	plate	place	2674	0.866000327	0.894630771	0.914020142	0.924707077	0.932824079	0.942254707	0.946880681	0.020	0.478469785	0.866000327
am_0161_obj_011_托盘	obj_011_托盘	托盘	plate	plate	grasp	1259	0.765831055	0.812680190	0.853048324	0.884070803	0.900855874	0.920938548	0.931402351	0.020	0.478469785	0.765831055
am_0161_obj_011_托盘	obj_011_托盘	托盘	plate	plate	place	2627	0.818620016	0.860376465	0.887827468	0.909868313	0.922734697	0.936707581	0.944382086	0.020	0.478469785	0.818620016
am_0162_obj_011_托盘	obj_011_托盘	托盘	plate	plate	grasp	1294	0.743181792	0.790593373	0.830022544	0.856718324	0.879616613	0.908346930	0.925495181	0.020	0.478469785	0.743181792
am_0162_obj_011_托盘	obj_011_托盘	托盘	plate	plate	place	2600	0.847331240	0.873203441	0.895542439	0.914339061	0.925481146	0.939165698	0.945780684	0.020	0.478469785	0.847331240
am_0163_obj_011_托盘	obj_011_托盘	托盘	plate	plate	grasp	1240	0.694764561	0.746180488	0.789684361	0.825766449	0.852178255	0.886176011	0.907601398	0.020	0.478469785	0.694764561
am_0163_obj_011_托盘	obj_011_托盘	托盘	plate	plate	place	2641	0.823890285	0.856710049	0.878492190	0.897985717	0.912020812	0.932501982	0.943382856	0.020	0.478469785	0.823890285
am_0164_obj_011_托盘	obj_011_托盘	托盘	plate	plate	grasp	1245	0.710684886	0.764972808	0.800634807	0.833007938	0.857475433	0.892736567	0.914043381	0.020	0.478469785	0.710684886
am_0164_obj_011_托盘	obj_011_托盘	托盘	plate	plate	place	2644	0.836948263	0.866599066	0.890457063	0.909573905	0.922591108	0.937131722	0.944104464	0.020	0.478469785	0.836948263
am_0165_obj_011_托盘	obj_011_托盘	托盘	plate	plate	grasp	1246	0.784000917	0.830286857	0.863417011	0.885198502	0.898387061	0.918795611	0.928925597	0.020	0.478469785	0.784000917
am_0165_obj_011_托盘	obj_011_托盘	托盘	plate	plate	place	2649	0.858047730	0.892812757	0.911761792	0.923425499	0.930691664	0.940309350	0.945968726	0.020	0.478469785	0.858047730
am_0166_obj_011_托盘	obj_011_托盘	托盘	plate	plate	grasp	1271	0.644062839	0.690089894	0.727136232	0.761421627	0.789088218	0.835638775	0.869994688	0.020	0.478469785	0.644062839
am_0166_obj_011_托盘	obj_011_托盘	托盘	plate	plate	place	2621	0.790288480	0.828341794	0.855525958	0.879424878	0.898691061	0.925517611	0.938866870	0.020	0.478469785	0.790288480
am_0167_obj_011_托盘	obj_011_托盘	托盘	plate	plate	grasp	1245	0.571816948	0.609350688	0.645453726	0.673846884	0.703354078	0.748192979	0.783485136	0.020	0.478469785	0.571816948
am_0167_obj_011_托盘	obj_011_托盘	托盘	plate	plate	place	2629	0.771265742	0.807259174	0.836409028	0.859766612	0.880448863	0.909603266	0.927110567	0.020	0.478469785	0.771265742
am_0168_obj_011_托盘	obj_011_托盘	托盘	plate	plate	grasp	1223	0.721878727	0.783639620	0.820408032	0.853839739	0.880105522	0.910476305	0.926048640	0.020	0.478469785	0.721878727
am_0168_obj_011_托盘	obj_011_托盘	托盘	plate	plate	place	2633	0.839725174	0.873799170	0.895769099	0.912335008	0.923021067	0.938262654	0.945110900	0.020	0.478469785	0.839725174
am_0169_obj_011_托盘	obj_011_托盘	托盘	plate	plate	grasp	1254	0.731775531	0.779123295	0.816927052	0.843809234	0.866073295	0.894423526	0.910535956	0.020	0.478469785	0.731775531
am_0169_obj_011_托盘	obj_011_托盘	托盘	plate	plate	place	2611	0.853984177	0.884836569	0.905124152	0.919114691	0.928707051	0.940994971	0.946416982	0.020	0.478469785	0.853984177
am_0170_obj_011_托盘	obj_011_托盘	托盘	plate	plate	grasp	1221	0.753323059	0.801137536	0.837714446	0.866688758	0.884810320	0.913148516	0.928368990	0.020	0.478469785	0.753323059
am_0170_obj_011_托盘	obj_011_托盘	托盘	plate	plate	place	2627	0.840313981	0.875435184	0.898034948	0.914806069	0.925984419	0.938860172	0.945718886	0.020	0.478469785	0.840313981
am_0171_obj_011_托盘	obj_011_托盘	托盘	plate	plate	grasp	1239	0.738109682	0.790039876	0.834540102	0.867569188	0.886064672	0.913806845	0.927730963	0.020	0.478469785	0.738109682
am_0171_obj_011_托盘	obj_011_托盘	托盘	plate	plate	place	2635	0.813451009	0.850985579	0.875859664	0.899749688	0.913583218	0.931764280	0.942615954	0.020	0.478469785	0.813451009
am_0172_obj_011_托盘	obj_011_托盘	托盘	plate	plate	grasp	1211	0.728785711	0.775966800	0.811761195	0.843042545	0.869052573	0.901371444	0.921620890	0.020	0.478469785	0.728785711
am_0172_obj_011_托盘	obj_011_托盘	托盘	plate	plate	place	2675	0.814698151	0.851523081	0.879503848	0.899999762	0.913563731	0.930817604	0.942012247	0.020	0.478469785	0.814698151
am_0173_obj_011_托盘	obj_011_托盘	托盘	plate	plate	grasp	1290	0.761516050	0.807839028	0.847166934	0.872854456	0.891593805	0.916474996	0.926584241	0.020	0.478469785	0.761516050
am_0173_obj_011_托盘	obj_011_托盘	托盘	plate	plate	place	2575	0.852988999	0.886358504	0.908387236	0.922978501	0.932079269	0.941184580	0.946424046	0.020	0.478469785	0.852988999
am_0174_obj_011_托盘	obj_011_托盘	托盘	plate	plate	grasp	1234	0.737278619	0.786099446	0.822563452	0.854559812	0.879792697	0.908630706	0.925554034	0.020	0.478469785	0.737278619
am_0174_obj_011_托盘	obj_011_托盘	托盘	plate	plate	place	2656	0.832791527	0.865609212	0.891296157	0.909111913	0.922009687	0.936932377	0.945316057	0.020	0.478469785	0.832791527
am_0175_obj_011_托盘	obj_011_托盘	托盘	plate	plate	grasp	1250	0.693586341	0.744551583	0.787930825	0.818883438	0.838631754	0.875242972	0.901350150	0.020	0.478469785	0.693586341
am_0175_obj_011_托盘	obj_011_托盘	托盘	plate	plate	place	2645	0.815072907	0.850994090	0.879409886	0.899719317	0.915023047	0.934301495	0.943902102	0.020	0.478469785	0.815072907
am_0176_obj_012_抹布	obj_012_抹布	抹布	cleaning	cleaning	grasp	4096	0.922300707	0.926310447	0.929730727	0.932227152	0.934628045	0.938545602	0.941984039	0.020	0.478469785	0.922300707
am_0176_obj_012_抹布	obj_012_抹布	抹布	cleaning	cleaning	drag	4096	0.949728529	0.949925669	0.949987596	0.950000000	0.950000000	0.950000000	0.950000000	0.020	0.478469785	0.949728529
am_0177_obj_012_抹布	obj_012_抹布	抹布	cleaning	cleaning	grasp	4096	0.882855875	0.893127788	0.902164959	0.910503635	0.917311659	0.929722351	0.939235873	0.020	0.478469785	0.882855875
am_0177_obj_012_抹布	obj_012_抹布	抹布	cleaning	cleaning	drag	4096	0.936769641	0.941854382	0.945662030	0.948144136	0.949658998	0.950000000	0.950000000	0.020	0.478469785	0.936769641
am_0178_obj_012_抹布	obj_012_抹布	抹布	cleaning	cleaning	grasp	4096	0.895100189	0.902916212	0.910331488	0.916591266	0.921530718	0.930769815	0.937430429	0.020	0.478469785	0.895100189
am_0178_obj_012_抹布	obj_012_抹布	抹布	cleaning	cleaning	drag	4096	0.949150011	0.949727307	0.949962519	0.950000000	0.950000000	0.950000000	0.950000000	0.020	0.478469785	0.949150011
am_0179_obj_012_抹布	obj_012_抹布	抹布	cleaning	cleaning	grasp	4096	0.926901207	0.931746127	0.935686773	0.938970318	0.941567998	0.945774569	0.948626787	0.020	0.478469785	0.926901207
am_0179_obj_012_抹布	obj_012_抹布	抹布	cleaning	cleaning	drag	4096	0.949321614	0.949801127	0.949962575	0.950000000	0.950000000	0.950000000	0.950000000	0.020	0.478469785	0.949321614
am_0180_obj_012_抹布	obj_012_抹布	抹布	cleaning	cleaning	grasp	4096	0.936308832	0.938535280	0.940651955	0.942669838	0.944928574	0.948012924	0.949616027	0.020	0.478469785	0.936308832
am_0180_obj_012_抹布	obj_012_抹布	抹布	cleaning	cleaning	drag	4096	0.949571342	0.949876999	0.949987673	0.950000000	0.950000000	0.950000000	0.950000000	0.020	0.478469785	0.949571342
am_0181_obj_012_抹布	obj_012_抹布	抹布	cleaning	cleaning	grasp	4096	0.837263264	0.850969308	0.863076876	0.874673304	0.884588050	0.902795555	0.920257609	0.020	0.478469785	0.837263264
am_0181_obj_012_抹布	obj_012_抹布	抹布	cleaning	cleaning	drag	4096	0.944885183	0.947054315	0.948623962	0.949502864	0.949907627	0.950000000	0.950000000	0.020	0.478469785	0.944885183
am_0182_obj_012_抹布	obj_012_抹布	抹布	cleaning	cleaning	grasp	4096	0.852511837	0.864892653	0.875430276	0.884972478	0.893826176	0.909359507	0.921818084	0.020	0.478469785	0.852511837
am_0182_obj_012_抹布	obj_012_抹布	抹布	cleaning	cleaning	drag	4096	0.946949611	0.948512379	0.949481232	0.949948757	0.950000000	0.950000000	0.950000000	0.020	0.478469785	0.946949611
am_0183_obj_012_抹布	obj_012_抹布	抹布	cleaning	cleaning	grasp	4096	0.867406760	0.878244114	0.887519257	0.895507223	0.903264884	0.917733808	0.929854503	0.020	0.478469785	0.867406760
am_0183_obj_012_抹布	obj_012_抹布	抹布	cleaning	cleaning	drag	4096	0.945205706	0.947507230	0.948930225	0.949589333	0.949893248	0.949986631	0.950000000	0.020	0.478469785	0.945205706
am_0184_obj_012_抹布	obj_012_抹布	抹布	cleaning	cleaning	grasp	4096	0.931192161	0.934935431	0.937930725	0.940269951	0.942549458	0.945966908	0.948828268	0.020	0.478469785	0.931192161
am_0184_obj_012_抹布	obj_012_抹布	抹布	cleaning	cleaning	drag	4096	0.947701879	0.948711100	0.949289134	0.949711414	0.949924223	0.950000000	0.950000000	0.020	0.478469785	0.947701879
am_0185_obj_012_抹布	obj_012_抹布	抹布	cleaning	cleaning	grasp	4096	0.915384133	0.920677663	0.925339649	0.928860316	0.931856099	0.937495878	0.941739176	0.020	0.478469785	0.915384133
am_0185_obj_012_抹布	obj_012_抹布	抹布	cleaning	cleaning	drag	4096	0.949877834	0.950000000	0.950000000	0.950000000	0.950000000	0.950000000	0.950000000	0.020	0.478469785	0.949877834
am_0186_obj_012_抹布	obj_012_抹布	抹布	cleaning	cleaning	grasp	4096	0.940835591	0.943455506	0.945511953	0.946960131	0.948128808	0.949492840	0.950000000	0.020	0.478469785	0.940835591
am_0186_obj_012_抹布	obj_012_抹布	抹布	cleaning	cleaning	drag	4096	0.949987772	0.950000000	0.950000000	0.950000000	0.950000000	0.950000000	0.950000000	0.020	0.478469785	0.949987772
am_0187_obj_012_抹布	obj_012_抹布	抹布	cleaning	cleaning	grasp	4096	0.850251046	0.862400389	0.873170462	0.882885342	0.891522383	0.906591657	0.919429822	0.020	0.478469785	0.850251046
am_0187_obj_012_抹布	obj_012_抹布	抹布	cleaning	cleaning	drag	4096	0.944571332	0.947503148	0.948874827	0.949610103	0.949959317	0.950000000	0.950000000	0.020	0.478469785	0.944571332
am_0188_obj_012_抹布	obj_012_抹布	抹布	cleaning	cleaning	grasp	4096	0.819742123	0.834198210	0.846928781	0.857740482	0.867972805	0.888127422	0.905474869	0.020	0.478469785	0.819742123
am_0188_obj_012_抹布	obj_012_抹布	抹布	cleaning	cleaning	drag	4096	0.938966146	0.942485976	0.945262513	0.947114751	0.948297100	0.949419076	0.949728113	0.020	0.478469785	0.938966146
am_0189_obj_012_抹布	obj_012_抹布	抹布	cleaning	cleaning	grasp	4096	0.942654965	0.944334185	0.945578984	0.946689466	0.947601116	0.948924885	0.949781214	0.020	0.478469785	0.942654965
am_0189_obj_012_抹布	obj_012_抹布	抹布	cleaning	cleaning	drag	4096	0.949545455	0.949876329	0.949975217	0.950000000	0.950000000	0.950000000	0.950000000	0.020	0.478469785	0.949545455
am_0190_obj_012_抹布	obj_012_抹布	抹布	cleaning	cleaning	grasp	4096	0.902515539	0.909716466	0.915770037	0.921555060	0.926589073	0.934196616	0.940564101	0.020	0.478469785	0.902515539
am_0190_obj_012_抹布	obj_012_抹布	抹布	cleaning	cleaning	drag	4096	0.948672367	0.949344186	0.949726386	0.949912609	0.950000000	0.950000000	0.950000000	0.020	0.478469785	0.948672367
am_0191_obj_012_抹布	obj_012_抹布	抹布	cleaning	cleaning	grasp	4096	0.935506041	0.938300536	0.940516453	0.942396181	0.944422102	0.947175971	0.949149660	0.020	0.478469785	0.935506041
am_0191_obj_012_抹布	obj_012_抹布	抹布	cleaning	cleaning	drag	4096	0.949457914	0.949875776	0.950000000	0.950000000	0.950000000	0.950000000	0.950000000	0.020	0.478469785	0.949457914
am_0192_obj_013_果酱	obj_013_果酱	果酱	bottle	bottle	grasp	1830	0.759965431	0.790821362	0.821600214	0.848981137	0.868095353	0.901623751	0.919355230	0.020	0.478469785	0.759965431
am_0192_obj_013_果酱	obj_013_果酱	果酱	bottle	bottle	open	839	0.730584722	0.805324859	0.850288363	0.873020167	0.887314783	0.904587010	0.910488126	0.020	0.478469785	0.730584722
am_0192_obj_013_果酱	obj_013_果酱	果酱	bottle	bottle	pour	598	0.638809179	0.695094923	0.725810175	0.755876280	0.768762119	0.800587773	0.825499092	0.020	0.478469785	0.638809179
am_0193_obj_013_果酱	obj_013_果酱	果酱	bottle	bottle	grasp	1824	0.772487789	0.799696361	0.824816868	0.846578732	0.865803360	0.897784996	0.918986647	0.020	0.478469785	0.772487789
am_0193_obj_013_果酱	obj_013_果酱	果酱	bottle	bottle	open	859	0.820318749	0.865012331	0.890032514	0.902269634	0.908949633	0.913594311	0.915989238	0.020	0.478469785	0.820318749
am_0193_obj_013_果酱	obj_013_果酱	果酱	bottle	bottle	pour	588	0.610502984	0.673204053	0.706752074	0.734070690	0.750825956	0.771835009	0.798105993	0.020	0.478469785	0.610502984
am_0194_obj_013_果酱	obj_013_果酱	果酱	bottle	bottle	grasp	1829	0.403281060	0.436652486	0.469418316	0.506317859	0.538737793	0.605840975	0.658450486	0.020	0.478469785	0.403281060
am_0194_obj_013_果酱	obj_013_果酱	果酱	bottle	bottle	open	814	0.464523093	0.501460864	0.541663873	0.570027496	0.593767618	0.633968761	0.663561620	0.020	0.478469785	0.464523093
am_0194_obj_013_果酱	obj_013_果酱	果酱	bottle	bottle	pour	624	0.342862674	0.384431319	0.421084598	0.457959823	0.491340836	0.556459621	0.619731212	0.020	0.478469785	0.342862674
am_0195_obj_013_果酱	obj_013_果酱	果酱	bottle	bottle	grasp	1796	0.688288430	0.720514883	0.755026979	0.783644915	0.807532695	0.848807418	0.877341508	0.020	0.478469785	0.688288430
am_0195_obj_013_果酱	obj_013_果酱	果酱	bottle	bottle	open	879	0.828192344	0.869244158	0.895306208	0.904665135	0.909910357	0.914873737	0.916772461	0.020	0.478469785	0.828192344
am_0195_obj_013_果酱	obj_013_果酱	果酱	bottle	bottle	pour	596	0.731580727	0.811124873	0.872905958	0.893550316	0.897878938	0.903301433	0.907283440	0.020	0.478469785	0.731580727
am_0196_obj_013_果酱	obj_013_果酱	果酱	bottle	bottle	grasp	1862	0.440225222	0.467330995	0.496567700	0.524794735	0.549568378	0.593597052	0.636157174	0.020	0.478469785	0.440225222
am_0196_obj_013_果酱	obj_013_果酱	果酱	bottle	bottle	open	864	0.726437295	0.770090683	0.807541425	0.824702571	0.839954426	0.851399746	0.856916142	0.020	0.478469785	0.726437295
am_0196_obj_013_果酱	obj_013_果酱	果酱	bottle	bottle	pour	589	0.263490018	0.300342046	0.343241868	0.384142973	0.412492122	0.464714868	0.498826278	0.020	0.478469785	0.263490018
am_0197_obj_013_果酱	obj_013_果酱	果酱	bottle	bottle	grasp	1832	0.757583450	0.788016320	0.812982823	0.835797434	0.859119732	0.892108893	0.915852536	0.020	0.478469785	0.757583450
am_0197_obj_013_果酱	obj_013_果酱	果酱	bottle	bottle	open	872	0.807708187	0.861276655	0.890110622	0.902293840	0.906814288	0.912926082	0.915768567	0.020	0.478469785	0.807708187
am_0197_obj_013_果酱	obj_013_果酱	果酱	bottle	bottle	pour	619	0.619471000	0.689076284	0.723132328	0.748487516	0.765961446	0.788585168	0.810433589	0.020	0.478469785	0.619471000
am_0198_obj_013_果酱	obj_013_果酱	果酱	bottle	bottle	grasp	1788	0.751181354	0.784291164	0.811143891	0.837408688	0.856381296	0.889752510	0.909453161	0.020	0.478469785	0.751181354
am_0198_obj_013_果酱	obj_013_果酱	果酱	bottle	bottle	open	876	0.833446358	0.881504599	0.903046719	0.910740910	0.912397984	0.914573003	0.915622807	0.020	0.478469785	0.833446358
am_0198_obj_013_果酱	obj_013_果酱	果酱	bottle	bottle	pour	593	0.572185662	0.633644948	0.672062309	0.692921942	0.707936097	0.736299144	0.782680629	0.020	0.478469785	0.572185662
am_0199_obj_013_果酱	obj_013_果酱	果酱	bottle	bottle	grasp	1887	0.774582172	0.804714242	0.829032611	0.852000677	0.870612392	0.899319065	0.914692738	0.020	0.478469785	0.774582172
am_0199_obj_013_果酱	obj_013_果酱	果酱	bottle	bottle	open	879	0.827293144	0.870869293	0.897996580	0.907318260	0.912240294	0.915197754	0.916162109	0.020	0.478469785	0.827293144
am_0199_obj_013_果酱	obj_013_果酱	果酱	bottle	bottle	pour	551	0.538250409	0.605577979	0.649445748	0.685665203	0.702244321	0.743939157	0.781727676	0.020	0.478469785	0.538250409
am_0200_obj_013_果酱	obj_013_果酱	果酱	bottle	bottle	grasp	1823	0.715093181	0.751700690	0.783289886	0.808939842	0.830523429	0.869954482	0.894953460	0.020	0.478469785	0.715093181
am_0200_obj_013_果酱	obj_013_果酱	果酱	bottle	bottle	open	867	0.822459167	0.874147079	0.894167432	0.906531200	0.912849347	0.915307617	0.916711426	0.020	0.478469785	0.822459167
am_0200_obj_013_果酱	obj_013_果酱	果酱	bottle	bottle	pour	602	0.717264538	0.799996321	0.853765834	0.881471480	0.888852226	0.894999423	0.900647963	0.020	0.478469785	0.717264538
am_0201_obj_013_果酱	obj_013_果酱	果酱	bottle	bottle	grasp	1836	0.712260318	0.746715367	0.777439600	0.805491478	0.829013665	0.865595989	0.888485993	0.020	0.478469785	0.712260318
am_0201_obj_013_果酱	obj_013_果酱	果酱	bottle	bottle	open	880	0.705659755	0.755717335	0.812583076	0.850634569	0.869349683	0.889836527	0.906593367	0.020	0.478469785	0.705659755
am_0201_obj_013_果酱	obj_013_果酱	果酱	bottle	bottle	pour	586	0.564066757	0.630923162	0.676689080	0.701955385	0.720900370	0.757945416	0.800678373	0.020	0.478469785	0.564066757
am_0202_obj_013_果酱	obj_013_果酱	果酱	bottle	bottle	grasp	1849	0.727074363	0.759133595	0.789838098	0.823379208	0.846817978	0.883591465	0.905633353	0.020	0.478469785	0.727074363
am_0202_obj_013_果酱	obj_013_果酱	果酱	bottle	bottle	open	804	0.826667415	0.869925102	0.897025273	0.907678030	0.912316371	0.914458081	0.915690991	0.020	0.478469785	0.826667415
am_0202_obj_013_果酱	obj_013_果酱	果酱	bottle	bottle	pour	595	0.543738512	0.604991295	0.650234271	0.684092746	0.711159695	0.753509207	0.792294634	0.020	0.478469785	0.543738512
am_0203_obj_013_果酱	obj_013_果酱	果酱	bottle	bottle	grasp	1848	0.391950217	0.428145426	0.468424412	0.505803994	0.548370087	0.631034525	0.697431494	0.020	0.478469785	0.391950217
am_0203_obj_013_果酱	obj_013_果酱	果酱	bottle	bottle	open	813	0.070922208	0.073332564	0.075617418	0.077889086	0.080573959	0.085537649	0.090745615	0.020	0.478469785	0.070922208
am_0203_obj_013_果酱	obj_013_果酱	果酱	bottle	bottle	pour	620	0.034269982	0.036500653	0.038936651	0.041535832	0.044374110	0.051716247	0.059674527	0.020	0.478469785	0.034269982
am_0204_obj_013_果酱	obj_013_果酱	果酱	bottle	bottle	grasp	1828	0.711654372	0.743154016	0.776281750	0.802054720	0.826512606	0.867148546	0.898923536	0.020	0.478469785	0.711654372
am_0204_obj_013_果酱	obj_013_果酱	果酱	bottle	bottle	open	848	0.799593179	0.846105831	0.881809573	0.898997822	0.905545983	0.911696081	0.915763014	0.020	0.478469785	0.799593179
am_0204_obj_013_果酱	obj_013_果酱	果酱	bottle	bottle	pour	627	0.677569296	0.758033399	0.796128132	0.813106506	0.820476692	0.831453945	0.846173748	0.020	0.478469785	0.677569296
am_0205_obj_013_果酱	obj_013_果酱	果酱	bottle	bottle	grasp	1900	0.413502800	0.440245686	0.464099012	0.491289795	0.516913737	0.571393839	0.618785316	0.020	0.478469785	0.413502800
am_0205_obj_013_果酱	obj_013_果酱	果酱	bottle	bottle	open	833	0.680867650	0.735670071	0.782891573	0.816285750	0.840474827	0.868328742	0.878609473	0.020	0.478469785	0.680867650
am_0205_obj_013_果酱	obj_013_果酱	果酱	bottle	bottle	pour	582	0.276234637	0.308118221	0.341571661	0.375077454	0.398150791	0.432484327	0.467418453	0.020	0.478469785	0.276234637
am_0206_obj_013_果酱	obj_013_果酱	果酱	bottle	bottle	grasp	1863	0.470969973	0.495587066	0.523711528	0.548460252	0.567838527	0.605435880	0.641698039	0.020	0.478469785	0.470969973
am_0206_obj_013_果酱	obj_013_果酱	果酱	bottle	bottle	open	831	0.644211767	0.705228893	0.760884855	0.795751299	0.824463663	0.868526216	0.894121521	0.020	0.478469785	0.644211767
am_0206_obj_013_果酱	obj_013_果酱	果酱	bottle	bottle	pour	630	0.634068682	0.714661465	0.775296458	0.803700984	0.817312058	0.834334120	0.855069085	0.020	0.478469785	0.634068682
am_0207_obj_013_果酱	obj_013_果酱	果酱	bottle	bottle	grasp	1840	0.449947401	0.483377579	0.516691116	0.548606081	0.586606376	0.666862837	0.732263339	0.020	0.478469785	0.449947401
am_0207_obj_013_果酱	obj_013_果酱	果酱	bottle	bottle	open	855	0.251433281	0.266445155	0.279294012	0.292032709	0.307479607	0.342630651	0.387874495	0.020	0.478469785	0.251433281
am_0207_obj_013_果酱	obj_013_果酱	果酱	bottle	bottle	pour	625	0.284643414	0.315386351	0.353719998	0.382286114	0.418819387	0.487984042	0.564276138	0.020	0.478469785	0.284643414
am_0208_obj_014_水杯	obj_014_水杯	水杯	open_container	cup	grasp	580	0.880860270	0.900995032	0.906558887	0.907776351	0.908666992	0.909680176	0.910888672	0.020	0.478469785	0.880860270
am_0208_obj_014_水杯	obj_014_水杯	水杯	open_container	cup	contain	2495	0.773836536	0.813580296	0.840568523	0.862859748	0.881489081	0.911844865	0.928709607	0.020	0.478469785	0.773836536
am_0209_obj_014_水杯	obj_014_水杯	水杯	open_container	cup	grasp	564	0.866533915	0.885830604	0.896563343	0.903143972	0.906514275	0.909052480	0.910130257	0.020	0.478469785	0.866533915
am_0209_obj_014_水杯	obj_014_水杯	水杯	open_container	cup	contain	2527	0.766005675	0.809569843	0.836407700	0.855790632	0.870414184	0.895336145	0.913925339	0.020	0.478469785	0.766005675
am_0210_obj_014_水杯	obj_014_水杯	水杯	open_container	cup	grasp	567	0.864743988	0.890516128	0.902805790	0.907473773	0.908605957	0.909509277	0.910607910	0.020	0.478469785	0.864743988
am_0210_obj_014_水杯	obj_014_水杯	水杯	open_container	cup	contain	2538	0.776117358	0.816019757	0.844170039	0.866028458	0.886229999	0.915366477	0.930119925	0.020	0.478469785	0.776117358
am_0211_obj_014_水杯	obj_014_水杯	水杯	open_container	cup	grasp	581	0.868356843	0.886171507	0.899823917	0.902546712	0.903971703	0.905058129	0.906095726	0.020	0.478469785	0.868356843
am_0211_obj_014_水杯	obj_014_水杯	水杯	open_container	cup	contain	2521	0.722107975	0.763732326	0.799841176	0.825893614	0.848177224	0.880667093	0.906792494	0.020	0.478469785	0.722107975
am_0212_obj_014_水杯	obj_014_水杯	水杯	open_container	cup	grasp	589	0.858388869	0.883178589	0.896246876	0.906120296	0.908714270	0.909960937	0.910937500	0.020	0.478469785	0.858388869
am_0212_obj_014_水杯	obj_014_水杯	水杯	open_container	cup	contain	2505	0.697410695	0.741015799	0.778964800	0.801188553	0.829569359	0.868229669	0.891238205	0.020	0.478469785	0.697410695
am_0213_obj_014_水杯	obj_014_水杯	水杯	open_container	cup	grasp	570	0.882516470	0.895317434	0.902400744	0.904977776	0.907523993	0.909423828	0.910522461	0.020	0.478469785	0.882516470
am_0213_obj_014_水杯	obj_014_水杯	水杯	open_container	cup	contain	2565	0.776087410	0.814673278	0.836553798	0.858824165	0.876677598	0.903028343	0.919638915	0.020	0.478469785	0.776087410
am_0214_obj_014_水杯	obj_014_水杯	水杯	open_container	cup	grasp	595	0.839120883	0.864552140	0.878771495	0.888251096	0.892930039	0.901654144	0.906722351	0.020	0.478469785	0.839120883
am_0214_obj_014_水杯	obj_014_水杯	水杯	open_container	cup	contain	2559	0.682577689	0.720160326	0.749693634	0.775210450	0.797968064	0.835995835	0.865698838	0.020	0.478469785	0.682577689
am_0215_obj_014_水杯	obj_014_水杯	水杯	open_container	cup	grasp	580	0.796763203	0.823917550	0.847187496	0.866565732	0.882531485	0.893760430	0.903112112	0.020	0.478469785	0.796763203
am_0215_obj_014_水杯	obj_014_水杯	水杯	open_container	cup	contain	2469	0.770850595	0.803728234	0.831644096	0.848795827	0.862648475	0.886999193	0.907134606	0.020	0.478469785	0.770850595
am_0216_obj_014_水杯	obj_014_水杯	水杯	open_container	cup	grasp	556	0.831746120	0.861026733	0.883343536	0.895023600	0.906651844	0.909901176	0.911254883	0.020	0.478469785	0.831746120
am_0216_obj_014_水杯	obj_014_水杯	水杯	open_container	cup	contain	2532	0.773376699	0.811195942	0.835732517	0.853092337	0.869887567	0.895242506	0.912093208	0.020	0.478469785	0.773376699
am_0217_obj_014_水杯	obj_014_水杯	水杯	open_container	cup	grasp	587	0.813736810	0.840656466	0.868319218	0.883588359	0.895603635	0.909562908	0.911254883	0.020	0.478469785	0.813736810
am_0217_obj_014_水杯	obj_014_水杯	水杯	open_container	cup	contain	2516	0.763262059	0.801492014	0.826937658	0.847802562	0.863863139	0.889480719	0.906309202	0.020	0.478469785	0.763262059
am_0218_obj_014_水杯	obj_014_水杯	水杯	open_container	cup	grasp	610	0.860861747	0.877002345	0.894794909	0.903205979	0.907993179	0.910141305	0.911413574	0.020	0.478469785	0.860861747
am_0218_obj_014_水杯	obj_014_水杯	水杯	open_container	cup	contain	2482	0.761663069	0.804938003	0.832017734	0.854438494	0.874138402	0.905544976	0.925664276	0.020	0.478469785	0.761663069
am_0219_obj_014_水杯	obj_014_水杯	水杯	open_container	cup	grasp	559	0.839703091	0.854174820	0.862194672	0.870781829	0.875407592	0.881928161	0.885129213	0.020	0.478469785	0.839703091
am_0219_obj_014_水杯	obj_014_水杯	水杯	open_container	cup	contain	2505	0.750613959	0.795533961	0.820756251	0.842748040	0.862816840	0.891827998	0.911092437	0.020	0.478469785	0.750613959
am_0220_obj_014_水杯	obj_014_水杯	水杯	open_container	cup	grasp	596	0.870066783	0.891596947	0.901275248	0.908123258	0.909130859	0.910046387	0.911303711	0.020	0.478469785	0.870066783
am_0220_obj_014_水杯	obj_014_水杯	水杯	open_container	cup	contain	2466	0.783916480	0.823758983	0.847885299	0.869503497	0.883847020	0.913166958	0.928816840	0.020	0.478469785	0.783916480
am_0221_obj_014_水杯	obj_014_水杯	水杯	open_container	cup	grasp	565	0.870270438	0.883691577	0.891117251	0.901324166	0.906851971	0.909802246	0.911193848	0.020	0.478469785	0.870270438
am_0221_obj_014_水杯	obj_014_水杯	水杯	open_container	cup	contain	2523	0.693261741	0.741482050	0.772450012	0.796066187	0.816914122	0.854764420	0.881114876	0.020	0.478469785	0.693261741
am_0222_obj_014_水杯	obj_014_水杯	水杯	open_container	cup	grasp	553	0.879178302	0.896748470	0.904415548	0.907505669	0.908490625	0.909802246	0.910803223	0.020	0.478469785	0.879178302
am_0222_obj_014_水杯	obj_014_水杯	水杯	open_container	cup	contain	2535	0.676591753	0.720012547	0.753617260	0.784830889	0.808884014	0.853568970	0.885607593	0.020	0.478469785	0.676591753
am_0223_obj_014_水杯	obj_014_水杯	水杯	open_container	cup	grasp	600	0.869100155	0.883719239	0.895113154	0.903158873	0.906935183	0.909900616	0.911169434	0.020	0.478469785	0.869100155
am_0223_obj_014_水杯	obj_014_水杯	水杯	open_container	cup	contain	2518	0.678151417	0.722771416	0.754899376	0.776964640	0.799837699	0.840237719	0.879022470	0.020	0.478469785	0.678151417
am_0224_obj_015_水果刀	obj_015_水果刀	水果刀	knife	fruit_knife	grasp	2709	0.899342311	0.917625377	0.930227608	0.934729824	0.936613657	0.938122559	0.939025879	0.020	0.478469785	0.899342311
am_0224_obj_015_水果刀	obj_015_水果刀	水果刀	knife	fruit_knife	cut	921	0.907461034	0.911535260	0.912840923	0.913427734	0.914147949	0.915661621	0.917309570	0.020	0.478469785	0.907461034
am_0225_obj_015_水果刀	obj_015_水果刀	水果刀	knife	fruit_knife	grasp	2728	0.931230750	0.934786089	0.936332714	0.936914062	0.937438965	0.938403320	0.939245605	0.020	0.478469785	0.931230750
am_0225_obj_015_水果刀	obj_015_水果刀	水果刀	knife	fruit_knife	cut	896	0.886384671	0.907387345	0.912593246	0.913269043	0.913806152	0.915637207	0.917102051	0.020	0.478469785	0.886384671
am_0226_obj_015_水果刀	obj_015_水果刀	水果刀	knife	fruit_knife	grasp	2685	0.908583696	0.923425292	0.931640976	0.935313973	0.937002537	0.938085938	0.939208984	0.020	0.478469785	0.908583696
am_0226_obj_015_水果刀	obj_015_水果刀	水果刀	knife	fruit_knife	cut	900	0.902935687	0.912097960	0.913000488	0.913513184	0.914270020	0.916137695	0.917504883	0.020	0.478469785	0.902935687
am_0227_obj_015_水果刀	obj_015_水果刀	水果刀	knife	fruit_knife	grasp	2716	0.837737558	0.861942337	0.884829778	0.905822240	0.921909878	0.936630847	0.939013672	0.020	0.478469785	0.837737558
am_0227_obj_015_水果刀	obj_015_水果刀	水果刀	knife	fruit_knife	cut	909	0.901325410	0.908916720	0.911941143	0.913231943	0.914001465	0.915783691	0.917199707	0.020	0.478469785	0.901325410
am_0228_obj_015_水果刀	obj_015_水果刀	水果刀	knife	fruit_knife	grasp	2694	0.924752222	0.931122191	0.933467675	0.934244775	0.934610986	0.935526514	0.936393213	0.020	0.478469785	0.924752222
am_0228_obj_015_水果刀	obj_015_水果刀	水果刀	knife	fruit_knife	cut	909	0.880997813	0.904043017	0.911921404	0.913366699	0.914160156	0.915795898	0.917553711	0.020	0.478469785	0.880997813
am_0229_obj_015_水果刀	obj_015_水果刀	水果刀	knife	fruit_knife	grasp	2746	0.919320818	0.929772128	0.934758152	0.936767141	0.937450732	0.938647461	0.939587402	0.020	0.478469785	0.919320818
am_0229_obj_015_水果刀	obj_015_水果刀	水果刀	knife	fruit_knife	cut	875	0.907545739	0.911780509	0.912546532	0.913037109	0.913525391	0.915344238	0.916748047	0.020	0.478469785	0.907545739
am_0230_obj_015_水果刀	obj_015_水果刀	水果刀	knife	fruit_knife	grasp	2696	0.917355089	0.928874642	0.933991489	0.936167577	0.937109790	0.938281250	0.939184570	0.020	0.478469785	0.917355089
am_0230_obj_015_水果刀	obj_015_水果刀	水果刀	knife	fruit_knife	cut	892	0.865467371	0.890604183	0.909004555	0.913048768	0.913867187	0.915734863	0.917163086	0.020	0.478469785	0.865467371
am_0231_obj_015_水果刀	obj_015_水果刀	水果刀	knife	fruit_knife	grasp	2701	0.922817776	0.931867869	0.935343148	0.936588131	0.937097168	0.938024902	0.939038086	0.020	0.478469785	0.922817776
am_0231_obj_015_水果刀	obj_015_水果刀	水果刀	knife	fruit_knife	cut	900	0.891639809	0.907314019	0.912829590	0.913317871	0.913879395	0.915539551	0.917248535	0.020	0.478469785	0.891639809
am_0232_obj_015_水果刀	obj_015_水果刀	水果刀	knife	fruit_knife	grasp	2678	0.909445316	0.923706497	0.931194736	0.934927945	0.936452396	0.937829590	0.938769531	0.020	0.478469785	0.909445316
am_0232_obj_015_水果刀	obj_015_水果刀	水果刀	knife	fruit_knife	cut	917	0.776936738	0.817488860	0.860248966	0.890795616	0.906348736	0.915640012	0.917468262	0.020	0.478469785	0.776936738
am_0233_obj_015_水果刀	obj_015_水果刀	水果刀	knife	fruit_knife	grasp	2699	0.919873619	0.931191859	0.935135085	0.936588234	0.937072754	0.938012695	0.939099121	0.020	0.478469785	0.919873619
am_0233_obj_015_水果刀	obj_015_水果刀	水果刀	knife	fruit_knife	cut	920	0.907500892	0.911875414	0.912976074	0.913464355	0.914172363	0.916027832	0.917382812	0.020	0.478469785	0.907500892
am_0234_obj_015_水果刀	obj_015_水果刀	水果刀	knife	fruit_knife	grasp	2729	0.903090961	0.919305798	0.929768814	0.934538433	0.936580125	0.938098145	0.939245605	0.020	0.478469785	0.903090961
am_0234_obj_015_水果刀	obj_015_水果刀	水果刀	knife	fruit_knife	cut	899	0.906844656	0.912154179	0.912866211	0.913330078	0.914001465	0.915808105	0.917041016	0.020	0.478469785	0.906844656
am_0235_obj_015_水果刀	obj_015_水果刀	水果刀	knife	fruit_knife	grasp	2712	0.923208872	0.931393046	0.935516660	0.936914062	0.937304687	0.938354492	0.939184570	0.020	0.478469785	0.923208872
am_0235_obj_015_水果刀	obj_015_水果刀	水果刀	knife	fruit_knife	cut	894	0.902472017	0.910485779	0.912524414	0.912988281	0.913574219	0.915393066	0.916845703	0.020	0.478469785	0.902472017
am_0236_obj_015_水果刀	obj_015_水果刀	水果刀	knife	fruit_knife	grasp	2727	0.904218883	0.920357259	0.930264660	0.935530721	0.937147456	0.938476562	0.939306641	0.020	0.478469785	0.904218883
am_0236_obj_015_水果刀	obj_015_水果刀	水果刀	knife	fruit_knife	cut	886	0.902479069	0.911555762	0.913078810	0.913581401	0.913960332	0.915863556	0.917593832	0.020	0.478469785	0.902479069
am_0237_obj_015_水果刀	obj_015_水果刀	水果刀	knife	fruit_knife	grasp	2738	0.923957413	0.932697298	0.935963840	0.937162448	0.937670898	0.938525391	0.939343262	0.020	0.478469785	0.923957413
am_0237_obj_015_水果刀	obj_015_水果刀	水果刀	knife	fruit_knife	cut	880	0.905388878	0.910645824	0.912231445	0.912646484	0.913281250	0.915100098	0.916711426	0.020	0.478469785	0.905388878
am_0238_obj_015_水果刀	obj_015_水果刀	水果刀	knife	fruit_knife	grasp	2647	0.902584995	0.916358156	0.926159600	0.932111726	0.935103125	0.937365723	0.938549805	0.020	0.478469785	0.902584995
am_0238_obj_015_水果刀	obj_015_水果刀	水果刀	knife	fruit_knife	cut	946	0.888303897	0.906606442	0.912944031	0.914001465	0.914733887	0.916589355	0.918005371	0.020	0.478469785	0.888303897
am_0239_obj_015_水果刀	obj_015_水果刀	水果刀	knife	fruit_knife	grasp	2681	0.919094028	0.928864889	0.933825310	0.936173330	0.937158203	0.938012695	0.938879395	0.020	0.478469785	0.919094028
am_0239_obj_015_水果刀	obj_015_水果刀	水果刀	knife	fruit_knife	cut	919	0.904669811	0.911271650	0.912739724	0.913419454	0.914035081	0.915951988	0.917751519	0.020	0.478469785	0.904669811
am_0240_obj_016_水果刀2	obj_016_水果刀2	水果刀2	knife	fruit_knife	grasp	2568	0.906220150	0.913282039	0.918415318	0.922121019	0.926162678	0.932432323	0.936047161	0.020	0.478469785	0.906220150
am_0240_obj_016_水果刀2	obj_016_水果刀2	水果刀2	knife	fruit_knife	cut	1365	0.815155610	0.851927478	0.883591478	0.904694920	0.914514023	0.919517569	0.920202637	0.020	0.478469785	0.815155610
am_0241_obj_016_水果刀2	obj_016_水果刀2	水果刀2	knife	fruit_knife	grasp	2594	0.864701409	0.878786925	0.891087351	0.901086051	0.910650196	0.922073378	0.931023877	0.020	0.478469785	0.864701409
am_0241_obj_016_水果刀2	obj_016_水果刀2	水果刀2	knife	fruit_knife	cut	1359	0.870523381	0.897420616	0.912404105	0.917318500	0.918701172	0.919348145	0.920007324	0.020	0.478469785	0.870523381
am_0242_obj_016_水果刀2	obj_016_水果刀2	水果刀2	knife	fruit_knife	grasp	2577	0.888972103	0.899854689	0.907680672	0.914136503	0.919476816	0.928871409	0.934543541	0.020	0.478469785	0.888972103
am_0242_obj_016_水果刀2	obj_016_水果刀2	水果刀2	knife	fruit_knife	cut	1382	0.892383510	0.911646056	0.917706379	0.918652344	0.918835449	0.919323730	0.919982910	0.020	0.478469785	0.892383510
am_0243_obj_016_水果刀2	obj_016_水果刀2	水果刀2	knife	fruit_knife	grasp	2559	0.914783628	0.922043820	0.926079696	0.928675787	0.930552341	0.933180973	0.934648645	0.020	0.478469785	0.914783628
am_0243_obj_016_水果刀2	obj_016_水果刀2	水果刀2	knife	fruit_knife	cut	1368	0.893790240	0.908959926	0.916023571	0.918430586	0.919055176	0.919750977	0.920422363	0.020	0.478469785	0.893790240
am_0244_obj_016_水果刀2	obj_016_水果刀2	水果刀2	knife	fruit_knife	grasp	2524	0.917580534	0.922739825	0.926479773	0.929233898	0.931050677	0.933426399	0.935731563	0.020	0.478469785	0.917580534
am_0244_obj_016_水果刀2	obj_016_水果刀2	水果刀2	knife	fruit_knife	cut	1416	0.908324127	0.917190539	0.918872070	0.919116211	0.919458008	0.920117188	0.920703125	0.020	0.478469785	0.908324127
am_0245_obj_016_水果刀2	obj_016_水果刀2	水果刀2	knife	fruit_knife	grasp	2591	0.922257331	0.926952542	0.930193602	0.932089659	0.933560578	0.934899902	0.936071777	0.020	0.478469785	0.922257331
am_0245_obj_016_水果刀2	obj_016_水果刀2	水果刀2	knife	fruit_knife	cut	1361	0.841240251	0.868216266	0.892413433	0.909864006	0.917120553	0.919470215	0.920007324	0.020	0.478469785	0.841240251
am_0246_obj_016_水果刀2	obj_016_水果刀2	水果刀2	knife	fruit_knife	grasp	2598	0.909099463	0.917824562	0.922763407	0.926985705	0.929805999	0.934307228	0.936635542	0.020	0.478469785	0.909099463
am_0246_obj_016_水果刀2	obj_016_水果刀2	水果刀2	knife	fruit_knife	cut	1353	0.872989135	0.903064494	0.916002801	0.918171466	0.918518066	0.918981934	0.919653320	0.020	0.478469785	0.872989135
am_0247_obj_016_水果刀2	obj_016_水果刀2	水果刀2	knife	fruit_knife	grasp	2540	0.885510953	0.898475981	0.906832499	0.913459511	0.919513329	0.928037079	0.933540675	0.020	0.478469785	0.885510953
am_0247_obj_016_水果刀2	obj_016_水果刀2	水果刀2	knife	fruit_knife	cut	1417	0.895364683	0.912155810	0.917688745	0.918908691	0.919213867	0.919921875	0.920617676	0.020	0.478469785	0.895364683
am_0248_obj_016_水果刀2	obj_016_水果刀2	水果刀2	knife	fruit_knife	grasp	2541	0.883933613	0.896332740	0.905347309	0.912504532	0.918127308	0.927285662	0.934356848	0.020	0.478469785	0.883933613
am_0248_obj_016_水果刀2	obj_016_水果刀2	水果刀2	knife	fruit_knife	cut	1376	0.894778571	0.914631646	0.918640137	0.918994141	0.919311523	0.919836426	0.920373535	0.020	0.478469785	0.894778571
am_0249_obj_016_水果刀2	obj_016_水果刀2	水果刀2	knife	fruit_knife	grasp	2597	0.899730754	0.910651360	0.917359545	0.921508390	0.925129097	0.931050772	0.935864425	0.020	0.478469785	0.899730754
am_0249_obj_016_水果刀2	obj_016_水果刀2	水果刀2	knife	fruit_knife	cut	1343	0.913527953	0.917511787	0.918029785	0.918310547	0.918627930	0.919262695	0.919897461	0.020	0.478469785	0.913527953
am_0250_obj_016_水果刀2	obj_016_水果刀2	水果刀2	knife	fruit_knife	grasp	2545	0.844203662	0.861983491	0.876601357	0.888079249	0.897391903	0.910447110	0.919676842	0.020	0.478469785	0.844203662
am_0250_obj_016_水果刀2	obj_016_水果刀2	水果刀2	knife	fruit_knife	cut	1382	0.900251851	0.912946894	0.917912768	0.918920898	0.919104004	0.919653320	0.920202637	0.020	0.478469785	0.900251851
am_0251_obj_016_水果刀2	obj_016_水果刀2	水果刀2	knife	fruit_knife	grasp	2611	0.864354134	0.880394710	0.892811111	0.903868387	0.912227000	0.924232082	0.931927008	0.020	0.478469785	0.864354134
am_0251_obj_016_水果刀2	obj_016_水果刀2	水果刀2	knife	fruit_knife	cut	1307	0.888700134	0.909558955	0.917060084	0.918017578	0.918371582	0.918994141	0.919519043	0.020	0.478469785	0.888700134
am_0252_obj_016_水果刀2	obj_016_水果刀2	水果刀2	knife	fruit_knife	grasp	2565	0.913327341	0.921550346	0.926199159	0.928521229	0.930620069	0.933431521	0.936160235	0.020	0.478469785	0.913327341
am_0252_obj_016_水果刀2	obj_016_水果刀2	水果刀2	knife	fruit_knife	cut	1360	0.899963803	0.912786086	0.917420413	0.918662892	0.919177246	0.919616699	0.920288086	0.020	0.478469785	0.899963803
am_0253_obj_016_水果刀2	obj_016_水果刀2	水果刀2	knife	fruit_knife	grasp	2564	0.911484276	0.919932784	0.924445538	0.927787036	0.930212559	0.933743274	0.935949707	0.020	0.478469785	0.911484276
am_0253_obj_016_水果刀2	obj_016_水果刀2	水果刀2	knife	fruit_knife	cut	1387	0.843240525	0.878430313	0.905335487	0.916611217	0.918870355	0.919506836	0.920153809	0.020	0.478469785	0.843240525
am_0254_obj_016_水果刀2	obj_016_水果刀2	水果刀2	knife	fruit_knife	grasp	2568	0.872704115	0.885197005	0.894691203	0.902921885	0.910225627	0.922847949	0.932848183	0.020	0.478469785	0.872704115
am_0254_obj_016_水果刀2	obj_016_水果刀2	水果刀2	knife	fruit_knife	cut	1382	0.914942257	0.917816925	0.918420410	0.918811035	0.919140625	0.919665527	0.920349121	0.020	0.478469785	0.914942257
am_0255_obj_016_水果刀2	obj_016_水果刀2	水果刀2	knife	fruit_knife	grasp	2539	0.873073273	0.888499395	0.898852768	0.906818036	0.913528311	0.924390157	0.931770312	0.020	0.478469785	0.873073273
am_0255_obj_016_水果刀2	obj_016_水果刀2	水果刀2	knife	fruit_knife	cut	1383	0.897027437	0.913781371	0.918326509	0.919030762	0.919323730	0.919873047	0.920581055	0.020	0.478469785	0.897027437
am_0256_obj_017_洒水壶	obj_017_洒水壶	洒水壶	kettle	kettle	grasp	548	0.715434796	0.762907287	0.803711515	0.837246732	0.858473353	0.883689706	0.894479543	0.020	0.478469785	0.715434796
am_0256_obj_017_洒水壶	obj_017_洒水壶	洒水壶	kettle	kettle	pour	320	0.755335482	0.822250185	0.856399981	0.900485996	0.938246978	0.956225586	0.957019043	0.020	0.478469785	0.755335482
am_0256_obj_017_洒水壶	obj_017_洒水壶	洒水壶	kettle	kettle	contain	2217	0.834051564	0.870882358	0.897027271	0.914427425	0.926464968	0.935171776	0.939306641	0.020	0.478469785	0.834051564
am_0257_obj_017_洒水壶	obj_017_洒水壶	洒水壶	kettle	kettle	grasp	535	0.732906013	0.749247025	0.755434149	0.759382547	0.761231299	0.763269873	0.766150733	0.020	0.478469785	0.732906013
am_0257_obj_017_洒水壶	obj_017_洒水壶	洒水壶	kettle	kettle	pour	311	0.895076833	0.930624715	0.950524381	0.953726745	0.955456543	0.956201172	0.957080078	0.020	0.478469785	0.895076833
am_0257_obj_017_洒水壶	obj_017_洒水壶	洒水壶	kettle	kettle	contain	2219	0.891367929	0.917742155	0.926830871	0.930846597	0.933264919	0.936519698	0.939526367	0.020	0.478469785	0.891367929
am_0258_obj_017_洒水壶	obj_017_洒水壶	洒水壶	kettle	kettle	grasp	525	0.880963627	0.903119626	0.906893462	0.908011983	0.908829854	0.911149190	0.914103292	0.020	0.478469785	0.880963627
am_0258_obj_017_洒水壶	obj_017_洒水壶	洒水壶	kettle	kettle	pour	323	0.799464502	0.852770126	0.888846906	0.903103506	0.905712891	0.906274414	0.906945801	0.020	0.478469785	0.799464502
am_0258_obj_017_洒水壶	obj_017_洒水壶	洒水壶	kettle	kettle	contain	2309	0.862873443	0.898876239	0.920290330	0.929793533	0.934142641	0.936730957	0.939270020	0.020	0.478469785	0.862873443
am_0259_obj_017_洒水壶	obj_017_洒水壶	洒水壶	kettle	kettle	grasp	551	0.866874124	0.885686290	0.895985286	0.899174100	0.900203388	0.902583759	0.905586688	0.020	0.478469785	0.866874124
am_0259_obj_017_洒水壶	obj_017_洒水壶	洒水壶	kettle	kettle	pour	328	0.848536116	0.909467542	0.932890079	0.949974864	0.955834961	0.956555176	0.957348633	0.020	0.478469785	0.848536116
am_0259_obj_017_洒水壶	obj_017_洒水壶	洒水壶	kettle	kettle	contain	2198	0.863227648	0.898378024	0.914712673	0.923306597	0.930307234	0.936060625	0.939074707	0.020	0.478469785	0.863227648
am_0260_obj_017_洒水壶	obj_017_洒水壶	洒水壶	kettle	kettle	grasp	527	0.842894289	0.869801002	0.883519844	0.889595042	0.891375646	0.893686967	0.896518998	0.020	0.478469785	0.842894289
am_0260_obj_017_洒水壶	obj_017_洒水壶	洒水壶	kettle	kettle	pour	310	0.886920433	0.929838750	0.949156730	0.953992371	0.955456543	0.956079102	0.956835937	0.020	0.478469785	0.886920433
am_0260_obj_017_洒水壶	obj_017_洒水壶	洒水壶	kettle	kettle	contain	2241	0.878849199	0.905406071	0.922468383	0.930070249	0.932986618	0.936600738	0.939672852	0.020	0.478469785	0.878849199
am_0261_obj_017_洒水壶	obj_017_洒水壶	洒水壶	kettle	kettle	grasp	496	0.806149773	0.839510440	0.868174955	0.883484320	0.887295793	0.889419817	0.892447161	0.020	0.478469785	0.806149773
am_0261_obj_017_洒水壶	obj_017_洒水壶	洒水壶	kettle	kettle	pour	314	0.886023572	0.935729843	0.951963471	0.955114746	0.955456543	0.956005859	0.956762695	0.020	0.478469785	0.886023572
am_0261_obj_017_洒水壶	obj_017_洒水壶	洒水壶	kettle	kettle	contain	2252	0.855087432	0.886993146	0.912035592	0.924701157	0.932452622	0.937365723	0.939965820	0.020	0.478469785	0.855087432
am_0262_obj_017_洒水壶	obj_017_洒水壶	洒水壶	kettle	kettle	grasp	526	0.874885701	0.896598272	0.899644344	0.900563768	0.901467088	0.903700975	0.906557420	0.020	0.478469785	0.874885701
am_0262_obj_017_洒水壶	obj_017_洒水壶	洒水壶	kettle	kettle	pour	317	0.840318780	0.902286141	0.938940308	0.952375323	0.955456543	0.956054688	0.956896973	0.020	0.478469785	0.840318780
am_0262_obj_017_洒水壶	obj_017_洒水壶	洒水壶	kettle	kettle	contain	2262	0.878272504	0.902368930	0.918674242	0.929004175	0.931958658	0.937141180	0.939733887	0.020	0.478469785	0.878272504
am_0263_obj_017_洒水壶	obj_017_洒水壶	洒水壶	kettle	kettle	grasp	533	0.708960253	0.750921326	0.795640015	0.820918006	0.834526234	0.844722172	0.848474228	0.020	0.478469785	0.708960253
am_0263_obj_017_洒水壶	obj_017_洒水壶	洒水壶	kettle	kettle	pour	330	0.850223146	0.899892043	0.929801878	0.950655692	0.954911382	0.956372070	0.957348633	0.020	0.478469785	0.850223146
am_0263_obj_017_洒水壶	obj_017_洒水壶	洒水壶	kettle	kettle	contain	2206	0.869497915	0.898971601	0.918088368	0.926012321	0.932669644	0.936516423	0.939233398	0.020	0.478469785	0.869497915
am_0264_obj_017_洒水壶	obj_017_洒水壶	洒水壶	kettle	kettle	grasp	530	0.757177714	0.788584141	0.808152549	0.819163049	0.827075239	0.836175157	0.840799406	0.020	0.478469785	0.757177714
am_0264_obj_017_洒水壶	obj_017_洒水壶	洒水壶	kettle	kettle	pour	299	0.872566086	0.896600323	0.912026444	0.922168431	0.928463184	0.934699556	0.941314923	0.020	0.478469785	0.872566086
am_0264_obj_017_洒水壶	obj_017_洒水壶	洒水壶	kettle	kettle	contain	2209	0.850898770	0.884307991	0.909749194	0.921174633	0.929293487	0.936042824	0.939685059	0.020	0.478469785	0.850898770
am_0265_obj_017_洒水壶	obj_017_洒水壶	洒水壶	kettle	kettle	grasp	551	0.869425112	0.883596745	0.887365712	0.888369253	0.889296987	0.891604116	0.894460562	0.020	0.478469785	0.869425112
am_0265_obj_017_洒水壶	obj_017_洒水壶	洒水壶	kettle	kettle	pour	319	0.900070964	0.939960762	0.953136651	0.955273438	0.955737305	0.956433105	0.957299805	0.020	0.478469785	0.900070964
am_0265_obj_017_洒水壶	obj_017_洒水壶	洒水壶	kettle	kettle	contain	2212	0.894975623	0.916736197	0.928939854	0.932729674	0.934209007	0.936474609	0.939624023	0.020	0.478469785	0.894975623
am_0266_obj_017_洒水壶	obj_017_洒水壶	洒水壶	kettle	kettle	grasp	543	0.878717947	0.898454577	0.905852930	0.906946908	0.907776986	0.909913217	0.912659799	0.020	0.478469785	0.878717947
am_0266_obj_017_洒水壶	obj_017_洒水壶	洒水壶	kettle	kettle	pour	330	0.792004558	0.849328304	0.883853983	0.901352549	0.905070677	0.906164551	0.906799316	0.020	0.478469785	0.792004558
am_0266_obj_017_洒水壶	obj_017_洒水壶	洒水壶	kettle	kettle	contain	2247	0.871720664	0.900427480	0.919097455	0.928718174	0.932482732	0.936658483	0.939355469	0.020	0.478469785	0.871720664
am_0267_obj_017_洒水壶	obj_017_洒水壶	洒水壶	kettle	kettle	grasp	515	0.636466467	0.665755826	0.686258264	0.698153953	0.704058205	0.707838576	0.710780470	0.020	0.478469785	0.636466467
am_0267_obj_017_洒水壶	obj_017_洒水壶	洒水壶	kettle	kettle	pour	313	0.844352949	0.876035691	0.893720667	0.901021761	0.905213921	0.906274414	0.906982422	0.020	0.478469785	0.844352949
am_0267_obj_017_洒水壶	obj_017_洒水壶	洒水壶	kettle	kettle	contain	2252	0.834096377	0.874278479	0.895365237	0.908028093	0.918823610	0.932570717	0.939483716	0.020	0.478469785	0.834096377
am_0268_obj_017_洒水壶	obj_017_洒水壶	洒水壶	kettle	kettle	grasp	527	0.817346569	0.840164352	0.843432188	0.846787985	0.850114493	0.856831784	0.863677134	0.020	0.478469785	0.817346569
am_0268_obj_017_洒水壶	obj_017_洒水壶	洒水壶	kettle	kettle	pour	305	0.859234864	0.892196640	0.903817485	0.904408296	0.905395508	0.906005859	0.906921387	0.020	0.478469785	0.859234864
am_0268_obj_017_洒水壶	obj_017_洒水壶	洒水壶	kettle	kettle	contain	2219	0.869538726	0.900134958	0.919165848	0.929299065	0.933177796	0.936847011	0.940002441	0.020	0.478469785	0.869538726
am_0269_obj_017_洒水壶	obj_017_洒水壶	洒水壶	kettle	kettle	grasp	537	0.732887202	0.762665109	0.784426904	0.794875961	0.798376732	0.801017060	0.804007783	0.020	0.478469785	0.732887202
am_0269_obj_017_洒水壶	obj_017_洒水壶	洒水壶	kettle	kettle	pour	331	0.779397172	0.836666015	0.886581138	0.925797462	0.945885154	0.956335449	0.957141113	0.020	0.478469785	0.779397172
am_0269_obj_017_洒水壶	obj_017_洒水壶	洒水壶	kettle	kettle	contain	2212	0.887052425	0.913424619	0.926309884	0.930084394	0.933516656	0.936437988	0.939416504	0.020	0.478469785	0.887052425
am_0270_obj_017_洒水壶	obj_017_洒水壶	洒水壶	kettle	kettle	grasp	520	0.845406783	0.869499757	0.883693962	0.891334953	0.895164127	0.897702977	0.900254247	0.020	0.478469785	0.845406783
am_0270_obj_017_洒水壶	obj_017_洒水壶	洒水壶	kettle	kettle	pour	354	0.905305420	0.931027142	0.952423225	0.955444336	0.955786133	0.956518555	0.957238770	0.020	0.478469785	0.905305420
am_0270_obj_017_洒水壶	obj_017_洒水壶	洒水壶	kettle	kettle	contain	2247	0.870399760	0.898857796	0.916146128	0.926270168	0.931444621	0.936444199	0.939257812	0.020	0.478469785	0.870399760
am_0271_obj_017_洒水壶	obj_017_洒水壶	洒水壶	kettle	kettle	grasp	535	0.842541337	0.855197935	0.860374644	0.861999031	0.862793646	0.864990912	0.867688665	0.020	0.478469785	0.842541337
am_0271_obj_017_洒水壶	obj_017_洒水壶	洒水壶	kettle	kettle	pour	316	0.864569260	0.892111510	0.901974702	0.905299610	0.905859375	0.906591797	0.907287598	0.020	0.478469785	0.864569260
am_0271_obj_017_洒水壶	obj_017_洒水壶	洒水壶	kettle	kettle	contain	2245	0.877710142	0.901152377	0.915731748	0.924933006	0.931081838	0.936367652	0.939099121	0.020	0.478469785	0.877710142
am_0272_obj_018_洒水壶2	obj_018_洒水壶2	洒水壶2	spray_bottle	spray_bottle	sprinkle	214	0.330633305	0.375285827	0.421365883	0.474007301	0.532115664	0.669304810	0.744963308	0.020	0.478469785	0.330633305
am_0272_obj_018_洒水壶2	obj_018_洒水壶2	洒水壶2	spray_bottle	spray_bottle	grasp	363	0.611532114	0.648686444	0.701741323	0.749236592	0.837608970	0.884435354	0.892001939	0.020	0.478469785	0.611532114
am_0272_obj_018_洒水壶2	obj_018_洒水壶2	洒水壶2	spray_bottle	spray_bottle	press	191	0.302213495	0.325069316	0.361593591	0.396279651	0.441966216	0.530225481	0.633119387	0.020	0.478469785	0.302213495
am_0272_obj_018_洒水壶2	obj_018_洒水壶2	洒水壶2	spray_bottle	spray_bottle	pull	201	0.825532586	0.832102131	0.832931680	0.834325036	0.835980521	0.842046661	0.859050816	0.020	0.478469785	0.825532586
am_0272_obj_018_洒水壶2	obj_018_洒水壶2	洒水壶2	spray_bottle	spray_bottle	contain	2099	0.657338070	0.717433119	0.774038822	0.824400411	0.847942142	0.886322574	0.911217119	0.020	0.478469785	0.657338070
am_0273_obj_018_洒水壶2	obj_018_洒水壶2	洒水壶2	spray_bottle	spray_bottle	sprinkle	218	0.875310308	0.900072391	0.902716922	0.903051758	0.903125000	0.903234863	0.903649902	0.020	0.478469785	0.875310308
am_0273_obj_018_洒水壶2	obj_018_洒水壶2	洒水壶2	spray_bottle	spray_bottle	grasp	354	0.584586326	0.624873048	0.657050134	0.682394892	0.713500492	0.780799343	0.851940390	0.020	0.478469785	0.584586326
am_0273_obj_018_洒水壶2	obj_018_洒水壶2	洒水壶2	spray_bottle	spray_bottle	press	186	0.566684497	0.591098193	0.607921041	0.634402146	0.663599805	0.773738813	0.833850436	0.020	0.478469785	0.566684497
am_0273_obj_018_洒水壶2	obj_018_洒水壶2	洒水壶2	spray_bottle	spray_bottle	pull	182	0.782860966	0.819426766	0.852602180	0.868579144	0.871836294	0.872702994	0.874237563	0.020	0.478469785	0.782860966
am_0273_obj_018_洒水壶2	obj_018_洒水壶2	洒水壶2	spray_bottle	spray_bottle	contain	2099	0.767881154	0.821017368	0.874655713	0.914220330	0.922863989	0.931414615	0.934110754	0.020	0.478469785	0.767881154
am_0274_obj_018_洒水壶2	obj_018_洒水壶2	洒水壶2	spray_bottle	spray_bottle	sprinkle	213	0.887796406	0.895354295	0.901826714	0.903100586	0.903161621	0.903320312	0.903759766	0.020	0.478469785	0.887796406
am_0274_obj_018_洒水壶2	obj_018_洒水壶2	洒水壶2	spray_bottle	spray_bottle	grasp	360	0.588193309	0.627769293	0.660032535	0.693018780	0.725885591	0.798633170	0.867176660	0.020	0.478469785	0.588193309
am_0274_obj_018_洒水壶2	obj_018_洒水壶2	洒水壶2	spray_bottle	spray_bottle	press	179	0.491470846	0.523135825	0.563581919	0.605194349	0.636674600	0.720464115	0.824581427	0.020	0.478469785	0.491470846
am_0274_obj_018_洒水壶2	obj_018_洒水壶2	洒水壶2	spray_bottle	spray_bottle	pull	191	0.769063396	0.790710924	0.803491845	0.809957625	0.811446882	0.812918949	0.819165638	0.020	0.478469785	0.769063396
am_0274_obj_018_洒水壶2	obj_018_洒水壶2	洒水壶2	spray_bottle	spray_bottle	contain	2131	0.776060880	0.827465970	0.870236907	0.908117732	0.920738212	0.928089602	0.931979942	0.020	0.478469785	0.776060880
am_0275_obj_018_洒水壶2	obj_018_洒水壶2	洒水壶2	spray_bottle	spray_bottle	sprinkle	227	0.876713035	0.891007320	0.898048733	0.903051758	0.903112793	0.903234863	0.903649902	0.020	0.478469785	0.876713035
am_0275_obj_018_洒水壶2	obj_018_洒水壶2	洒水壶2	spray_bottle	spray_bottle	grasp	380	0.633326755	0.669217036	0.705484261	0.731728159	0.760680826	0.809973847	0.850579492	0.020	0.478469785	0.633326755
am_0275_obj_018_洒水壶2	obj_018_洒水壶2	洒水壶2	spray_bottle	spray_bottle	press	192	0.473749447	0.493077816	0.519198142	0.549435579	0.591390602	0.668844540	0.745627278	0.020	0.478469785	0.473749447
am_0275_obj_018_洒水壶2	obj_018_洒水壶2	洒水壶2	spray_bottle	spray_bottle	pull	207	0.553779736	0.573400313	0.594264969	0.612216834	0.626844706	0.655012380	0.685065377	0.020	0.478469785	0.553779736
am_0275_obj_018_洒水壶2	obj_018_洒水壶2	洒水壶2	spray_bottle	spray_bottle	contain	2092	0.780048869	0.830663437	0.873021020	0.916123882	0.926844681	0.931618944	0.933339087	0.020	0.478469785	0.780048869
am_0276_obj_018_洒水壶2	obj_018_洒水壶2	洒水壶2	spray_bottle	spray_bottle	sprinkle	222	0.752397059	0.814727198	0.860015497	0.883576325	0.894523111	0.903051758	0.903515625	0.020	0.478469785	0.752397059
am_0276_obj_018_洒水壶2	obj_018_洒水壶2	洒水壶2	spray_bottle	spray_bottle	grasp	361	0.710209632	0.734468096	0.763820765	0.795190625	0.826587713	0.873699731	0.890286738	0.020	0.478469785	0.710209632
am_0276_obj_018_洒水壶2	obj_018_洒水壶2	洒水壶2	spray_bottle	spray_bottle	press	185	0.675304074	0.727281583	0.747795404	0.765142722	0.791956613	0.854368067	0.875182093	0.020	0.478469785	0.675304074
am_0276_obj_018_洒水壶2	obj_018_洒水壶2	洒水壶2	spray_bottle	spray_bottle	pull	182	0.401888677	0.454331004	0.519073867	0.575395836	0.631048430	0.693680373	0.707486526	0.020	0.478469785	0.401888677
am_0276_obj_018_洒水壶2	obj_018_洒水壶2	洒水壶2	spray_bottle	spray_bottle	contain	2180	0.732047741	0.784668227	0.836839959	0.870802751	0.886750049	0.909305603	0.924595842	0.020	0.478469785	0.732047741
am_0277_obj_018_洒水壶2	obj_018_洒水壶2	洒水壶2	spray_bottle	spray_bottle	sprinkle	216	0.897313881	0.901226574	0.902832031	0.902905273	0.902954102	0.903076172	0.903515625	0.020	0.478469785	0.897313881
am_0277_obj_018_洒水壶2	obj_018_洒水壶2	洒水壶2	spray_bottle	spray_bottle	grasp	386	0.633217131	0.670481789	0.698726107	0.735972884	0.772952338	0.828547393	0.855199022	0.020	0.478469785	0.633217131
am_0277_obj_018_洒水壶2	obj_018_洒水壶2	洒水壶2	spray_bottle	spray_bottle	press	193	0.609341976	0.642471605	0.674760828	0.721381696	0.761414378	0.851491070	0.890043002	0.020	0.478469785	0.609341976
am_0277_obj_018_洒水壶2	obj_018_洒水壶2	洒水壶2	spray_bottle	spray_bottle	pull	192	0.590309296	0.603459826	0.609353501	0.618337227	0.631255785	0.669650253	0.722829523	0.020	0.478469785	0.590309296
am_0277_obj_018_洒水壶2	obj_018_洒水壶2	洒水壶2	spray_bottle	spray_bottle	contain	2077	0.765052717	0.825965714	0.872578773	0.904857043	0.915234811	0.927709944	0.932870964	0.020	0.478469785	0.765052717
am_0278_obj_018_洒水壶2	obj_018_洒水壶2	洒水壶2	spray_bottle	spray_bottle	sprinkle	215	0.603520887	0.642382610	0.658702789	0.665590701	0.666078982	0.666262087	0.666445193	0.020	0.478469785	0.603520887
am_0278_obj_018_洒水壶2	obj_018_洒水壶2	洒水壶2	spray_bottle	spray_bottle	grasp	356	0.696168147	0.723549641	0.746493446	0.777517721	0.832335628	0.894931596	0.903139091	0.020	0.478469785	0.696168147
am_0278_obj_018_洒水壶2	obj_018_洒水壶2	洒水壶2	spray_bottle	spray_bottle	press	176	0.219324676	0.242246368	0.291520282	0.323976829	0.365846334	0.468828538	0.599853823	0.020	0.478469785	0.219324676
am_0278_obj_018_洒水壶2	obj_018_洒水壶2	洒水壶2	spray_bottle	spray_bottle	pull	204	0.828383106	0.849331264	0.856430957	0.858656641	0.859116504	0.859739063	0.860630176	0.020	0.478469785	0.828383106
am_0278_obj_018_洒水壶2	obj_018_洒水壶2	洒水壶2	spray_bottle	spray_bottle	contain	2113	0.738703262	0.780435094	0.836413757	0.886604655	0.908106388	0.922930798	0.929702359	0.020	0.478469785	0.738703262
am_0279_obj_018_洒水壶2	obj_018_洒水壶2	洒水壶2	spray_bottle	spray_bottle	sprinkle	226	0.315980918	0.350390219	0.396824701	0.461761912	0.539238793	0.716593790	0.853941625	0.020	0.478469785	0.315980918
am_0279_obj_018_洒水壶2	obj_018_洒水壶2	洒水壶2	spray_bottle	spray_bottle	grasp	370	0.715121042	0.757487846	0.788345013	0.823312915	0.854886458	0.883649082	0.895870390	0.020	0.478469785	0.715121042
am_0279_obj_018_洒水壶2	obj_018_洒水壶2	洒水壶2	spray_bottle	spray_bottle	press	188	0.632207088	0.694885020	0.785039496	0.822112466	0.848517169	0.884894987	0.900575127	0.020	0.478469785	0.632207088
am_0279_obj_018_洒水壶2	obj_018_洒水壶2	洒水壶2	spray_bottle	spray_bottle	pull	188	0.494010322	0.555804695	0.602631179	0.646494066	0.682874061	0.742233842	0.743234818	0.020	0.478469785	0.494010322
am_0279_obj_018_洒水壶2	obj_018_洒水壶2	洒水壶2	spray_bottle	spray_bottle	contain	2118	0.767534059	0.814379711	0.860311439	0.896242402	0.911488529	0.922436609	0.927248900	0.020	0.478469785	0.767534059
am_0280_obj_018_洒水壶2	obj_018_洒水壶2	洒水壶2	spray_bottle	spray_bottle	sprinkle	218	0.877292740	0.894943591	0.901894871	0.902905273	0.902966309	0.903088379	0.903393555	0.020	0.478469785	0.877292740
am_0280_obj_018_洒水壶2	obj_018_洒水壶2	洒水壶2	spray_bottle	spray_bottle	grasp	361	0.595203143	0.627933741	0.661760996	0.694470604	0.719552238	0.775831150	0.831461175	0.020	0.478469785	0.595203143
am_0280_obj_018_洒水壶2	obj_018_洒水壶2	洒水壶2	spray_bottle	spray_bottle	press	195	0.002465820	0.002722168	0.003890639	0.004548769	0.011053847	0.041187353	0.110880158	0.020	0.478469785	0.002465820
am_0280_obj_018_洒水壶2	obj_018_洒水壶2	洒水壶2	spray_bottle	spray_bottle	pull	195	0.810670810	0.862008784	0.885812685	0.899921161	0.902868652	0.903454590	0.904394531	0.020	0.478469785	0.810670810
am_0280_obj_018_洒水壶2	obj_018_洒水壶2	洒水壶2	spray_bottle	spray_bottle	contain	2125	0.758531529	0.802061359	0.846768927	0.893161594	0.913846162	0.927588814	0.932856919	0.020	0.478469785	0.758531529
am_0281_obj_018_洒水壶2	obj_018_洒水壶2	洒水壶2	spray_bottle	spray_bottle	sprinkle	218	0.874458008	0.888885429	0.898267478	0.902023073	0.903076172	0.903161621	0.903698730	0.020	0.478469785	0.874458008
am_0281_obj_018_洒水壶2	obj_018_洒水壶2	洒水壶2	spray_bottle	spray_bottle	grasp	360	0.613770202	0.646965364	0.677963045	0.699769295	0.725260443	0.770380097	0.799749752	0.020	0.478469785	0.613770202
am_0281_obj_018_洒水壶2	obj_018_洒水壶2	洒水壶2	spray_bottle	spray_bottle	press	181	0.475821119	0.496656883	0.518557944	0.558711209	0.592733641	0.682823061	0.755650593	0.020	0.478469785	0.475821119
am_0281_obj_018_洒水壶2	obj_018_洒水壶2	洒水壶2	spray_bottle	spray_bottle	pull	179	0.703174652	0.721581873	0.734910450	0.745035414	0.754345958	0.787477298	0.816977705	0.020	0.478469785	0.703174652
am_0281_obj_018_洒水壶2	obj_018_洒水壶2	洒水壶2	spray_bottle	spray_bottle	contain	2125	0.769033742	0.817484126	0.864653781	0.903660687	0.921937098	0.930473413	0.933528862	0.020	0.478469785	0.769033742
am_0282_obj_018_洒水壶2	obj_018_洒水壶2	洒水壶2	spray_bottle	spray_bottle	sprinkle	225	0.573791681	0.641135174	0.715915204	0.770763312	0.819005591	0.878797226	0.904089355	0.020	0.478469785	0.573791681
am_0282_obj_018_洒水壶2	obj_018_洒水壶2	洒水壶2	spray_bottle	spray_bottle	grasp	354	0.737695173	0.794907582	0.827009399	0.850036922	0.862634616	0.870187274	0.872125671	0.020	0.478469785	0.737695173
am_0282_obj_018_洒水壶2	obj_018_洒水壶2	洒水壶2	spray_bottle	spray_bottle	press	175	0.563268657	0.607619152	0.644287968	0.676212000	0.725928059	0.819932683	0.892001572	0.020	0.478469785	0.563268657
am_0282_obj_018_洒水壶2	obj_018_洒水壶2	洒水壶2	spray_bottle	spray_bottle	pull	189	0.596540143	0.637109363	0.660931854	0.676771398	0.689322884	0.722000055	0.761952512	0.020	0.478469785	0.596540143
am_0282_obj_018_洒水壶2	obj_018_洒水壶2	洒水壶2	spray_bottle	spray_bottle	contain	2141	0.782478511	0.829413156	0.878653215	0.905149486	0.916259205	0.924949674	0.930730128	0.020	0.478469785	0.782478511
am_0283_obj_018_洒水壶2	obj_018_洒水壶2	洒水壶2	spray_bottle	spray_bottle	sprinkle	214	0.898487674	0.902746582	0.902783203	0.902807617	0.902917480	0.903039551	0.903564453	0.020	0.478469785	0.898487674
am_0283_obj_018_洒水壶2	obj_018_洒水壶2	洒水壶2	spray_bottle	spray_bottle	grasp	372	0.657286660	0.687026247	0.716329783	0.749514374	0.782237615	0.836420488	0.860486221	0.020	0.478469785	0.657286660
am_0283_obj_018_洒水壶2	obj_018_洒水壶2	洒水壶2	spray_bottle	spray_bottle	press	202	0.488456795	0.502380596	0.545213590	0.598841247	0.646142311	0.749689698	0.840928695	0.020	0.478469785	0.488456795
am_0283_obj_018_洒水壶2	obj_018_洒水壶2	洒水壶2	spray_bottle	spray_bottle	pull	179	0.555744099	0.567399348	0.577973014	0.588834497	0.599326731	0.626839509	0.691207614	0.020	0.478469785	0.555744099
am_0283_obj_018_洒水壶2	obj_018_洒水壶2	洒水壶2	spray_bottle	spray_bottle	contain	2145	0.774206684	0.828746968	0.876672470	0.907581189	0.915514252	0.924645172	0.931166243	0.020	0.478469785	0.774206684
am_0284_obj_018_洒水壶2	obj_018_洒水壶2	洒水壶2	spray_bottle	spray_bottle	sprinkle	221	0.455259797	0.498138615	0.544582366	0.594903536	0.655642301	0.802736837	0.888186374	0.020	0.478469785	0.455259797
am_0284_obj_018_洒水壶2	obj_018_洒水壶2	洒水壶2	spray_bottle	spray_bottle	grasp	410	0.759701760	0.783341886	0.808319715	0.837889178	0.870733729	0.898314327	0.899168819	0.020	0.478469785	0.759701760
am_0284_obj_018_洒水壶2	obj_018_洒水壶2	洒水壶2	spray_bottle	spray_bottle	press	181	0.701908648	0.760888934	0.799372853	0.818037457	0.824354666	0.867344383	0.898647699	0.020	0.478469785	0.701908648
am_0284_obj_018_洒水壶2	obj_018_洒水壶2	洒水壶2	spray_bottle	spray_bottle	pull	185	0.533807134	0.573532838	0.612746537	0.649142613	0.686580842	0.730739356	0.784724154	0.020	0.478469785	0.533807134
am_0284_obj_018_洒水壶2	obj_018_洒水壶2	洒水壶2	spray_bottle	spray_bottle	contain	2131	0.780492043	0.826886658	0.874222757	0.907227413	0.916547252	0.926093143	0.930288737	0.020	0.478469785	0.780492043
am_0285_obj_018_洒水壶2	obj_018_洒水壶2	洒水壶2	spray_bottle	spray_bottle	sprinkle	223	0.343976728	0.372673486	0.406340628	0.440925924	0.487634321	0.562978595	0.587660453	0.020	0.478469785	0.343976728
am_0285_obj_018_洒水壶2	obj_018_洒水壶2	洒水壶2	spray_bottle	spray_bottle	grasp	386	0.576223118	0.597121786	0.618992140	0.642607247	0.676762948	0.738924324	0.788282132	0.020	0.478469785	0.576223118
am_0285_obj_018_洒水壶2	obj_018_洒水壶2	洒水壶2	spray_bottle	spray_bottle	press	175	0.142074905	0.153080921	0.181123856	0.214166988	0.249952179	0.387650797	0.565723565	0.020	0.478469785	0.142074905
am_0285_obj_018_洒水壶2	obj_018_洒水壶2	洒水壶2	spray_bottle	spray_bottle	pull	208	0.771182697	0.778650969	0.780511568	0.780621431	0.784418340	0.787591602	0.789959859	0.020	0.478469785	0.771182697
am_0285_obj_018_洒水壶2	obj_018_洒水壶2	洒水壶2	spray_bottle	spray_bottle	contain	2170	0.755218544	0.804275604	0.846251000	0.889806714	0.910031971	0.926769874	0.932443963	0.020	0.478469785	0.755218544
am_0286_obj_018_洒水壶2	obj_018_洒水壶2	洒水壶2	spray_bottle	spray_bottle	sprinkle	228	0.167398266	0.178966890	0.195398539	0.216030870	0.249283340	0.372832975	0.508978735	0.020	0.478469785	0.167398266
am_0286_obj_018_洒水壶2	obj_018_洒水壶2	洒水壶2	spray_bottle	spray_bottle	grasp	347	0.637471305	0.670705080	0.703616785	0.748198594	0.801082508	0.866791010	0.882218217	0.020	0.478469785	0.637471305
am_0286_obj_018_洒水壶2	obj_018_洒水壶2	洒水壶2	spray_bottle	spray_bottle	press	198	0.263275861	0.310648589	0.347615265	0.396274384	0.435324430	0.509640002	0.590088471	0.020	0.478469785	0.263275861
am_0286_obj_018_洒水壶2	obj_018_洒水壶2	洒水壶2	spray_bottle	spray_bottle	pull	193	0.834283982	0.842538143	0.843487685	0.844231172	0.845681524	0.848631628	0.851069036	0.020	0.478469785	0.834283982
am_0286_obj_018_洒水壶2	obj_018_洒水壶2	洒水壶2	spray_bottle	spray_bottle	contain	2073	0.709060348	0.764776600	0.816627600	0.863080246	0.883570522	0.909988224	0.925434187	0.020	0.478469785	0.709060348
am_0287_obj_018_洒水壶2	obj_018_洒水壶2	洒水壶2	spray_bottle	spray_bottle	sprinkle	221	0.445625497	0.491372511	0.542810884	0.597686341	0.654116262	0.737736700	0.789979656	0.020	0.478469785	0.445625497
am_0287_obj_018_洒水壶2	obj_018_洒水壶2	洒水壶2	spray_bottle	spray_bottle	grasp	382	0.563453770	0.584842812	0.613609924	0.656195328	0.718250200	0.768340564	0.783978265	0.020	0.478469785	0.563453770
am_0287_obj_018_洒水壶2	obj_018_洒水壶2	洒水壶2	spray_bottle	spray_bottle	press	179	0.341843878	0.363442515	0.396282998	0.428757785	0.459919116	0.561039336	0.654064374	0.020	0.478469785	0.341843878
am_0287_obj_018_洒水壶2	obj_018_洒水壶2	洒水壶2	spray_bottle	spray_bottle	pull	198	0.698862560	0.701798925	0.704026112	0.709023119	0.710555197	0.729867297	0.754854585	0.020	0.478469785	0.698862560
am_0287_obj_018_洒水壶2	obj_018_洒水壶2	洒水壶2	spray_bottle	spray_bottle	contain	2151	0.676283493	0.728759270	0.782393878	0.833138639	0.855229800	0.882483845	0.905919518	0.020	0.478469785	0.676283493
am_0288_obj_019_盆栽	obj_019_盆栽	盆栽	open_container	plant_pot	grasp	728	0.552608669	0.634537016	0.698750347	0.748384512	0.779661528	0.822863563	0.851098473	0.020	0.478469785	0.552608669
am_0288_obj_019_盆栽	obj_019_盆栽	盆栽	open_container	plant_pot	contain	918	0.783743074	0.847017489	0.862542229	0.865367284	0.866600803	0.870410615	0.872717743	0.020	0.478469785	0.783743074
am_0289_obj_019_盆栽	obj_019_盆栽	盆栽	open_container	plant_pot	grasp	726	0.387058273	0.471819806	0.562519898	0.656732185	0.732550994	0.804653338	0.847795082	0.020	0.478469785	0.387058273
am_0289_obj_019_盆栽	obj_019_盆栽	盆栽	open_container	plant_pot	contain	924	0.816876020	0.890691012	0.904412504	0.911751277	0.914532453	0.919212031	0.922138958	0.020	0.478469785	0.816876020
am_0290_obj_019_盆栽	obj_019_盆栽	盆栽	open_container	plant_pot	grasp	754	0.340048704	0.397243721	0.459464036	0.530525900	0.583542144	0.672689402	0.719408145	0.020	0.478469785	0.340048704
am_0290_obj_019_盆栽	obj_019_盆栽	盆栽	open_container	plant_pot	contain	906	0.653365441	0.747687910	0.793055621	0.823936347	0.845969835	0.872286703	0.877092348	0.020	0.478469785	0.653365441
am_0291_obj_019_盆栽	obj_019_盆栽	盆栽	open_container	plant_pot	grasp	757	0.157606102	0.203951907	0.267977279	0.339706921	0.423316864	0.595499598	0.717044616	0.020	0.478469785	0.157606102
am_0291_obj_019_盆栽	obj_019_盆栽	盆栽	open_container	plant_pot	contain	928	0.745454009	0.823984972	0.846360051	0.861175060	0.869934621	0.875772317	0.877896340	0.020	0.478469785	0.745454009
am_0292_obj_019_盆栽	obj_019_盆栽	盆栽	open_container	plant_pot	grasp	727	0.395334929	0.484810282	0.564863026	0.654912742	0.741112260	0.836201091	0.875492219	0.020	0.478469785	0.395334929
am_0292_obj_019_盆栽	obj_019_盆栽	盆栽	open_container	plant_pot	contain	877	0.673493192	0.783270737	0.823823602	0.851237808	0.874248058	0.897646682	0.905100948	0.020	0.478469785	0.673493192
am_0293_obj_019_盆栽	obj_019_盆栽	盆栽	open_container	plant_pot	grasp	749	0.492916279	0.574572049	0.651232229	0.711426808	0.749077618	0.789136614	0.806274547	0.020	0.478469785	0.492916279
am_0293_obj_019_盆栽	obj_019_盆栽	盆栽	open_container	plant_pot	contain	880	0.784664074	0.865603717	0.897532213	0.908821127	0.916516758	0.920886230	0.923205566	0.020	0.478469785	0.784664074
am_0294_obj_019_盆栽	obj_019_盆栽	盆栽	open_container	plant_pot	grasp	757	0.458643135	0.562995426	0.659108547	0.740613750	0.800666433	0.852515777	0.868593636	0.020	0.478469785	0.458643135
am_0294_obj_019_盆栽	obj_019_盆栽	盆栽	open_container	plant_pot	contain	859	0.767518590	0.858045260	0.873392082	0.877871859	0.880402421	0.884365732	0.886843760	0.020	0.478469785	0.767518590
am_0295_obj_019_盆栽	obj_019_盆栽	盆栽	open_container	plant_pot	grasp	746	0.418209326	0.496695803	0.577781130	0.644182568	0.705196074	0.761505288	0.786098372	0.020	0.478469785	0.418209326
am_0295_obj_019_盆栽	obj_019_盆栽	盆栽	open_container	plant_pot	contain	909	0.830602514	0.897725996	0.911495422	0.914205904	0.915863301	0.919610859	0.921612812	0.020	0.478469785	0.830602514
am_0296_obj_019_盆栽	obj_019_盆栽	盆栽	open_container	plant_pot	grasp	747	0.302881817	0.360903501	0.434466454	0.520656425	0.600801943	0.701362057	0.804357535	0.020	0.478469785	0.302881817
am_0296_obj_019_盆栽	obj_019_盆栽	盆栽	open_container	plant_pot	contain	879	0.813941346	0.876114945	0.897389120	0.903332305	0.907271969	0.911349222	0.913888284	0.020	0.478469785	0.813941346
am_0297_obj_019_盆栽	obj_019_盆栽	盆栽	open_container	plant_pot	grasp	742	0.342384916	0.414508354	0.486088776	0.568479849	0.646734182	0.742517843	0.801928892	0.020	0.478469785	0.342384916
am_0297_obj_019_盆栽	obj_019_盆栽	盆栽	open_container	plant_pot	contain	918	0.790123983	0.860555527	0.876852920	0.880905237	0.882532763	0.885955678	0.888775503	0.020	0.478469785	0.790123983
am_0298_obj_019_盆栽	obj_019_盆栽	盆栽	open_container	plant_pot	grasp	724	0.346310920	0.417208493	0.493190375	0.567641507	0.627445738	0.720753560	0.770511247	0.020	0.478469785	0.346310920
am_0298_obj_019_盆栽	obj_019_盆栽	盆栽	open_container	plant_pot	contain	921	0.798721874	0.877860360	0.893961176	0.901705061	0.906834335	0.915560456	0.920332316	0.020	0.478469785	0.798721874
am_0299_obj_019_盆栽	obj_019_盆栽	盆栽	open_container	plant_pot	grasp	721	0.267299673	0.314356252	0.366414062	0.412393157	0.455370992	0.537023958	0.581654598	0.020	0.478469785	0.267299673
am_0299_obj_019_盆栽	obj_019_盆栽	盆栽	open_container	plant_pot	contain	919	0.769935579	0.838001554	0.854748664	0.867568337	0.874611419	0.884237584	0.887645359	0.020	0.478469785	0.769935579
am_0300_obj_019_盆栽	obj_019_盆栽	盆栽	open_container	plant_pot	grasp	722	0.229006562	0.276632378	0.337970798	0.402341891	0.468549576	0.579663037	0.647035738	0.020	0.478469785	0.229006562
am_0300_obj_019_盆栽	obj_019_盆栽	盆栽	open_container	plant_pot	contain	900	0.693393539	0.782633091	0.817505623	0.838683090	0.851680943	0.859869054	0.862629021	0.020	0.478469785	0.693393539
am_0301_obj_019_盆栽	obj_019_盆栽	盆栽	open_container	plant_pot	grasp	749	0.624753134	0.722177764	0.796040541	0.848677741	0.874922602	0.903759924	0.914848094	0.020	0.478469785	0.624753134
am_0301_obj_019_盆栽	obj_019_盆栽	盆栽	open_container	plant_pot	contain	880	0.813440267	0.899768365	0.909959697	0.914463789	0.916145628	0.919487356	0.922002005	0.020	0.478469785	0.813440267
am_0302_obj_019_盆栽	obj_019_盆栽	盆栽	open_container	plant_pot	grasp	722	0.387232524	0.449335143	0.510547709	0.572844523	0.620346775	0.698876890	0.749774754	0.020	0.478469785	0.387232524
am_0302_obj_019_盆栽	obj_019_盆栽	盆栽	open_container	plant_pot	contain	909	0.827303037	0.891108673	0.904977679	0.913265273	0.916513964	0.920642090	0.922595215	0.020	0.478469785	0.827303037
am_0303_obj_019_盆栽	obj_019_盆栽	盆栽	open_container	plant_pot	grasp	716	0.348587185	0.422439797	0.494098557	0.563474681	0.629629628	0.714944101	0.757752964	0.020	0.478469785	0.348587185
am_0303_obj_019_盆栽	obj_019_盆栽	盆栽	open_container	plant_pot	contain	906	0.806318191	0.879405905	0.894049855	0.900026021	0.903845630	0.908302679	0.911200116	0.020	0.478469785	0.806318191
am_0304_obj_020_盘子	obj_020_盘子	盘子	plate	plate	grasp	1005	0.767073812	0.831358735	0.869462802	0.893813575	0.908966408	0.919630632	0.923018697	0.020	0.478469785	0.767073812
am_0304_obj_020_盘子	obj_020_盘子	盘子	plate	plate	place	1748	0.856206062	0.888580600	0.905947838	0.914789693	0.921036784	0.925978312	0.930132807	0.020	0.478469785	0.856206062
am_0305_obj_020_盘子	obj_020_盘子	盘子	plate	plate	grasp	994	0.770139208	0.834084626	0.869443493	0.887910627	0.902370361	0.915876355	0.920925042	0.020	0.478469785	0.770139208
am_0305_obj_020_盘子	obj_020_盘子	盘子	plate	plate	place	1681	0.831800491	0.867863933	0.890718139	0.904528745	0.913861698	0.925187821	0.930469185	0.020	0.478469785	0.831800491
am_0306_obj_020_盘子	obj_020_盘子	盘子	plate	plate	grasp	993	0.719397096	0.787112379	0.827682877	0.858196880	0.887296361	0.916078439	0.922132114	0.020	0.478469785	0.719397096
am_0306_obj_020_盘子	obj_020_盘子	盘子	plate	plate	place	1667	0.862022748	0.889895888	0.908443069	0.918132411	0.923667920	0.927746937	0.930554199	0.020	0.478469785	0.862022748
am_0307_obj_020_盘子	obj_020_盘子	盘子	plate	plate	grasp	1017	0.818629585	0.866974101	0.896643442	0.909231898	0.916835364	0.920895338	0.923849051	0.020	0.478469785	0.818629585
am_0307_obj_020_盘子	obj_020_盘子	盘子	plate	plate	place	1662	0.845204610	0.872576961	0.893165064	0.905156655	0.913169550	0.923595081	0.929465474	0.020	0.478469785	0.845204610
am_0308_obj_020_盘子	obj_020_盘子	盘子	plate	plate	grasp	1000	0.691225770	0.755707978	0.811553438	0.863437851	0.888942965	0.916545298	0.922065083	0.020	0.478469785	0.691225770
am_0308_obj_020_盘子	obj_020_盘子	盘子	plate	plate	place	1682	0.854416026	0.887264338	0.905782919	0.915997441	0.921879395	0.927585157	0.930249023	0.020	0.478469785	0.854416026
am_0309_obj_020_盘子	obj_020_盘子	盘子	plate	plate	grasp	1040	0.710951925	0.756564054	0.796869360	0.825610282	0.846982253	0.880849870	0.906429093	0.020	0.478469785	0.710951925
am_0309_obj_020_盘子	obj_020_盘子	盘子	plate	plate	place	1673	0.875170128	0.899325362	0.912148005	0.918415065	0.922336486	0.927027699	0.930261230	0.020	0.478469785	0.875170128
am_0310_obj_020_盘子	obj_020_盘子	盘子	plate	plate	grasp	1001	0.735857522	0.793008258	0.829775637	0.853527539	0.870875282	0.897313651	0.913162761	0.020	0.478469785	0.735857522
am_0310_obj_020_盘子	obj_020_盘子	盘子	plate	plate	place	1696	0.833668996	0.877912031	0.900217500	0.912644592	0.922013133	0.927851932	0.930615234	0.020	0.478469785	0.833668996
am_0311_obj_020_盘子	obj_020_盘子	盘子	plate	plate	grasp	1019	0.783460471	0.838109584	0.874055138	0.893170860	0.906242957	0.919097565	0.923146095	0.020	0.478469785	0.783460471
am_0311_obj_020_盘子	obj_020_盘子	盘子	plate	plate	place	1682	0.846106807	0.876751322	0.900405785	0.915722975	0.923412828	0.928016333	0.930297852	0.020	0.478469785	0.846106807
am_0312_obj_020_盘子	obj_020_盘子	盘子	plate	plate	grasp	993	0.683323690	0.754955328	0.807364162	0.848355640	0.873818701	0.906737364	0.920162232	0.020	0.478469785	0.683323690
am_0312_obj_020_盘子	obj_020_盘子	盘子	plate	plate	place	1657	0.849027122	0.881823713	0.900213864	0.911409747	0.919843483	0.927555162	0.930727752	0.020	0.478469785	0.849027122
am_0313_obj_020_盘子	obj_020_盘子	盘子	plate	plate	grasp	971	0.717987901	0.770480385	0.818122406	0.854868626	0.878464093	0.909123381	0.921257182	0.020	0.478469785	0.717987901
am_0313_obj_020_盘子	obj_020_盘子	盘子	plate	plate	place	1681	0.866534013	0.894464215	0.909843280	0.918859397	0.922509568	0.928347292	0.930908203	0.020	0.478469785	0.866534013
am_0314_obj_020_盘子	obj_020_盘子	盘子	plate	plate	grasp	1059	0.832308843	0.876113653	0.903442976	0.911352555	0.916850239	0.921280411	0.923620605	0.020	0.478469785	0.832308843
am_0314_obj_020_盘子	obj_020_盘子	盘子	plate	plate	place	1647	0.860550237	0.893104334	0.914261558	0.921617745	0.924225888	0.927476277	0.929626465	0.020	0.478469785	0.860550237
am_0315_obj_020_盘子	obj_020_盘子	盘子	plate	plate	grasp	972	0.593569436	0.645696999	0.691550254	0.737001266	0.769912762	0.819540208	0.854142003	0.020	0.478469785	0.593569436
am_0315_obj_020_盘子	obj_020_盘子	盘子	plate	plate	place	1742	0.690202017	0.733194836	0.771081562	0.802335363	0.830806423	0.877238728	0.909518972	0.020	0.478469785	0.690202017
am_0316_obj_020_盘子	obj_020_盘子	盘子	plate	plate	grasp	988	0.747907794	0.803462742	0.840534024	0.862851600	0.888945347	0.910118205	0.920064983	0.020	0.478469785	0.747907794
am_0316_obj_020_盘子	obj_020_盘子	盘子	plate	plate	place	1731	0.878417712	0.904217938	0.916018617	0.922217938	0.924906722	0.928417219	0.930761719	0.020	0.478469785	0.878417712
am_0317_obj_020_盘子	obj_020_盘子	盘子	plate	plate	grasp	999	0.694916626	0.755891867	0.806568638	0.845321731	0.870873739	0.904944879	0.920009221	0.020	0.478469785	0.694916626
am_0317_obj_020_盘子	obj_020_盘子	盘子	plate	plate	place	1690	0.864704154	0.894285318	0.910513601	0.918767279	0.923213209	0.927937644	0.930566406	0.020	0.478469785	0.864704154
am_0318_obj_020_盘子	obj_020_盘子	盘子	plate	plate	grasp	989	0.737740628	0.795294846	0.827795893	0.852467314	0.875788224	0.901948153	0.917369200	0.020	0.478469785	0.737740628
am_0318_obj_020_盘子	obj_020_盘子	盘子	plate	plate	place	1667	0.876244050	0.903469586	0.917885857	0.922878706	0.925351880	0.928356934	0.930480957	0.020	0.478469785	0.876244050
am_0319_obj_020_盘子	obj_020_盘子	盘子	plate	plate	grasp	1029	0.689493396	0.748177450	0.799837196	0.842472237	0.875034013	0.911000273	0.922137852	0.020	0.478469785	0.689493396
am_0319_obj_020_盘子	obj_020_盘子	盘子	plate	plate	place	1709	0.846258813	0.878302298	0.898354401	0.912467017	0.919571041	0.927604691	0.930629100	0.020	0.478469785	0.846258813
am_0320_obj_021_盘子2	obj_021_盘子2	盘子2	plate	plate	grasp	1348	0.861476003	0.901417308	0.917547978	0.922338887	0.924750135	0.927319336	0.930114746	0.020	0.478469785	0.861476003
am_0320_obj_021_盘子2	obj_021_盘子2	盘子2	plate	plate	place	1552	0.845386279	0.887412509	0.906731934	0.919661588	0.924802867	0.928867640	0.931933594	0.020	0.478469785	0.845386279
am_0321_obj_021_盘子2	obj_021_盘子2	盘子2	plate	plate	grasp	1313	0.839759585	0.886747195	0.907990083	0.917368358	0.921920579	0.926557151	0.929748535	0.020	0.478469785	0.839759585
am_0321_obj_021_盘子2	obj_021_盘子2	盘子2	plate	plate	place	1572	0.802074113	0.846043151	0.883688572	0.907502668	0.919637327	0.928668140	0.932226563	0.020	0.478469785	0.802074113
am_0322_obj_021_盘子2	obj_021_盘子2	盘子2	plate	plate	grasp	1366	0.707500287	0.766499654	0.813046064	0.848629514	0.869605311	0.899960450	0.919145244	0.020	0.478469785	0.707500287
am_0322_obj_021_盘子2	obj_021_盘子2	盘子2	plate	plate	place	1535	0.829446979	0.867946093	0.891241539	0.905801832	0.913661998	0.926349923	0.931514477	0.020	0.478469785	0.829446979
am_0323_obj_021_盘子2	obj_021_盘子2	盘子2	plate	plate	grasp	1376	0.789471497	0.842474529	0.880123848	0.903674243	0.914384638	0.924658648	0.928803810	0.020	0.478469785	0.789471497
am_0323_obj_021_盘子2	obj_021_盘子2	盘子2	plate	plate	place	1531	0.782759129	0.823828097	0.857900890	0.878231489	0.896525052	0.920177537	0.930728338	0.020	0.478469785	0.782759129
am_0324_obj_021_盘子2	obj_021_盘子2	盘子2	plate	plate	grasp	1368	0.729184222	0.792409162	0.843979087	0.875128107	0.897210694	0.919349262	0.929080743	0.020	0.478469785	0.729184222
am_0324_obj_021_盘子2	obj_021_盘子2	盘子2	plate	plate	place	1525	0.833847519	0.872899422	0.895172824	0.907852098	0.918710860	0.927413178	0.931250000	0.020	0.478469785	0.833847519
am_0325_obj_021_盘子2	obj_021_盘子2	盘子2	plate	plate	grasp	1405	0.849228657	0.895813971	0.914920494	0.922838820	0.925097656	0.927758789	0.930346680	0.020	0.478469785	0.849228657
am_0325_obj_021_盘子2	obj_021_盘子2	盘子2	plate	plate	place	1535	0.841120356	0.878490612	0.903895896	0.914823207	0.921960519	0.927574130	0.930871582	0.020	0.478469785	0.841120356
am_0326_obj_021_盘子2	obj_021_盘子2	盘子2	plate	plate	grasp	1372	0.807657074	0.857894851	0.884066724	0.900147338	0.912881354	0.923565738	0.929783723	0.020	0.478469785	0.807657074
am_0326_obj_021_盘子2	obj_021_盘子2	盘子2	plate	plate	place	1548	0.829352760	0.876628133	0.899709265	0.914895097	0.921905067	0.928104822	0.931250000	0.020	0.478469785	0.829352760
am_0327_obj_021_盘子2	obj_021_盘子2	盘子2	plate	plate	grasp	1360	0.825800645	0.872763046	0.904253998	0.916670160	0.921678414	0.927732805	0.930102539	0.020	0.478469785	0.825800645
am_0327_obj_021_盘子2	obj_021_盘子2	盘子2	plate	plate	place	1550	0.847761472	0.882216043	0.899483161	0.913492748	0.920185384	0.927415440	0.931029787	0.020	0.478469785	0.847761472
am_0328_obj_021_盘子2	obj_021_盘子2	盘子2	plate	plate	grasp	1379	0.824118646	0.871206260	0.898059224	0.912896526	0.921022476	0.927461086	0.930737305	0.020	0.478469785	0.824118646
am_0328_obj_021_盘子2	obj_021_盘子2	盘子2	plate	plate	place	1551	0.843817319	0.881615864	0.909264336	0.918644954	0.922717895	0.928597864	0.931738281	0.020	0.478469785	0.843817319
am_0329_obj_021_盘子2	obj_021_盘子2	盘子2	plate	plate	grasp	1441	0.821626999	0.872381302	0.903459150	0.917659511	0.923514372	0.927863752	0.930639648	0.020	0.478469785	0.821626999
am_0329_obj_021_盘子2	obj_021_盘子2	盘子2	plate	plate	place	1509	0.831535509	0.875015476	0.900538286	0.915213252	0.923590602	0.927494773	0.930493164	0.020	0.478469785	0.831535509
am_0330_obj_021_盘子2	obj_021_盘子2	盘子2	plate	plate	grasp	1353	0.811222069	0.860980620	0.891749361	0.909246758	0.918348891	0.927057273	0.930199433	0.020	0.478469785	0.811222069
am_0330_obj_021_盘子2	obj_021_盘子2	盘子2	plate	plate	place	1539	0.824656028	0.866827480	0.890639192	0.906842072	0.918403286	0.928139593	0.931359227	0.020	0.478469785	0.824656028
am_0331_obj_021_盘子2	obj_021_盘子2	盘子2	plate	plate	grasp	1366	0.808912558	0.851681904	0.882360634	0.897625776	0.910580717	0.923923311	0.930107776	0.020	0.478469785	0.808912558
am_0331_obj_021_盘子2	obj_021_盘子2	盘子2	plate	plate	place	1529	0.811528127	0.854094476	0.887485107	0.904953863	0.915179995	0.926616739	0.931409279	0.020	0.478469785	0.811528127
am_0332_obj_021_盘子2	obj_021_盘子2	盘子2	plate	plate	grasp	1372	0.812942656	0.859611822	0.887981488	0.904051085	0.915508834	0.926163876	0.930392985	0.020	0.478469785	0.812942656
am_0332_obj_021_盘子2	obj_021_盘子2	盘子2	plate	plate	place	1554	0.820374804	0.855762798	0.883135290	0.903829333	0.915803168	0.926593178	0.931285142	0.020	0.478469785	0.820374804
am_0333_obj_021_盘子2	obj_021_盘子2	盘子2	plate	plate	grasp	1408	0.855795549	0.895980835	0.913641198	0.921699308	0.925012331	0.928198242	0.930749512	0.020	0.478469785	0.855795549
am_0333_obj_021_盘子2	obj_021_盘子2	盘子2	plate	plate	place	1494	0.785952034	0.831952017	0.869493384	0.894080706	0.911280423	0.926634328	0.931015271	0.020	0.478469785	0.785952034
am_0334_obj_021_盘子2	obj_021_盘子2	盘子2	plate	plate	grasp	1396	0.855043428	0.892743041	0.913429512	0.922260410	0.924658312	0.927575684	0.930236816	0.020	0.478469785	0.855043428
am_0334_obj_021_盘子2	obj_021_盘子2	盘子2	plate	plate	place	1532	0.850692418	0.885769800	0.906972068	0.917163879	0.923380554	0.928242806	0.931213379	0.020	0.478469785	0.850692418
am_0335_obj_021_盘子2	obj_021_盘子2	盘子2	plate	plate	grasp	1322	0.835673004	0.879128864	0.902531912	0.915363170	0.921585977	0.927172664	0.930219194	0.020	0.478469785	0.835673004
am_0335_obj_021_盘子2	obj_021_盘子2	盘子2	plate	plate	place	1556	0.836492953	0.877746211	0.901601840	0.915208151	0.922785860	0.928405921	0.931982422	0.020	0.478469785	0.836492953
am_0336_obj_022_碗	obj_022_碗	碗	open_container	bowl	grasp	961	0.844383400	0.887577679	0.910638672	0.915820668	0.918438638	0.920907552	0.923287923	0.020	0.478469785	0.844383400
am_0336_obj_022_碗	obj_022_碗	碗	open_container	bowl	contain	2631	0.856191580	0.893626050	0.914846361	0.930800435	0.939038801	0.946074516	0.948193359	0.020	0.478469785	0.856191580
am_0337_obj_022_碗	obj_022_碗	碗	open_container	bowl	grasp	971	0.794990740	0.846467841	0.878996587	0.896988830	0.907419488	0.916668706	0.921122981	0.020	0.478469785	0.794990740
am_0337_obj_022_碗	obj_022_碗	碗	open_container	bowl	contain	2617	0.868398451	0.902702221	0.919707890	0.931843176	0.939052926	0.946061513	0.947900391	0.020	0.478469785	0.868398451
am_0338_obj_022_碗	obj_022_碗	碗	open_container	bowl	grasp	913	0.707299572	0.769766996	0.812336271	0.840537784	0.857668558	0.879634767	0.887621326	0.020	0.478469785	0.707299572
am_0338_obj_022_碗	obj_022_碗	碗	open_container	bowl	contain	2642	0.851104754	0.889246766	0.914976768	0.930383238	0.938719526	0.945103246	0.947854936	0.020	0.478469785	0.851104754
am_0339_obj_022_碗	obj_022_碗	碗	open_container	bowl	grasp	913	0.852717011	0.896214415	0.912274942	0.915750884	0.917194461	0.919330691	0.921564578	0.020	0.478469785	0.852717011
am_0339_obj_022_碗	obj_022_碗	碗	open_container	bowl	contain	2654	0.863490830	0.897513779	0.919338090	0.932645565	0.940594990	0.945852530	0.948120117	0.020	0.478469785	0.863490830
am_0340_obj_022_碗	obj_022_碗	碗	open_container	bowl	grasp	962	0.836530916	0.883250903	0.905978243	0.915408962	0.917901601	0.920349121	0.922326660	0.020	0.478469785	0.836530916
am_0340_obj_022_碗	obj_022_碗	碗	open_container	bowl	contain	2612	0.865925418	0.896471638	0.917571701	0.932132093	0.939605611	0.946095468	0.948034668	0.020	0.478469785	0.865925418
am_0341_obj_022_碗	obj_022_碗	碗	open_container	bowl	grasp	942	0.803475664	0.850402638	0.873502075	0.890495643	0.901490569	0.912897043	0.922064144	0.020	0.478469785	0.803475664
am_0341_obj_022_碗	obj_022_碗	碗	open_container	bowl	contain	2634	0.873419059	0.904120886	0.923877983	0.934578739	0.940653906	0.946560397	0.948547363	0.020	0.478469785	0.873419059
am_0342_obj_022_碗	obj_022_碗	碗	open_container	bowl	grasp	980	0.776420982	0.826955706	0.857236785	0.877335623	0.891695204	0.912822425	0.922123808	0.020	0.478469785	0.776420982
am_0342_obj_022_碗	obj_022_碗	碗	open_container	bowl	contain	2601	0.818286152	0.856028909	0.891811618	0.912330895	0.928811134	0.942283238	0.947362322	0.020	0.478469785	0.818286152
am_0343_obj_022_碗	obj_022_碗	碗	open_container	bowl	grasp	945	0.814219257	0.879714342	0.901749183	0.911622670	0.915317501	0.919659133	0.922677663	0.020	0.478469785	0.814219257
am_0343_obj_022_碗	obj_022_碗	碗	open_container	bowl	contain	2634	0.866535807	0.900377778	0.922694851	0.934488088	0.940994500	0.946527895	0.948327637	0.020	0.478469785	0.866535807
am_0344_obj_022_碗	obj_022_碗	碗	open_container	bowl	grasp	908	0.741804301	0.810502754	0.858279172	0.881867489	0.901742478	0.918020389	0.922774576	0.020	0.478469785	0.741804301
am_0344_obj_022_碗	obj_022_碗	碗	open_container	bowl	contain	2643	0.805579083	0.850063030	0.882333984	0.906959246	0.925114435	0.943610093	0.948195265	0.020	0.478469785	0.805579083
am_0345_obj_022_碗	obj_022_碗	碗	open_container	bowl	grasp	922	0.690860411	0.751330365	0.782845073	0.809741930	0.826813283	0.843484421	0.851873683	0.020	0.478469785	0.690860411
am_0345_obj_022_碗	obj_022_碗	碗	open_container	bowl	contain	2636	0.824286753	0.867879794	0.898683126	0.920786365	0.934242125	0.945610476	0.948277542	0.020	0.478469785	0.824286753
am_0346_obj_022_碗	obj_022_碗	碗	open_container	bowl	grasp	948	0.850584923	0.896338377	0.913539379	0.916900859	0.918673772	0.921130371	0.923291016	0.020	0.478469785	0.850584923
am_0346_obj_022_碗	obj_022_碗	碗	open_container	bowl	contain	2615	0.870945959	0.906869394	0.925412559	0.934316346	0.940576270	0.945885757	0.947827685	0.020	0.478469785	0.870945959
am_0347_obj_022_碗	obj_022_碗	碗	open_container	bowl	grasp	906	0.624377253	0.682012608	0.723401563	0.749376795	0.767459586	0.794648511	0.804714340	0.020	0.478469785	0.624377253
am_0347_obj_022_碗	obj_022_碗	碗	open_container	bowl	contain	2620	0.747753434	0.791471374	0.826918153	0.858832023	0.883354694	0.915606139	0.931864837	0.020	0.478469785	0.747753434
am_0348_obj_022_碗	obj_022_碗	碗	open_container	bowl	grasp	974	0.743281708	0.813940127	0.858196806	0.883615833	0.898210281	0.911923372	0.920450327	0.020	0.478469785	0.743281708
am_0348_obj_022_碗	obj_022_碗	碗	open_container	bowl	contain	2600	0.870726568	0.901568365	0.920979925	0.931938192	0.938504087	0.945708936	0.948266602	0.020	0.478469785	0.870726568
am_0349_obj_022_碗	obj_022_碗	碗	open_container	bowl	grasp	937	0.776616893	0.842892922	0.874694022	0.893108408	0.904851001	0.917497777	0.922411768	0.020	0.478469785	0.776616893
am_0349_obj_022_碗	obj_022_碗	碗	open_container	bowl	contain	2590	0.830849050	0.875742098	0.908059901	0.927206271	0.937825969	0.945815032	0.947854711	0.020	0.478469785	0.830849050
am_0350_obj_022_碗	obj_022_碗	碗	open_container	bowl	grasp	934	0.759501458	0.822281144	0.857288882	0.881273325	0.896067619	0.912704281	0.922026635	0.020	0.478469785	0.759501458
am_0350_obj_022_碗	obj_022_碗	碗	open_container	bowl	contain	2636	0.848456005	0.883820621	0.909297099	0.926071761	0.936619649	0.944935551	0.947631836	0.020	0.478469785	0.848456005
am_0351_obj_022_碗	obj_022_碗	碗	open_container	bowl	grasp	948	0.617142371	0.673381119	0.722476935	0.764168344	0.795790633	0.852218598	0.882126949	0.020	0.478469785	0.617142371
am_0351_obj_022_碗	obj_022_碗	碗	open_container	bowl	contain	2665	0.762840786	0.806471122	0.842334500	0.871147984	0.893862088	0.916258419	0.929594356	0.020	0.478469785	0.762840786
am_0352_obj_023_碗2	obj_023_碗2	碗2	open_container	bowl	grasp	1415	0.733224261	0.774442863	0.806150722	0.831514866	0.853170160	0.891781277	0.908687301	0.020	0.478469785	0.733224261
am_0352_obj_023_碗2	obj_023_碗2	碗2	open_container	bowl	contain	2476	0.808804293	0.847520452	0.872129834	0.889110847	0.904074292	0.922666581	0.935218351	0.020	0.478469785	0.808804293
am_0353_obj_023_碗2	obj_023_碗2	碗2	open_container	bowl	grasp	1404	0.749884413	0.800551254	0.842558710	0.862917973	0.881191495	0.905057732	0.916852119	0.020	0.478469785	0.749884413
am_0353_obj_023_碗2	obj_023_碗2	碗2	open_container	bowl	contain	2500	0.830672629	0.865525636	0.886203435	0.902033006	0.916741261	0.933734675	0.941764518	0.020	0.478469785	0.830672629
am_0354_obj_023_碗2	obj_023_碗2	碗2	open_container	bowl	grasp	1415	0.777121093	0.819897424	0.850441615	0.869487076	0.884578567	0.905983839	0.916505873	0.020	0.478469785	0.777121093
am_0354_obj_023_碗2	obj_023_碗2	碗2	open_container	bowl	contain	2483	0.824425525	0.856961475	0.883882299	0.902112605	0.914614564	0.931975233	0.940631569	0.020	0.478469785	0.824425525
am_0355_obj_023_碗2	obj_023_碗2	碗2	open_container	bowl	grasp	1431	0.759936886	0.802278603	0.832107210	0.854293296	0.873227903	0.895185798	0.907914495	0.020	0.478469785	0.759936886
am_0355_obj_023_碗2	obj_023_碗2	碗2	open_container	bowl	contain	2473	0.835924915	0.872446516	0.896630772	0.910106453	0.921363428	0.933570597	0.940802962	0.020	0.478469785	0.835924915
am_0356_obj_023_碗2	obj_023_碗2	碗2	open_container	bowl	grasp	1380	0.680075836	0.718270643	0.751420237	0.782217585	0.808532720	0.843394983	0.867044311	0.020	0.478469785	0.680075836
am_0356_obj_023_碗2	obj_023_碗2	碗2	open_container	bowl	contain	2515	0.827862333	0.864733896	0.886893747	0.904478005	0.916150364	0.932536412	0.940431532	0.020	0.478469785	0.827862333
am_0357_obj_023_碗2	obj_023_碗2	碗2	open_container	bowl	grasp	1431	0.767904596	0.812947944	0.850637977	0.875378662	0.890148378	0.908539590	0.916455480	0.020	0.478469785	0.767904596
am_0357_obj_023_碗2	obj_023_碗2	碗2	open_container	bowl	contain	2474	0.853659296	0.890001259	0.910898452	0.922307753	0.930042510	0.939428280	0.943220214	0.020	0.478469785	0.853659296
am_0358_obj_023_碗2	obj_023_碗2	碗2	open_container	bowl	grasp	1371	0.810184150	0.848980481	0.878472007	0.897729366	0.906046924	0.917562550	0.923996047	0.020	0.478469785	0.810184150
am_0358_obj_023_碗2	obj_023_碗2	碗2	open_container	bowl	contain	2530	0.851913664	0.883684658	0.906616265	0.920912077	0.929835169	0.938664931	0.942997783	0.020	0.478469785	0.851913664
am_0359_obj_023_碗2	obj_023_碗2	碗2	open_container	bowl	grasp	1410	0.792546873	0.839887579	0.866432908	0.885879048	0.896064410	0.912701762	0.921370503	0.020	0.478469785	0.792546873
am_0359_obj_023_碗2	obj_023_碗2	碗2	open_container	bowl	contain	2492	0.852727803	0.884017577	0.901827825	0.916264770	0.925717808	0.936018664	0.941867554	0.020	0.478469785	0.852727803
am_0360_obj_023_碗2	obj_023_碗2	碗2	open_container	bowl	grasp	1406	0.703112407	0.743090785	0.778348145	0.808034439	0.826381139	0.853293580	0.880086779	0.020	0.478469785	0.703112407
am_0360_obj_023_碗2	obj_023_碗2	碗2	open_container	bowl	contain	2507	0.869044728	0.899997287	0.916788931	0.926443017	0.931680090	0.938450513	0.942583814	0.020	0.478469785	0.869044728
am_0361_obj_023_碗2	obj_023_碗2	碗2	open_container	bowl	grasp	1353	0.780203994	0.826302501	0.861070129	0.888229640	0.898864627	0.911870281	0.917771115	0.020	0.478469785	0.780203994
am_0361_obj_023_碗2	obj_023_碗2	碗2	open_container	bowl	contain	2540	0.851886941	0.887220981	0.910761795	0.922073039	0.930399176	0.938788056	0.942624014	0.020	0.478469785	0.851886941
am_0362_obj_023_碗2	obj_023_碗2	碗2	open_container	bowl	grasp	1404	0.745882471	0.794185223	0.830614870	0.862778423	0.885301658	0.908768322	0.918390215	0.020	0.478469785	0.745882471
am_0362_obj_023_碗2	obj_023_碗2	碗2	open_container	bowl	contain	2486	0.822479420	0.859077281	0.885418645	0.902643139	0.916723023	0.932494772	0.940812266	0.020	0.478469785	0.822479420
am_0363_obj_023_碗2	obj_023_碗2	碗2	open_container	bowl	grasp	1423	0.655769684	0.704480971	0.747490024	0.786293360	0.814970527	0.859930381	0.887695311	0.020	0.478469785	0.655769684
am_0363_obj_023_碗2	obj_023_碗2	碗2	open_container	bowl	contain	2473	0.769785749	0.817962472	0.851739257	0.873808091	0.891834338	0.923679472	0.940087141	0.020	0.478469785	0.769785749
am_0364_obj_023_碗2	obj_023_碗2	碗2	open_container	bowl	grasp	1391	0.657209469	0.705843265	0.743970387	0.777127244	0.798864555	0.828723477	0.849339336	0.020	0.478469785	0.657209469
am_0364_obj_023_碗2	obj_023_碗2	碗2	open_container	bowl	contain	2502	0.796530381	0.833215931	0.859456463	0.881448302	0.896975219	0.915013951	0.927789435	0.020	0.478469785	0.796530381
am_0365_obj_023_碗2	obj_023_碗2	碗2	open_container	bowl	grasp	1414	0.806252020	0.848710049	0.878043899	0.897506584	0.906406834	0.917913518	0.923541049	0.020	0.478469785	0.806252020
am_0365_obj_023_碗2	obj_023_碗2	碗2	open_container	bowl	contain	2486	0.867177069	0.900551372	0.917789767	0.926966073	0.934122401	0.939927223	0.942900763	0.020	0.478469785	0.867177069
am_0366_obj_023_碗2	obj_023_碗2	碗2	open_container	bowl	grasp	1402	0.770451746	0.817146840	0.849116078	0.867948384	0.880704387	0.898292157	0.909693016	0.020	0.478469785	0.770451746
am_0366_obj_023_碗2	obj_023_碗2	碗2	open_container	bowl	contain	2502	0.853579534	0.882570543	0.904538625	0.918172539	0.927228324	0.938272680	0.943374496	0.020	0.478469785	0.853579534
am_0367_obj_023_碗2	obj_023_碗2	碗2	open_container	bowl	grasp	1392	0.695970228	0.744688731	0.790815635	0.822150602	0.847769392	0.878510196	0.899057988	0.020	0.478469785	0.695970228
am_0367_obj_023_碗2	obj_023_碗2	碗2	open_container	bowl	contain	2520	0.822833595	0.858889674	0.884021463	0.903277238	0.917131930	0.932933622	0.941992253	0.020	0.478469785	0.822833595
am_0368_obj_024_筷子	obj_024_筷子	筷子	chopsticks	chopsticks	grasp	4096	0.830827021	0.855625617	0.877265718	0.894673705	0.909134529	0.928018899	0.935195392	0.020	0.478469785	0.830827021
am_0369_obj_024_筷子	obj_024_筷子	筷子	chopsticks	chopsticks	grasp	4096	0.862410113	0.883454434	0.899783313	0.908836590	0.914993099	0.928665011	0.940269007	0.020	0.478469785	0.862410113
am_0370_obj_024_筷子	obj_024_筷子	筷子	chopsticks	chopsticks	grasp	4096	0.894475931	0.912281764	0.924314043	0.931328368	0.935629512	0.940991632	0.944580127	0.020	0.478469785	0.894475931
am_0371_obj_024_筷子	obj_024_筷子	筷子	chopsticks	chopsticks	grasp	4096	0.809869919	0.841219535	0.868990720	0.887944228	0.900170529	0.911916212	0.920685918	0.020	0.478469785	0.809869919
am_0372_obj_024_筷子	obj_024_筷子	筷子	chopsticks	chopsticks	grasp	4096	0.820194943	0.839659074	0.859211615	0.877605155	0.893640369	0.918827169	0.935638627	0.020	0.478469785	0.820194943
am_0373_obj_024_筷子	obj_024_筷子	筷子	chopsticks	chopsticks	grasp	4096	0.811679796	0.840742752	0.867230592	0.889473604	0.907008701	0.926761270	0.934302692	0.020	0.478469785	0.811679796
am_0374_obj_024_筷子	obj_024_筷子	筷子	chopsticks	chopsticks	grasp	4096	0.834138858	0.859583712	0.879419921	0.893065138	0.902045819	0.916588845	0.930024066	0.020	0.478469785	0.834138858
am_0375_obj_024_筷子	obj_024_筷子	筷子	chopsticks	chopsticks	grasp	4096	0.791680512	0.815764323	0.839951304	0.860884960	0.878112819	0.901810422	0.915200862	0.020	0.478469785	0.791680512
am_0376_obj_024_筷子	obj_024_筷子	筷子	chopsticks	chopsticks	grasp	4096	0.859654752	0.878630797	0.894293779	0.905338058	0.911720663	0.923315658	0.934617545	0.020	0.478469785	0.859654752
am_0377_obj_024_筷子	obj_024_筷子	筷子	chopsticks	chopsticks	grasp	4096	0.851254323	0.872702649	0.889321923	0.902902333	0.912623265	0.925786135	0.934534505	0.020	0.478469785	0.851254323
am_0378_obj_024_筷子	obj_024_筷子	筷子	chopsticks	chopsticks	grasp	4096	0.888902970	0.908987978	0.922734060	0.932066605	0.936743432	0.941518357	0.944674086	0.020	0.478469785	0.888902970
am_0379_obj_024_筷子	obj_024_筷子	筷子	chopsticks	chopsticks	grasp	4096	0.862256329	0.884734911	0.901545226	0.914116931	0.921390121	0.930853950	0.937834558	0.020	0.478469785	0.862256329
am_0380_obj_024_筷子	obj_024_筷子	筷子	chopsticks	chopsticks	grasp	4096	0.801025976	0.822152178	0.843365017	0.861785151	0.877287704	0.904054171	0.920763232	0.020	0.478469785	0.801025976
am_0381_obj_024_筷子	obj_024_筷子	筷子	chopsticks	chopsticks	grasp	4096	0.822039787	0.843952032	0.864671293	0.883166899	0.897657521	0.917936110	0.929700793	0.020	0.478469785	0.822039787
am_0382_obj_024_筷子	obj_024_筷子	筷子	chopsticks	chopsticks	grasp	4096	0.801965012	0.831973038	0.859951884	0.879394038	0.893986587	0.911374651	0.920412653	0.020	0.478469785	0.801965012
am_0383_obj_024_筷子	obj_024_筷子	筷子	chopsticks	chopsticks	grasp	4096	0.781817213	0.800793192	0.819722408	0.838228311	0.855412509	0.885136634	0.908803761	0.020	0.478469785	0.781817213
am_0384_obj_025_筷子2	obj_025_筷子2	筷子2	chopsticks	chopsticks	grasp	4096	0.950000000	0.950000000	0.950000000	0.950000000	0.950000000	0.950000000	0.950000000	0.020	0.478469785	0.950000000
am_0385_obj_025_筷子2	obj_025_筷子2	筷子2	chopsticks	chopsticks	grasp	4096	0.950000000	0.950000000	0.950000000	0.950000000	0.950000000	0.950000000	0.950000000	0.020	0.478469785	0.950000000
am_0386_obj_025_筷子2	obj_025_筷子2	筷子2	chopsticks	chopsticks	grasp	4096	0.950000000	0.950000000	0.950000000	0.950000000	0.950000000	0.950000000	0.950000000	0.020	0.478469785	0.950000000
am_0387_obj_025_筷子2	obj_025_筷子2	筷子2	chopsticks	chopsticks	grasp	4096	0.950000000	0.950000000	0.950000000	0.950000000	0.950000000	0.950000000	0.950000000	0.020	0.478469785	0.950000000
am_0388_obj_025_筷子2	obj_025_筷子2	筷子2	chopsticks	chopsticks	grasp	4096	0.950000000	0.950000000	0.950000000	0.950000000	0.950000000	0.950000000	0.950000000	0.020	0.478469785	0.950000000
am_0389_obj_025_筷子2	obj_025_筷子2	筷子2	chopsticks	chopsticks	grasp	4096	0.950000000	0.950000000	0.950000000	0.950000000	0.950000000	0.950000000	0.950000000	0.020	0.478469785	0.950000000
am_0390_obj_025_筷子2	obj_025_筷子2	筷子2	chopsticks	chopsticks	grasp	4096	0.950000000	0.950000000	0.950000000	0.950000000	0.950000000	0.950000000	0.950000000	0.020	0.478469785	0.950000000
am_0391_obj_025_筷子2	obj_025_筷子2	筷子2	chopsticks	chopsticks	grasp	4096	0.950000000	0.950000000	0.950000000	0.950000000	0.950000000	0.950000000	0.950000000	0.020	0.478469785	0.950000000
am_0392_obj_025_筷子2	obj_025_筷子2	筷子2	chopsticks	chopsticks	grasp	4096	0.950000000	0.950000000	0.950000000	0.950000000	0.950000000	0.950000000	0.950000000	0.020	0.478469785	0.950000000
am_0393_obj_025_筷子2	obj_025_筷子2	筷子2	chopsticks	chopsticks	grasp	4096	0.944642531	0.947999019	0.949543947	0.949986057	0.950000000	0.950000000	0.950000000	0.020	0.478469785	0.944642531
am_0394_obj_025_筷子2	obj_025_筷子2	筷子2	chopsticks	chopsticks	grasp	4096	0.950000000	0.950000000	0.950000000	0.950000000	0.950000000	0.950000000	0.950000000	0.020	0.478469785	0.950000000
am_0395_obj_025_筷子2	obj_025_筷子2	筷子2	chopsticks	chopsticks	grasp	4096	0.950000000	0.950000000	0.950000000	0.950000000	0.950000000	0.950000000	0.950000000	0.020	0.478469785	0.950000000
am_0396_obj_025_筷子2	obj_025_筷子2	筷子2	chopsticks	chopsticks	grasp	4096	0.950000000	0.950000000	0.950000000	0.950000000	0.950000000	0.950000000	0.950000000	0.020	0.478469785	0.950000000
am_0397_obj_025_筷子2	obj_025_筷子2	筷子2	chopsticks	chopsticks	grasp	4096	0.950000000	0.950000000	0.950000000	0.950000000	0.950000000	0.950000000	0.950000000	0.020	0.478469785	0.950000000
am_0398_obj_025_筷子2	obj_025_筷子2	筷子2	chopsticks	chopsticks	grasp	4096	0.950000000	0.950000000	0.950000000	0.950000000	0.950000000	0.950000000	0.950000000	0.020	0.478469785	0.950000000
am_0399_obj_025_筷子2	obj_025_筷子2	筷子2	chopsticks	chopsticks	grasp	4096	0.950000000	0.950000000	0.950000000	0.950000000	0.950000000	0.950000000	0.950000000	0.020	0.478469785	0.950000000
am_0400_obj_026_粘毛器	obj_026_粘毛器	粘毛器	lint_roller	lint_roller	grasp	942	0.867072257	0.896076273	0.907367317	0.912443298	0.914624023	0.915942383	0.918652344	0.020	0.478469785	0.867072257
am_0400_obj_026_粘毛器	obj_026_粘毛器	粘毛器	lint_roller	lint_roller	stick	1810	0.718378749	0.798710716	0.848195144	0.881310085	0.908486369	0.933467261	0.939019052	0.020	0.478469785	0.718378749
am_0401_obj_026_粘毛器	obj_026_粘毛器	粘毛器	lint_roller	lint_roller	grasp	932	0.785530099	0.817870148	0.846177240	0.872774749	0.892107772	0.911269015	0.918780576	0.020	0.478469785	0.785530099
am_0401_obj_026_粘毛器	obj_026_粘毛器	粘毛器	lint_roller	lint_roller	stick	1821	0.760858475	0.824971815	0.868595226	0.900326674	0.920498821	0.936699659	0.939496996	0.020	0.478469785	0.760858475
am_0402_obj_026_粘毛器	obj_026_粘毛器	粘毛器	lint_roller	lint_roller	grasp	975	0.827193838	0.853306398	0.878127406	0.895121719	0.906153056	0.915463477	0.919201660	0.020	0.478469785	0.827193838
am_0402_obj_026_粘毛器	obj_026_粘毛器	粘毛器	lint_roller	lint_roller	stick	1804	0.753977126	0.819187230	0.861508944	0.894917013	0.915364551	0.933200106	0.938286450	0.020	0.478469785	0.753977126
am_0403_obj_026_粘毛器	obj_026_粘毛器	粘毛器	lint_roller	lint_roller	grasp	979	0.886154068	0.901855809	0.909978656	0.913650976	0.914782715	0.916137695	0.918872070	0.020	0.478469785	0.886154068
am_0403_obj_026_粘毛器	obj_026_粘毛器	粘毛器	lint_roller	lint_roller	stick	1820	0.730450672	0.798672084	0.848743390	0.891145426	0.916198977	0.934844812	0.938814295	0.020	0.478469785	0.730450672
am_0404_obj_026_粘毛器	obj_026_粘毛器	粘毛器	lint_roller	lint_roller	grasp	969	0.838595028	0.865167265	0.884663267	0.897800109	0.907075896	0.916145784	0.919384766	0.020	0.478469785	0.838595028
am_0404_obj_026_粘毛器	obj_026_粘毛器	粘毛器	lint_roller	lint_roller	stick	1803	0.714466404	0.783787613	0.834463544	0.869019607	0.898058995	0.926267471	0.936706117	0.020	0.478469785	0.714466404
am_0405_obj_026_粘毛器	obj_026_粘毛器	粘毛器	lint_roller	lint_roller	grasp	950	0.847579471	0.873885229	0.894135840	0.905897270	0.912686573	0.916378020	0.919335937	0.020	0.478469785	0.847579471
am_0405_obj_026_粘毛器	obj_026_粘毛器	粘毛器	lint_roller	lint_roller	stick	1853	0.760145023	0.818256788	0.860020816	0.892008100	0.914258547	0.933246350	0.938791900	0.020	0.478469785	0.760145023
am_0406_obj_026_粘毛器	obj_026_粘毛器	粘毛器	lint_roller	lint_roller	grasp	969	0.880023675	0.902766498	0.911035939	0.914028595	0.915077826	0.916613770	0.919775391	0.020	0.478469785	0.880023675
am_0406_obj_026_粘毛器	obj_026_粘毛器	粘毛器	lint_roller	lint_roller	stick	1778	0.719572653	0.798591006	0.846574546	0.884236265	0.913824551	0.935546009	0.939050293	0.020	0.478469785	0.719572653
am_0407_obj_026_粘毛器	obj_026_粘毛器	粘毛器	lint_roller	lint_roller	grasp	944	0.884088975	0.901416660	0.909116011	0.912439618	0.914343262	0.915454102	0.918627930	0.020	0.478469785	0.884088975
am_0407_obj_026_粘毛器	obj_026_粘毛器	粘毛器	lint_roller	lint_roller	stick	1807	0.765396365	0.826604381	0.872846278	0.905819778	0.925558260	0.937429177	0.939355469	0.020	0.478469785	0.765396365
am_0408_obj_026_粘毛器	obj_026_粘毛器	粘毛器	lint_roller	lint_roller	grasp	984	0.863248660	0.887274295	0.900534432	0.909577310	0.913499163	0.916345215	0.919140625	0.020	0.478469785	0.863248660
am_0408_obj_026_粘毛器	obj_026_粘毛器	粘毛器	lint_roller	lint_roller	stick	1828	0.722105466	0.788342364	0.835764331	0.873577211	0.896184943	0.928191944	0.937411106	0.020	0.478469785	0.722105466
am_0409_obj_026_粘毛器	obj_026_粘毛器	粘毛器	lint_roller	lint_roller	grasp	983	0.818844048	0.847822586	0.875901998	0.898234447	0.909552707	0.916038242	0.919042969	0.020	0.478469785	0.818844048
am_0409_obj_026_粘毛器	obj_026_粘毛器	粘毛器	lint_roller	lint_roller	stick	1829	0.746285016	0.814557617	0.857167296	0.890079469	0.911434810	0.930021730	0.937848133	0.020	0.478469785	0.746285016
am_0410_obj_026_粘毛器	obj_026_粘毛器	粘毛器	lint_roller	lint_roller	grasp	958	0.738810763	0.792283661	0.829428132	0.864965964	0.888946867	0.913684778	0.919384766	0.020	0.478469785	0.738810763
am_0410_obj_026_粘毛器	obj_026_粘毛器	粘毛器	lint_roller	lint_roller	stick	1808	0.755236948	0.822757625	0.864488847	0.895735230	0.917880797	0.936162832	0.939240736	0.020	0.478469785	0.755236948
am_0411_obj_026_粘毛器	obj_026_粘毛器	粘毛器	lint_roller	lint_roller	grasp	985	0.806498042	0.837238365	0.860024740	0.880148537	0.894916026	0.913039163	0.919264522	0.020	0.478469785	0.806498042
am_0411_obj_026_粘毛器	obj_026_粘毛器	粘毛器	lint_roller	lint_roller	stick	1800	0.740399704	0.804775010	0.857337988	0.888538632	0.912406283	0.932027351	0.937983788	0.020	0.478469785	0.740399704
am_0412_obj_026_粘毛器	obj_026_粘毛器	粘毛器	lint_roller	lint_roller	grasp	990	0.864257317	0.885864349	0.901508106	0.909729554	0.913983627	0.916821289	0.919653320	0.020	0.478469785	0.864257317
am_0412_obj_026_粘毛器	obj_026_粘毛器	粘毛器	lint_roller	lint_roller	stick	1785	0.746245452	0.821237192	0.864928258	0.894688745	0.915719752	0.935306867	0.938793945	0.020	0.478469785	0.746245452
am_0413_obj_026_粘毛器	obj_026_粘毛器	粘毛器	lint_roller	lint_roller	grasp	945	0.858471676	0.883193118	0.897058992	0.907051311	0.912790690	0.915844727	0.918896484	0.020	0.478469785	0.858471676
am_0413_obj_026_粘毛器	obj_026_粘毛器	粘毛器	lint_roller	lint_roller	stick	1778	0.742838144	0.813455974	0.860984866	0.889126549	0.910893147	0.933501799	0.939332514	0.020	0.478469785	0.742838144
am_0414_obj_026_粘毛器	obj_026_粘毛器	粘毛器	lint_roller	lint_roller	grasp	937	0.853017108	0.880852425	0.896173297	0.905413126	0.912025268	0.916052246	0.919519043	0.020	0.478469785	0.853017108
am_0414_obj_026_粘毛器	obj_026_粘毛器	粘毛器	lint_roller	lint_roller	stick	1804	0.680757079	0.752097609	0.806133656	0.848590951	0.883787420	0.920687366	0.935671632	0.020	0.478469785	0.680757079
am_0415_obj_027_纸巾	obj_027_纸巾	纸巾	tissue	tissue	grasp	4096	0.940452753	0.942998780	0.945282664	0.947233612	0.948555606	0.949698795	0.950000000	0.020	0.478469785	0.940452753
am_0416_obj_027_纸巾	obj_027_纸巾	纸巾	tissue	tissue	grasp	4096	0.916437739	0.922948215	0.928695407	0.933246167	0.936702114	0.942327004	0.946002406	0.020	0.478469785	0.916437739
am_0417_obj_027_纸巾	obj_027_纸巾	纸巾	tissue	tissue	grasp	4096	0.928251956	0.933053894	0.936922163	0.940471905	0.943003199	0.946642383	0.949028269	0.020	0.478469785	0.928251956
am_0418_obj_027_纸巾	obj_027_纸巾	纸巾	tissue	tissue	grasp	4096	0.942162153	0.944541695	0.946598758	0.947914748	0.948782341	0.949699399	0.950000000	0.020	0.478469785	0.942162153
am_0419_obj_027_纸巾	obj_027_纸巾	纸巾	tissue	tissue	grasp	4096	0.941847567	0.944372493	0.946609952	0.947691662	0.948769671	0.949679394	0.950000000	0.020	0.478469785	0.941847567
am_0420_obj_027_纸巾	obj_027_纸巾	纸巾	tissue	tissue	grasp	4096	0.932243302	0.936174489	0.939342572	0.941722822	0.943743383	0.946291935	0.947943895	0.020	0.478469785	0.932243302
am_0421_obj_027_纸巾	obj_027_纸巾	纸巾	tissue	tissue	grasp	4096	0.932085126	0.936522201	0.940356913	0.943264538	0.945323666	0.948048746	0.949306452	0.020	0.478469785	0.932085126
am_0422_obj_027_纸巾	obj_027_纸巾	纸巾	tissue	tissue	grasp	4096	0.937569434	0.940322560	0.942937110	0.944672900	0.945921311	0.947880715	0.948811728	0.020	0.478469785	0.937569434
am_0423_obj_027_纸巾	obj_027_纸巾	纸巾	tissue	tissue	grasp	4096	0.921297265	0.927061306	0.932655225	0.936817497	0.940591402	0.945448117	0.948050383	0.020	0.478469785	0.921297265
am_0424_obj_027_纸巾	obj_027_纸巾	纸巾	tissue	tissue	grasp	4096	0.919157155	0.925618636	0.931933416	0.936469954	0.939968166	0.945148445	0.948180138	0.020	0.478469785	0.919157155
am_0425_obj_027_纸巾	obj_027_纸巾	纸巾	tissue	tissue	grasp	4096	0.940676560	0.943280660	0.945326693	0.946722131	0.947907780	0.949565721	0.949941657	0.020	0.478469785	0.940676560
am_0426_obj_027_纸巾	obj_027_纸巾	纸巾	tissue	tissue	grasp	4096	0.907202857	0.915030243	0.922235619	0.928416484	0.933342122	0.940294683	0.945097108	0.020	0.478469785	0.907202857
am_0427_obj_027_纸巾	obj_027_纸巾	纸巾	tissue	tissue	grasp	4096	0.938207408	0.940675559	0.942973902	0.944904875	0.946409336	0.948605453	0.949410640	0.020	0.478469785	0.938207408
am_0428_obj_027_纸巾	obj_027_纸巾	纸巾	tissue	tissue	grasp	4096	0.942869227	0.944594008	0.945975988	0.946734348	0.947744462	0.948879978	0.949593154	0.020	0.478469785	0.942869227
am_0429_obj_027_纸巾	obj_027_纸巾	纸巾	tissue	tissue	grasp	4096	0.895944081	0.905494288	0.913663475	0.919974781	0.925501023	0.933678516	0.939928655	0.020	0.478469785	0.895944081
am_0430_obj_028_药瓶	obj_028_药瓶	药瓶	bottle	bottle	grasp	1709	0.727145293	0.768564443	0.808687149	0.847582189	0.874993526	0.908468147	0.922726680	0.020	0.478469785	0.727145293
am_0430_obj_028_药瓶	obj_028_药瓶	药瓶	bottle	bottle	open	563	0.545459233	0.569039157	0.588181815	0.604533855	0.618576032	0.648623686	0.651208865	0.020	0.478469785	0.545459233
am_0430_obj_028_药瓶	obj_028_药瓶	药瓶	bottle	bottle	pour	569	0.630804409	0.730743294	0.789022319	0.809712339	0.816681062	0.819034724	0.821109919	0.020	0.478469785	0.630804409
am_0431_obj_028_药瓶	obj_028_药瓶	药瓶	bottle	bottle	grasp	1697	0.606472438	0.631485617	0.665951672	0.700202164	0.726941536	0.774644804	0.804735329	0.020	0.478469785	0.606472438
am_0431_obj_028_药瓶	obj_028_药瓶	药瓶	bottle	bottle	open	561	0.859529500	0.891620199	0.906996584	0.908436801	0.908986117	0.910830984	0.911779785	0.020	0.478469785	0.859529500
am_0431_obj_028_药瓶	obj_028_药瓶	药瓶	bottle	bottle	pour	533	0.684919067	0.756262051	0.821348168	0.867499218	0.894030168	0.910988406	0.914507865	0.020	0.478469785	0.684919067
am_0432_obj_028_药瓶	obj_028_药瓶	药瓶	bottle	bottle	grasp	1664	0.745969827	0.778226444	0.810533430	0.834835817	0.857457584	0.890526153	0.913222086	0.020	0.478469785	0.745969827
am_0432_obj_028_药瓶	obj_028_药瓶	药瓶	bottle	bottle	open	565	0.595547050	0.619283964	0.639190062	0.648052256	0.653488298	0.662263728	0.663809624	0.020	0.478469785	0.595547050
am_0432_obj_028_药瓶	obj_028_药瓶	药瓶	bottle	bottle	pour	608	0.380792208	0.416606727	0.438932510	0.452659993	0.460501576	0.466548226	0.470283740	0.020	0.478469785	0.380792208
am_0433_obj_028_药瓶	obj_028_药瓶	药瓶	bottle	bottle	grasp	1715	0.832513747	0.859573178	0.881715004	0.898314890	0.908323265	0.920188021	0.927251380	0.020	0.478469785	0.832513747
am_0433_obj_028_药瓶	obj_028_药瓶	药瓶	bottle	bottle	open	563	0.609361209	0.637999573	0.649401833	0.656478537	0.660969216	0.669060743	0.671192859	0.020	0.478469785	0.609361209
am_0433_obj_028_药瓶	obj_028_药瓶	药瓶	bottle	bottle	pour	528	0.514834392	0.569500303	0.603458780	0.614894388	0.619075701	0.621798370	0.623873565	0.020	0.478469785	0.514834392
am_0434_obj_028_药瓶	obj_028_药瓶	药瓶	bottle	bottle	grasp	1704	0.738024459	0.775226706	0.811546119	0.839130914	0.866999315	0.901081804	0.921206085	0.020	0.478469785	0.738024459
am_0434_obj_028_药瓶	obj_028_药瓶	药瓶	bottle	bottle	open	554	0.711828298	0.745891583	0.765325704	0.782604953	0.801342870	0.849563125	0.866735995	0.020	0.478469785	0.711828298
am_0434_obj_028_药瓶	obj_028_药瓶	药瓶	bottle	bottle	pour	540	0.716304115	0.802923833	0.860888201	0.886102286	0.897663600	0.901104992	0.903192394	0.020	0.478469785	0.716304115
am_0435_obj_028_药瓶	obj_028_药瓶	药瓶	bottle	bottle	grasp	1655	0.730948595	0.768213734	0.808838712	0.842176468	0.869771764	0.900736395	0.921122074	0.020	0.478469785	0.730948595
am_0435_obj_028_药瓶	obj_028_药瓶	药瓶	bottle	bottle	open	593	0.349398657	0.376287657	0.397353832	0.416472023	0.437454973	0.466217958	0.477587889	0.020	0.478469785	0.349398657
am_0435_obj_028_药瓶	obj_028_药瓶	药瓶	bottle	bottle	pour	552	0.390675572	0.441534238	0.489540457	0.514626005	0.528128161	0.538648844	0.543061619	0.020	0.478469785	0.390675572
am_0436_obj_028_药瓶	obj_028_药瓶	药瓶	bottle	bottle	grasp	1682	0.811063880	0.844569271	0.874190393	0.896092859	0.910543421	0.922596534	0.928971202	0.020	0.478469785	0.811063880
am_0436_obj_028_药瓶	obj_028_药瓶	药瓶	bottle	bottle	open	589	0.831781444	0.865210834	0.874991849	0.880076959	0.892415965	0.910924016	0.912365723	0.020	0.478469785	0.831781444
am_0436_obj_028_药瓶	obj_028_药瓶	药瓶	bottle	bottle	pour	550	0.804636458	0.865987535	0.894498362	0.907655828	0.911233630	0.913439941	0.915649414	0.020	0.478469785	0.804636458
am_0437_obj_028_药瓶	obj_028_药瓶	药瓶	bottle	bottle	grasp	1745	0.820687972	0.852574761	0.877945836	0.895842222	0.907204440	0.922058680	0.928560358	0.020	0.478469785	0.820687972
am_0437_obj_028_药瓶	obj_028_药瓶	药瓶	bottle	bottle	open	570	0.756512071	0.791453855	0.810317124	0.820686394	0.825860009	0.841804269	0.847707022	0.020	0.478469785	0.756512071
am_0437_obj_028_药瓶	obj_028_药瓶	药瓶	bottle	bottle	pour	555	0.586894554	0.685317728	0.757730202	0.797254366	0.816685423	0.827880053	0.830720974	0.020	0.478469785	0.586894554
am_0438_obj_028_药瓶	obj_028_药瓶	药瓶	bottle	bottle	grasp	1742	0.794729294	0.834901384	0.865082506	0.891477930	0.908210024	0.923843573	0.929439693	0.020	0.478469785	0.794729294
am_0438_obj_028_药瓶	obj_028_药瓶	药瓶	bottle	bottle	open	593	0.824433757	0.862778523	0.878230087	0.884939381	0.895313354	0.910560465	0.912500000	0.020	0.478469785	0.824433757
am_0438_obj_028_药瓶	obj_028_药瓶	药瓶	bottle	bottle	pour	548	0.818595292	0.872878445	0.903673487	0.910466269	0.911572266	0.913586426	0.915820312	0.020	0.478469785	0.818595292
am_0439_obj_028_药瓶	obj_028_药瓶	药瓶	bottle	bottle	grasp	1692	0.746588633	0.784318034	0.820956000	0.846817401	0.870233686	0.901092568	0.918940314	0.020	0.478469785	0.746588633
am_0439_obj_028_药瓶	obj_028_药瓶	药瓶	bottle	bottle	open	615	0.820629288	0.856522146	0.869913209	0.880288737	0.887259044	0.911432972	0.912792969	0.020	0.478469785	0.820629288
am_0439_obj_028_药瓶	obj_028_药瓶	药瓶	bottle	bottle	pour	562	0.764871671	0.830792457	0.871526743	0.895887418	0.908699017	0.913525391	0.915686035	0.020	0.478469785	0.764871671
am_0440_obj_028_药瓶	obj_028_药瓶	药瓶	bottle	bottle	grasp	1674	0.782123563	0.819871919	0.853283724	0.877257586	0.892089408	0.912371963	0.923785159	0.020	0.478469785	0.782123563
am_0440_obj_028_药瓶	obj_028_药瓶	药瓶	bottle	bottle	open	578	0.111887027	0.119269160	0.126877824	0.134131045	0.140724806	0.152026266	0.159023396	0.020	0.478469785	0.111887027
am_0440_obj_028_药瓶	obj_028_药瓶	药瓶	bottle	bottle	pour	568	0.249661459	0.273683218	0.293476750	0.306230522	0.313764243	0.323823040	0.330025447	0.020	0.478469785	0.249661459
am_0441_obj_028_药瓶	obj_028_药瓶	药瓶	bottle	bottle	grasp	1675	0.711271956	0.745673154	0.778138667	0.804434419	0.825210845	0.858878811	0.881614494	0.020	0.478469785	0.711271956
am_0441_obj_028_药瓶	obj_028_药瓶	药瓶	bottle	bottle	open	570	0.047849026	0.049724798	0.051335304	0.053647557	0.055876223	0.061202912	0.065916770	0.020	0.478469785	0.047849026
am_0441_obj_028_药瓶	obj_028_药瓶	药瓶	bottle	bottle	pour	571	0.057252773	0.061407270	0.065328782	0.069269725	0.072384778	0.078328851	0.082753743	0.020	0.478469785	0.057252773
am_0442_obj_028_药瓶	obj_028_药瓶	药瓶	bottle	bottle	grasp	1677	0.789167117	0.827127713	0.859731884	0.881769638	0.897654854	0.915290016	0.924785694	0.020	0.478469785	0.789167117
am_0442_obj_028_药瓶	obj_028_药瓶	药瓶	bottle	bottle	open	585	0.777658960	0.804607289	0.824980130	0.834352229	0.847772887	0.880818105	0.883926365	0.020	0.478469785	0.777658960
am_0442_obj_028_药瓶	obj_028_药瓶	药瓶	bottle	bottle	pour	565	0.756430857	0.836152198	0.881640141	0.899014552	0.905244859	0.907480875	0.909360758	0.020	0.478469785	0.756430857
am_0443_obj_028_药瓶	obj_028_药瓶	药瓶	bottle	bottle	grasp	1716	0.769312906	0.804478658	0.833910373	0.856644035	0.874602676	0.900707781	0.917647193	0.020	0.478469785	0.769312906
am_0443_obj_028_药瓶	obj_028_药瓶	药瓶	bottle	bottle	open	569	0.795058628	0.833861581	0.855469506	0.871302669	0.886295710	0.909657393	0.911464224	0.020	0.478469785	0.795058628
am_0443_obj_028_药瓶	obj_028_药瓶	药瓶	bottle	bottle	pour	570	0.789535629	0.858647595	0.894178307	0.907135653	0.911438748	0.913708496	0.915795898	0.020	0.478469785	0.789535629
am_0444_obj_028_药瓶	obj_028_药瓶	药瓶	bottle	bottle	grasp	1694	0.747919051	0.785045541	0.819362332	0.845447349	0.867258007	0.898776008	0.913738036	0.020	0.478469785	0.747919051
am_0444_obj_028_药瓶	obj_028_药瓶	药瓶	bottle	bottle	open	577	0.855074842	0.887544382	0.901774830	0.905935154	0.907126342	0.910856855	0.911796796	0.020	0.478469785	0.855074842
am_0444_obj_028_药瓶	obj_028_药瓶	药瓶	bottle	bottle	pour	555	0.712702543	0.783555340	0.848426248	0.884266335	0.900566539	0.912504541	0.914518701	0.020	0.478469785	0.712702543
am_0445_obj_029_菜刀	obj_029_菜刀	菜刀	knife	kitchen_knife	grasp	2045	0.905290177	0.914405029	0.920488533	0.924387355	0.926532985	0.928276622	0.929528809	0.020	0.478469785	0.905290177
am_0445_obj_029_菜刀	obj_029_菜刀	菜刀	knife	kitchen_knife	cut	1952	0.915278084	0.921451382	0.924991504	0.926496733	0.927418396	0.928381348	0.929614258	0.020	0.478469785	0.915278084
am_0446_obj_029_菜刀	obj_029_菜刀	菜刀	knife	kitchen_knife	grasp	2011	0.883547151	0.897024252	0.907260429	0.914686793	0.920218277	0.926313896	0.928812725	0.020	0.478469785	0.883547151
am_0446_obj_029_菜刀	obj_029_菜刀	菜刀	knife	kitchen_knife	cut	1995	0.904681720	0.915249683	0.921784948	0.924711212	0.926592778	0.928524726	0.929772949	0.020	0.478469785	0.904681720
am_0447_obj_029_菜刀	obj_029_菜刀	菜刀	knife	kitchen_knife	grasp	2006	0.914395957	0.921051991	0.923547072	0.925366004	0.926682596	0.928491211	0.929577637	0.020	0.478469785	0.914395957
am_0447_obj_029_菜刀	obj_029_菜刀	菜刀	knife	kitchen_knife	cut	2009	0.901001278	0.913897954	0.921066693	0.924907518	0.927003826	0.928791147	0.929958737	0.020	0.478469785	0.901001278
am_0448_obj_029_菜刀	obj_029_菜刀	菜刀	knife	kitchen_knife	grasp	2015	0.849350678	0.870353383	0.887606953	0.901941380	0.912960581	0.924733503	0.928836660	0.020	0.478469785	0.849350678
am_0448_obj_029_菜刀	obj_029_菜刀	菜刀	knife	kitchen_knife	cut	1998	0.914562486	0.923879925	0.926421803	0.927209473	0.927758789	0.928857422	0.929907227	0.020	0.478469785	0.914562486
am_0449_obj_029_菜刀	obj_029_菜刀	菜刀	knife	kitchen_knife	grasp	2072	0.900542385	0.911277547	0.918560629	0.923662750	0.926215882	0.928535235	0.930114746	0.020	0.478469785	0.900542385
am_0449_obj_029_菜刀	obj_029_菜刀	菜刀	knife	kitchen_knife	cut	1949	0.922197240	0.925252878	0.926257324	0.926855469	0.927514648	0.928674316	0.929565430	0.020	0.478469785	0.922197240
am_0450_obj_029_菜刀	obj_029_菜刀	菜刀	knife	kitchen_knife	grasp	2072	0.900153061	0.909962436	0.917697807	0.923971976	0.927196742	0.929504395	0.930493164	0.020	0.478469785	0.900153061
am_0450_obj_029_菜刀	obj_029_菜刀	菜刀	knife	kitchen_knife	cut	1928	0.923550089	0.925140020	0.925927734	0.926538086	0.927111816	0.927966309	0.928979492	0.020	0.478469785	0.923550089
am_0451_obj_029_菜刀	obj_029_菜刀	菜刀	knife	kitchen_knife	grasp	2049	0.890449914	0.904042424	0.912622584	0.919077819	0.923961040	0.928211783	0.929968262	0.020	0.478469785	0.890449914
am_0451_obj_029_菜刀	obj_029_菜刀	菜刀	knife	kitchen_knife	cut	1951	0.913815801	0.922848115	0.925895734	0.926892090	0.927429199	0.928564453	0.929687500	0.020	0.478469785	0.913815801
am_0452_obj_029_菜刀	obj_029_菜刀	菜刀	knife	kitchen_knife	grasp	2020	0.896678932	0.910986733	0.919602097	0.924089915	0.926409075	0.928362072	0.929626465	0.020	0.478469785	0.896678932
am_0452_obj_029_菜刀	obj_029_菜刀	菜刀	knife	kitchen_knife	cut	1986	0.918272562	0.924308087	0.926081361	0.926901658	0.927612305	0.928808594	0.929968262	0.020	0.478469785	0.918272562
am_0453_obj_029_菜刀	obj_029_菜刀	菜刀	knife	kitchen_knife	grasp	1987	0.905078872	0.915773863	0.921674251	0.924721576	0.926486751	0.928130044	0.929455566	0.020	0.478469785	0.905078872
am_0453_obj_029_菜刀	obj_029_菜刀	菜刀	knife	kitchen_knife	cut	2016	0.919900463	0.924327694	0.926270888	0.927618047	0.928332520	0.929418945	0.930371094	0.020	0.478469785	0.919900463
am_0454_obj_029_菜刀	obj_029_菜刀	菜刀	knife	kitchen_knife	grasp	2057	0.865637103	0.881446370	0.893511276	0.904477057	0.913715779	0.925734499	0.929920498	0.020	0.478469785	0.865637103
am_0454_obj_029_菜刀	obj_029_菜刀	菜刀	knife	kitchen_knife	cut	1964	0.915206685	0.925046165	0.926441750	0.927124023	0.927697754	0.928820801	0.929870605	0.020	0.478469785	0.915206685
am_0455_obj_029_菜刀	obj_029_菜刀	菜刀	knife	kitchen_knife	grasp	2074	0.908081847	0.916585756	0.922033790	0.924913406	0.926613665	0.928778273	0.929846191	0.020	0.478469785	0.908081847
am_0455_obj_029_菜刀	obj_029_菜刀	菜刀	knife	kitchen_knife	cut	1939	0.898474724	0.910320754	0.918001975	0.922541258	0.925618154	0.928144611	0.929455566	0.020	0.478469785	0.898474724
am_0456_obj_029_菜刀	obj_029_菜刀	菜刀	knife	kitchen_knife	grasp	2061	0.884311850	0.897710603	0.908511017	0.917220592	0.922746754	0.928142998	0.930317559	0.020	0.478469785	0.884311850
am_0456_obj_029_菜刀	obj_029_菜刀	菜刀	knife	kitchen_knife	cut	1936	0.899437114	0.914887596	0.922677983	0.926059802	0.926913893	0.928173828	0.929077148	0.020	0.478469785	0.899437114
am_0457_obj_029_菜刀	obj_029_菜刀	菜刀	knife	kitchen_knife	grasp	2033	0.867201057	0.884993080	0.898193044	0.911055546	0.919740488	0.926343705	0.929265103	0.020	0.478469785	0.867201057
am_0457_obj_029_菜刀	obj_029_菜刀	菜刀	knife	kitchen_knife	cut	1965	0.898043638	0.914635897	0.924523940	0.926860015	0.927587891	0.928771973	0.929833984	0.020	0.478469785	0.898043638
am_0458_obj_029_菜刀	obj_029_菜刀	菜刀	knife	kitchen_knife	grasp	2018	0.906082034	0.917668123	0.923046982	0.925719374	0.926840496	0.928137207	0.929284668	0.020	0.478469785	0.906082034
am_0458_obj_029_菜刀	obj_029_菜刀	菜刀	knife	kitchen_knife	cut	1989	0.915754532	0.923380799	0.926458417	0.927124023	0.927673340	0.928540039	0.929431152	0.020	0.478469785	0.915754532
am_0459_obj_029_菜刀	obj_029_菜刀	菜刀	knife	kitchen_knife	grasp	2026	0.895313478	0.909091188	0.917557227	0.922713851	0.925199370	0.928282170	0.929858398	0.020	0.478469785	0.895313478
am_0459_obj_029_菜刀	obj_029_菜刀	菜刀	knife	kitchen_knife	cut	1993	0.870652355	0.886473787	0.897906734	0.907871270	0.915630540	0.925316247	0.929477139	0.020	0.478469785	0.870652355
am_0460_obj_030_菜板	obj_030_菜板	菜板	cutting_board	cutting_board	place	2721	0.355703565	0.379481662	0.401163906	0.426686975	0.474112316	0.594358502	0.631957335	0.020	0.478469785	0.355703565
am_0461_obj_030_菜板	obj_030_菜板	菜板	cutting_board	cutting_board	place	2731	0.327986569	0.349450485	0.370228934	0.392992388	0.440212003	0.523553476	0.561123710	0.020	0.478469785	0.327986569
am_0462_obj_030_菜板	obj_030_菜板	菜板	cutting_board	cutting_board	place	2667	0.393288738	0.425791459	0.456717043	0.496802624	0.603342362	0.828574025	0.874544770	0.020	0.478469785	0.393288738
am_0463_obj_030_菜板	obj_030_菜板	菜板	cutting_board	cutting_board	place	2731	0.396580843	0.423991180	0.454977280	0.500094680	0.610094624	0.806233244	0.860296031	0.020	0.478469785	0.396580843
am_0464_obj_030_菜板	obj_030_菜板	菜板	cutting_board	cutting_board	place	2753	0.425824999	0.458962424	0.494121425	0.535965739	0.618124877	0.824067648	0.874465963	0.020	0.478469785	0.425824999
am_0465_obj_030_菜板	obj_030_菜板	菜板	cutting_board	cutting_board	place	2687	0.399002183	0.426760074	0.456816716	0.493672760	0.562436005	0.813830836	0.862765590	0.020	0.478469785	0.399002183
am_0466_obj_030_菜板	obj_030_菜板	菜板	cutting_board	cutting_board	place	2687	0.406523293	0.439776819	0.468199506	0.506566946	0.587366776	0.824010489	0.880629770	0.020	0.478469785	0.406523293
am_0467_obj_030_菜板	obj_030_菜板	菜板	cutting_board	cutting_board	place	2754	0.389719076	0.415545317	0.440496692	0.470078876	0.532156643	0.708659493	0.765513615	0.020	0.478469785	0.389719076
am_0468_obj_030_菜板	obj_030_菜板	菜板	cutting_board	cutting_board	place	2730	0.404006662	0.435261458	0.468864652	0.515242050	0.625675516	0.841298065	0.887376476	0.020	0.478469785	0.404006662
am_0469_obj_030_菜板	obj_030_菜板	菜板	cutting_board	cutting_board	place	2715	0.366896084	0.389388648	0.412122021	0.444214395	0.524456177	0.638673507	0.681244453	0.020	0.478469785	0.366896084
am_0470_obj_030_菜板	obj_030_菜板	菜板	cutting_board	cutting_board	place	2701	0.359261546	0.381118487	0.404161622	0.427856328	0.469747280	0.675852429	0.737586224	0.020	0.478469785	0.359261546
am_0471_obj_030_菜板	obj_030_菜板	菜板	cutting_board	cutting_board	place	2772	0.312296478	0.333866816	0.352889847	0.373053526	0.406830879	0.584031336	0.635596083	0.020	0.478469785	0.312296478
am_0472_obj_030_菜板	obj_030_菜板	菜板	cutting_board	cutting_board	place	2702	0.388906825	0.419095156	0.447171143	0.484916337	0.577627939	0.816125625	0.870251674	0.020	0.478469785	0.388906825
am_0473_obj_030_菜板	obj_030_菜板	菜板	cutting_board	cutting_board	place	2739	0.364222854	0.387907679	0.411605168	0.444802064	0.529361424	0.625728793	0.676820931	0.020	0.478469785	0.364222854
am_0474_obj_030_菜板	obj_030_菜板	菜板	cutting_board	cutting_board	place	2703	0.378830136	0.409466184	0.438522295	0.476848719	0.575493863	0.801974635	0.854919896	0.020	0.478469785	0.378830136
am_0475_obj_031_衬衫	obj_031_衬衫	衬衫	clothing	clothing	grasp	4096	0.884680708	0.893574030	0.901810507	0.909167847	0.914603125	0.923944832	0.930345964	0.020	0.478469785	0.884680708
am_0476_obj_031_衬衫	obj_031_衬衫	衬衫	clothing	clothing	grasp	4096	0.691507819	0.711125211	0.730284832	0.749065459	0.766116366	0.802444674	0.837254082	0.020	0.478469785	0.691507819
am_0477_obj_031_衬衫	obj_031_衬衫	衬衫	clothing	clothing	grasp	4096	0.579104780	0.599337859	0.620864863	0.641356342	0.661036835	0.700220618	0.737577943	0.020	0.478469785	0.579104780
am_0478_obj_031_衬衫	obj_031_衬衫	衬衫	clothing	clothing	grasp	4096	0.814119423	0.831423419	0.847567383	0.860873675	0.871998238	0.892577313	0.905388046	0.020	0.478469785	0.814119423
am_0479_obj_031_衬衫	obj_031_衬衫	衬衫	clothing	clothing	grasp	4096	0.724684032	0.743478339	0.761066694	0.778884396	0.795444441	0.825699623	0.851385876	0.020	0.478469785	0.724684032
am_0480_obj_031_衬衫	obj_031_衬衫	衬衫	clothing	clothing	grasp	4096	0.648962632	0.669812761	0.688718951	0.707211549	0.725048506	0.762466066	0.797952762	0.020	0.478469785	0.648962632
am_0481_obj_031_衬衫	obj_031_衬衫	衬衫	clothing	clothing	grasp	4096	0.686563118	0.707290051	0.726463477	0.744959469	0.762455060	0.797241780	0.833085374	0.020	0.478469785	0.686563118
am_0482_obj_031_衬衫	obj_031_衬衫	衬衫	clothing	clothing	grasp	4096	0.704389297	0.725901938	0.745917848	0.765269603	0.784013793	0.817530930	0.848923421	0.020	0.478469785	0.704389297
am_0483_obj_031_衬衫	obj_031_衬衫	衬衫	clothing	clothing	grasp	4096	0.573734450	0.593373893	0.614070662	0.634353565	0.652327403	0.687342055	0.726742993	0.020	0.478469785	0.573734450
am_0484_obj_031_衬衫	obj_031_衬衫	衬衫	clothing	clothing	grasp	4096	0.837495157	0.851028939	0.863165495	0.873690432	0.884087125	0.903159554	0.916815861	0.020	0.478469785	0.837495157
am_0485_obj_031_衬衫	obj_031_衬衫	衬衫	clothing	clothing	grasp	4096	0.772342339	0.789237798	0.805400766	0.819646372	0.832923537	0.857041465	0.875230722	0.020	0.478469785	0.772342339
am_0486_obj_031_衬衫	obj_031_衬衫	衬衫	clothing	clothing	grasp	4096	0.474733052	0.493138580	0.512305891	0.532018064	0.551276182	0.593478787	0.637083772	0.020	0.478469785	0.474733052
am_0487_obj_031_衬衫	obj_031_衬衫	衬衫	clothing	clothing	grasp	4096	0.670524296	0.689900068	0.709910955	0.729586588	0.748344332	0.783707879	0.810751065	0.020	0.478469785	0.670524296
am_0488_obj_031_衬衫	obj_031_衬衫	衬衫	clothing	clothing	grasp	4096	0.693461318	0.713649310	0.731841271	0.749921834	0.767892340	0.803349829	0.836097756	0.020	0.478469785	0.693461318
am_0489_obj_031_衬衫	obj_031_衬衫	衬衫	clothing	clothing	grasp	4096	0.610593789	0.631313103	0.651162433	0.670691224	0.689053476	0.723961989	0.757974655	0.020	0.478469785	0.610593789
am_0490_obj_032_连帽衫	obj_032_连帽衫	连帽衫	clothing	clothing	grasp	4096	0.932232649	0.935560341	0.938327540	0.940785147	0.942536842	0.945418006	0.947161937	0.020	0.478469785	0.932232649
am_0491_obj_032_连帽衫	obj_032_连帽衫	连帽衫	clothing	clothing	grasp	4096	0.919813825	0.925953930	0.931358288	0.935802817	0.939338018	0.943414737	0.945931703	0.020	0.478469785	0.919813825
am_0492_obj_032_连帽衫	obj_032_连帽衫	连帽衫	clothing	clothing	grasp	4096	0.845255852	0.857422747	0.869012953	0.879045636	0.887815012	0.902973897	0.915231704	0.020	0.478469785	0.845255852
am_0493_obj_032_连帽衫	obj_032_连帽衫	连帽衫	clothing	clothing	grasp	4096	0.821083380	0.837678105	0.853607464	0.866623130	0.877811274	0.897644523	0.912899821	0.020	0.478469785	0.821083380
am_0494_obj_032_连帽衫	obj_032_连帽衫	连帽衫	clothing	clothing	grasp	4096	0.886631684	0.898277539	0.909231658	0.919337980	0.925309976	0.935278046	0.943317726	0.020	0.478469785	0.886631684
am_0495_obj_032_连帽衫	obj_032_连帽衫	连帽衫	clothing	clothing	grasp	4096	0.871233175	0.881815180	0.891867599	0.900664314	0.907986330	0.918912060	0.927054269	0.020	0.478469785	0.871233175
am_0496_obj_032_连帽衫	obj_032_连帽衫	连帽衫	clothing	clothing	grasp	4096	0.931208094	0.935538257	0.939369799	0.942732348	0.945190810	0.948779113	0.949961524	0.020	0.478469785	0.931208094
am_0497_obj_032_连帽衫	obj_032_连帽衫	连帽衫	clothing	clothing	grasp	4096	0.936880293	0.940476719	0.943464646	0.945122888	0.946519966	0.948423482	0.949615631	0.020	0.478469785	0.936880293
am_0498_obj_032_连帽衫	obj_032_连帽衫	连帽衫	clothing	clothing	grasp	4096	0.919519734	0.924996828	0.929760980	0.934076416	0.937588135	0.943249288	0.947161863	0.020	0.478469785	0.919519734
am_0499_obj_032_连帽衫	obj_032_连帽衫	连帽衫	clothing	clothing	grasp	4096	0.913621431	0.919943685	0.925293200	0.929941709	0.934102178	0.939648188	0.943143956	0.020	0.478469785	0.913621431
am_0500_obj_032_连帽衫	obj_032_连帽衫	连帽衫	clothing	clothing	grasp	4096	0.936859609	0.940298553	0.943300767	0.945935723	0.947647059	0.948980650	0.949859304	0.020	0.478469785	0.936859609
am_0501_obj_032_连帽衫	obj_032_连帽衫	连帽衫	clothing	clothing	grasp	4096	0.925954191	0.930693502	0.934996920	0.938941850	0.941488492	0.945973041	0.948473127	0.020	0.478469785	0.925954191
am_0502_obj_032_连帽衫	obj_032_连帽衫	连帽衫	clothing	clothing	grasp	4096	0.939682744	0.941796045	0.943657963	0.945222645	0.946550271	0.948348083	0.949726942	0.020	0.478469785	0.939682744
am_0503_obj_032_连帽衫	obj_032_连帽衫	连帽衫	clothing	clothing	grasp	4096	0.754040364	0.777309717	0.801066983	0.823788922	0.842375470	0.871938427	0.894754511	0.020	0.478469785	0.754040364
am_0504_obj_032_连帽衫	obj_032_连帽衫	连帽衫	clothing	clothing	grasp	4096	0.810356421	0.823709860	0.835953413	0.848092631	0.859791034	0.879764109	0.897051280	0.020	0.478469785	0.810356421
am_0505_obj_033_遥控器	obj_033_遥控器	遥控器	button	remote	press	2285	0.767512721	0.807576179	0.833178953	0.858214205	0.878711693	0.902653301	0.917800714	0.020	0.478469785	0.767512721
am_0505_obj_033_遥控器	obj_033_遥控器	遥控器	button	remote	grasp	4096	0.926725458	0.930599640	0.933696001	0.936968804	0.939317338	0.942964847	0.945210779	0.020	0.478469785	0.926725458
am_0506_obj_033_遥控器	obj_033_遥控器	遥控器	button	remote	press	2243	0.425158512	0.466986628	0.518924781	0.596482261	0.687955996	0.801588538	0.835222638	0.020	0.478469785	0.425158512
am_0506_obj_033_遥控器	obj_033_遥控器	遥控器	button	remote	grasp	4096	0.886426207	0.896032641	0.903872553	0.910096632	0.915636875	0.924319034	0.930148113	0.020	0.478469785	0.886426207
am_0507_obj_033_遥控器	obj_033_遥控器	遥控器	button	remote	press	2288	0.463007366	0.509728184	0.572158201	0.690960645	0.765273100	0.813570579	0.840922088	0.020	0.478469785	0.463007366
am_0507_obj_033_遥控器	obj_033_遥控器	遥控器	button	remote	grasp	4096	0.910206232	0.917273256	0.922531922	0.926515329	0.930009215	0.934716717	0.937992880	0.020	0.478469785	0.910206232
am_0508_obj_033_遥控器	obj_033_遥控器	遥控器	button	remote	press	2339	0.638577020	0.687715578	0.730637154	0.790808832	0.847075070	0.896617471	0.913800756	0.020	0.478469785	0.638577020
am_0508_obj_033_遥控器	obj_033_遥控器	遥控器	button	remote	grasp	4096	0.911270016	0.918766806	0.924605821	0.929581968	0.934264274	0.940712845	0.945003178	0.020	0.478469785	0.911270016
am_0509_obj_033_遥控器	obj_033_遥控器	遥控器	button	remote	press	2293	0.296633430	0.343696802	0.395589256	0.528308395	0.683460411	0.836226235	0.870568428	0.020	0.478469785	0.296633430
am_0509_obj_033_遥控器	obj_033_遥控器	遥控器	button	remote	grasp	4096	0.927746513	0.932386076	0.935918386	0.938729583	0.941457809	0.945257567	0.947848566	0.020	0.478469785	0.927746513
am_0510_obj_033_遥控器	obj_033_遥控器	遥控器	button	remote	press	2287	0.620237231	0.675559405	0.726163368	0.779087152	0.819444114	0.858104451	0.881442062	0.020	0.478469785	0.620237231
am_0510_obj_033_遥控器	obj_033_遥控器	遥控器	button	remote	grasp	4096	0.933910499	0.936992670	0.939302578	0.941191412	0.942928924	0.945497602	0.947406856	0.020	0.478469785	0.933910499
am_0511_obj_033_遥控器	obj_033_遥控器	遥控器	button	remote	press	2371	0.500459472	0.544990846	0.584255971	0.659761000	0.747665251	0.820659158	0.845743983	0.020	0.478469785	0.500459472
am_0511_obj_033_遥控器	obj_033_遥控器	遥控器	button	remote	grasp	4096	0.929364674	0.933753180	0.937167493	0.940162248	0.942502216	0.945730897	0.948691192	0.020	0.478469785	0.929364674
am_0512_obj_033_遥控器	obj_033_遥控器	遥控器	button	remote	press	2285	0.700568955	0.754866460	0.794999073	0.830271498	0.857897188	0.887199241	0.905636314	0.020	0.478469785	0.700568955
am_0512_obj_033_遥控器	obj_033_遥控器	遥控器	button	remote	grasp	4096	0.922555311	0.928102255	0.932719350	0.935929840	0.938800626	0.942949306	0.945687776	0.020	0.478469785	0.922555311
am_0513_obj_033_遥控器	obj_033_遥控器	遥控器	button	remote	press	2303	0.672651723	0.723895045	0.769024745	0.806944277	0.838468213	0.877691581	0.899465477	0.020	0.478469785	0.672651723
am_0513_obj_033_遥控器	obj_033_遥控器	遥控器	button	remote	grasp	4096	0.916764708	0.923065899	0.928265505	0.932533971	0.935867670	0.940929443	0.944253620	0.020	0.478469785	0.916764708
am_0514_obj_033_遥控器	obj_033_遥控器	遥控器	button	remote	press	2313	0.540415917	0.588295094	0.648016615	0.727652832	0.795701298	0.843659874	0.865434332	0.020	0.478469785	0.540415917
am_0514_obj_033_遥控器	obj_033_遥控器	遥控器	button	remote	grasp	4096	0.925131172	0.929833989	0.933158647	0.935677265	0.937710776	0.941011687	0.943429174	0.020	0.478469785	0.925131172
am_0515_obj_033_遥控器	obj_033_遥控器	遥控器	button	remote	press	2315	0.340545397	0.380276260	0.436886182	0.549088388	0.655602027	0.737812257	0.774527268	0.020	0.478469785	0.340545397
am_0515_obj_033_遥控器	obj_033_遥控器	遥控器	button	remote	grasp	4096	0.925157177	0.929734621	0.933894319	0.936655254	0.939162232	0.942635982	0.945282414	0.020	0.478469785	0.925157177
am_0516_obj_033_遥控器	obj_033_遥控器	遥控器	button	remote	press	2299	0.250426738	0.291126978	0.338975418	0.466542696	0.641091242	0.837306007	0.883395277	0.020	0.478469785	0.250426738
am_0516_obj_033_遥控器	obj_033_遥控器	遥控器	button	remote	grasp	4096	0.848349335	0.860128437	0.870977726	0.880441417	0.889904190	0.905470412	0.917278576	0.020	0.478469785	0.848349335
am_0517_obj_033_遥控器	obj_033_遥控器	遥控器	button	remote	press	2320	0.289713152	0.334227135	0.383805141	0.509602578	0.651267638	0.800587710	0.838150301	0.020	0.478469785	0.289713152
am_0517_obj_033_遥控器	obj_033_遥控器	遥控器	button	remote	grasp	4096	0.893837243	0.902418937	0.909175130	0.914655768	0.919094592	0.926632958	0.931078631	0.020	0.478469785	0.893837243
am_0518_obj_033_遥控器	obj_033_遥控器	遥控器	button	remote	press	2264	0.593025617	0.651777341	0.699671720	0.749259469	0.797955114	0.852491653	0.877078774	0.020	0.478469785	0.593025617
am_0518_obj_033_遥控器	obj_033_遥控器	遥控器	button	remote	grasp	4096	0.919353694	0.924743691	0.929142057	0.933011042	0.936034036	0.940297034	0.943697664	0.020	0.478469785	0.919353694
am_0519_obj_033_遥控器	obj_033_遥控器	遥控器	button	remote	press	2304	0.350956295	0.388597564	0.432779792	0.530762724	0.650234608	0.766576123	0.807082014	0.020	0.478469785	0.350956295
am_0519_obj_033_遥控器	obj_033_遥控器	遥控器	button	remote	grasp	4096	0.899797018	0.907323427	0.913568570	0.918630276	0.922301776	0.929364173	0.933939468	0.020	0.478469785	0.899797018
am_0520_obj_034_铁锅	obj_034_铁锅	铁锅	open_container	pan	grasp	756	0.907869083	0.909643555	0.909753418	0.909973145	0.910131836	0.910339355	0.910766602	0.020	0.478469785	0.907869083
am_0520_obj_034_铁锅	obj_034_铁锅	铁锅	open_container	pan	contain	3105	0.928250500	0.935638455	0.938779767	0.939972683	0.940264939	0.940625000	0.941027832	0.020	0.478469785	0.928250500
am_0521_obj_034_铁锅	obj_034_铁锅	铁锅	open_container	pan	grasp	799	0.904152303	0.908393679	0.910306741	0.910546875	0.910656738	0.910876465	0.911291504	0.020	0.478469785	0.904152303
am_0521_obj_034_铁锅	obj_034_铁锅	铁锅	open_container	pan	contain	3025	0.930969944	0.937602625	0.938973898	0.939550781	0.939648438	0.940075684	0.940417480	0.020	0.478469785	0.930969944
am_0522_obj_034_铁锅	obj_034_铁锅	铁锅	open_container	pan	grasp	827	0.901357372	0.908984224	0.910563285	0.910986328	0.911132812	0.911352539	0.911767578	0.020	0.478469785	0.901357372
am_0522_obj_034_铁锅	obj_034_铁锅	铁锅	open_container	pan	contain	3038	0.934502209	0.938040393	0.938916053	0.939167465	0.939282227	0.939709473	0.940258789	0.020	0.478469785	0.934502209
am_0523_obj_034_铁锅	obj_034_铁锅	铁锅	open_container	pan	grasp	797	0.898877711	0.906655958	0.909831386	0.910302734	0.910351563	0.910632324	0.911022949	0.020	0.478469785	0.898877711
am_0523_obj_034_铁锅	obj_034_铁锅	铁锅	open_container	pan	contain	3083	0.931895397	0.937320804	0.939288698	0.939767273	0.939892578	0.940136719	0.940734863	0.020	0.478469785	0.931895397
am_0524_obj_034_铁锅	obj_034_铁锅	铁锅	open_container	pan	grasp	789	0.907340961	0.909711188	0.910095683	0.910412598	0.910546875	0.910803223	0.911376953	0.020	0.478469785	0.907340961
am_0524_obj_034_铁锅	obj_034_铁锅	铁锅	open_container	pan	contain	3051	0.931208755	0.937615948	0.939289730	0.939685059	0.939819336	0.940112305	0.940637207	0.020	0.478469785	0.931208755
am_0525_obj_034_铁锅	obj_034_铁锅	铁锅	open_container	pan	grasp	812	0.899629027	0.907754648	0.910172044	0.910424805	0.910559082	0.910803223	0.911157227	0.020	0.478469785	0.899629027
am_0525_obj_034_铁锅	obj_034_铁锅	铁锅	open_container	pan	contain	3060	0.930658466	0.937350883	0.939093065	0.939697266	0.939819336	0.939978027	0.940368652	0.020	0.478469785	0.930658466
am_0526_obj_034_铁锅	obj_034_铁锅	铁锅	open_container	pan	grasp	764	0.896143467	0.908170330	0.909727952	0.909924316	0.910095215	0.910400391	0.910693359	0.020	0.478469785	0.896143467
am_0526_obj_034_铁锅	obj_034_铁锅	铁锅	open_container	pan	contain	3114	0.930643828	0.936677381	0.938953512	0.940109235	0.940209961	0.940380859	0.940832520	0.020	0.478469785	0.930643828
am_0527_obj_034_铁锅	obj_034_铁锅	铁锅	open_container	pan	grasp	775	0.865613362	0.892493769	0.900662931	0.908482349	0.910162835	0.910546875	0.910986328	0.020	0.478469785	0.865613362
am_0527_obj_034_铁锅	obj_034_铁锅	铁锅	open_container	pan	contain	3082	0.932551864	0.937336171	0.939247811	0.939925946	0.940100098	0.940393066	0.940917969	0.020	0.478469785	0.932551864
am_0528_obj_034_铁锅	obj_034_铁锅	铁锅	open_container	pan	grasp	817	0.909678988	0.910302734	0.910461426	0.910498047	0.910656738	0.910949707	0.911340332	0.020	0.478469785	0.909678988
am_0528_obj_034_铁锅	obj_034_铁锅	铁锅	open_container	pan	contain	3059	0.918930027	0.929853514	0.934945915	0.938031361	0.939229027	0.939831543	0.940222168	0.020	0.478469785	0.918930027
am_0529_obj_034_铁锅	obj_034_铁锅	铁锅	open_container	pan	grasp	758	0.793663463	0.831714120	0.864288026	0.890979080	0.905874554	0.910461426	0.910815430	0.020	0.478469785	0.793663463
am_0529_obj_034_铁锅	obj_034_铁锅	铁锅	open_container	pan	contain	3071	0.894670526	0.916895498	0.928930777	0.936086991	0.939260276	0.940637207	0.940991211	0.020	0.478469785	0.894670526
am_0530_obj_034_铁锅	obj_034_铁锅	铁锅	open_container	pan	grasp	757	0.904657209	0.908963393	0.909765625	0.909997559	0.910095215	0.910375977	0.910742188	0.020	0.478469785	0.904657209
am_0530_obj_034_铁锅	obj_034_铁锅	铁锅	open_container	pan	contain	3097	0.931921018	0.936742148	0.939255200	0.940182529	0.940344238	0.940673828	0.941101074	0.020	0.478469785	0.931921018
am_0531_obj_034_铁锅	obj_034_铁锅	铁锅	open_container	pan	grasp	749	0.906343192	0.909411083	0.909875488	0.910034180	0.910107422	0.910363770	0.911218262	0.020	0.478469785	0.906343192
am_0531_obj_034_铁锅	obj_034_铁锅	铁锅	open_container	pan	contain	3099	0.922794883	0.933041368	0.937340283	0.938996325	0.939921196	0.940734863	0.941101074	0.020	0.478469785	0.922794883
am_0532_obj_034_铁锅	obj_034_铁锅	铁锅	open_container	pan	grasp	772	0.889621559	0.904463836	0.908764438	0.910021973	0.910131836	0.910363770	0.910961914	0.020	0.478469785	0.889621559
am_0532_obj_034_铁锅	obj_034_铁锅	铁锅	open_container	pan	contain	3119	0.923646568	0.934484430	0.938605944	0.940014226	0.940161133	0.940478516	0.940881348	0.020	0.478469785	0.923646568
am_0533_obj_034_铁锅	obj_034_铁锅	铁锅	open_container	pan	grasp	755	0.886323916	0.897812389	0.905167835	0.909215173	0.909912109	0.910180664	0.910656738	0.020	0.478469785	0.886323916
am_0533_obj_034_铁锅	obj_034_铁锅	铁锅	open_container	pan	contain	3107	0.926047386	0.934738308	0.939092008	0.940319824	0.940441895	0.940649414	0.940930176	0.020	0.478469785	0.926047386
am_0534_obj_034_铁锅	obj_034_铁锅	铁锅	open_container	pan	grasp	795	0.887190191	0.899767678	0.908840038	0.909703659	0.910427154	0.910742188	0.911181641	0.020	0.478469785	0.887190191
am_0534_obj_034_铁锅	obj_034_铁锅	铁锅	open_container	pan	contain	3057	0.926619413	0.935836368	0.938826597	0.939733887	0.939953613	0.940148926	0.940588379	0.020	0.478469785	0.926619413
am_0535_obj_035_锅铲	obj_035_锅铲	锅铲	spatula	spatula	grasp	1905	0.883484578	0.893326680	0.901070091	0.907601675	0.913621271	0.921285279	0.925128256	0.020	0.478469785	0.883484578
am_0535_obj_035_锅铲	obj_035_锅铲	锅铲	spatula	spatula	shovel	2029	0.920601163	0.924694111	0.926004230	0.926610031	0.927131328	0.927949783	0.929073908	0.020	0.478469785	0.920601163
am_0536_obj_035_锅铲	obj_035_锅铲	锅铲	spatula	spatula	grasp	1932	0.860638521	0.869915173	0.879140416	0.889604760	0.897565345	0.907685312	0.918174425	0.020	0.478469785	0.860638521
am_0536_obj_035_锅铲	obj_035_锅铲	锅铲	spatula	spatula	shovel	1973	0.908286524	0.918672360	0.922534670	0.924940413	0.925790997	0.926300904	0.926761263	0.020	0.478469785	0.908286524
am_0537_obj_035_锅铲	obj_035_锅铲	锅铲	spatula	spatula	grasp	1938	0.875743550	0.885704872	0.895973677	0.903978772	0.911781267	0.920660175	0.924874617	0.020	0.478469785	0.875743550
am_0537_obj_035_锅铲	obj_035_锅铲	锅铲	spatula	spatula	shovel	2000	0.904325737	0.912769324	0.919309696	0.922778746	0.925505056	0.928556555	0.931072071	0.020	0.478469785	0.904325737
am_0538_obj_035_锅铲	obj_035_锅铲	锅铲	spatula	spatula	grasp	1937	0.892767680	0.901334430	0.908054228	0.914163852	0.918597026	0.923447488	0.925740141	0.020	0.478469785	0.892767680
am_0538_obj_035_锅铲	obj_035_锅铲	锅铲	spatula	spatula	shovel	1982	0.917772684	0.924953423	0.927608870	0.928396652	0.929193701	0.932208055	0.942446589	0.020	0.478469785	0.917772684
am_0539_obj_035_锅铲	obj_035_锅铲	锅铲	spatula	spatula	grasp	1977	0.894913041	0.903279720	0.909850324	0.915554534	0.919772287	0.924179403	0.926205225	0.020	0.478469785	0.894913041
am_0539_obj_035_锅铲	obj_035_锅铲	锅铲	spatula	spatula	shovel	1965	0.918873265	0.921992862	0.923475354	0.924563091	0.925146816	0.925537109	0.925939941	0.020	0.478469785	0.918873265
am_0540_obj_035_锅铲	obj_035_锅铲	锅铲	spatula	spatula	grasp	1900	0.869631360	0.878670417	0.886590617	0.895041653	0.903595634	0.916639667	0.923577754	0.020	0.478469785	0.869631360
am_0540_obj_035_锅铲	obj_035_锅铲	锅铲	spatula	spatula	shovel	2011	0.924585082	0.925417002	0.925830078	0.926000977	0.926257324	0.926623535	0.926977539	0.020	0.478469785	0.924585082
am_0541_obj_035_锅铲	obj_035_锅铲	锅铲	spatula	spatula	grasp	1901	0.872435459	0.882485994	0.893260112	0.902424399	0.911286848	0.922298023	0.925677501	0.020	0.478469785	0.872435459
am_0541_obj_035_锅铲	obj_035_锅铲	锅铲	spatula	spatula	shovel	2002	0.925027644	0.934321590	0.939770556	0.943638841	0.946529820	0.954071814	0.964945644	0.020	0.478469785	0.925027644
am_0542_obj_035_锅铲	obj_035_锅铲	锅铲	spatula	spatula	grasp	1914	0.888210907	0.896661199	0.904202928	0.910567393	0.915380818	0.921936995	0.924977294	0.020	0.478469785	0.888210907
am_0542_obj_035_锅铲	obj_035_锅铲	锅铲	spatula	spatula	shovel	2002	0.914407373	0.925390706	0.930162786	0.932095374	0.932871038	0.935416873	0.939424507	0.020	0.478469785	0.914407373
am_0543_obj_035_锅铲	obj_035_锅铲	锅铲	spatula	spatula	grasp	1967	0.880801390	0.889298121	0.898452851	0.907002422	0.913779311	0.922922764	0.925845673	0.020	0.478469785	0.880801390
am_0543_obj_035_锅铲	obj_035_锅铲	锅铲	spatula	spatula	shovel	1963	0.921822177	0.924888209	0.925564307	0.926033269	0.926392612	0.927056985	0.928206970	0.020	0.478469785	0.921822177
am_0544_obj_035_锅铲	obj_035_锅铲	锅铲	spatula	spatula	grasp	1978	0.883642584	0.894851971	0.903812738	0.911553123	0.916529897	0.922272208	0.924657806	0.020	0.478469785	0.883642584
am_0544_obj_035_锅铲	obj_035_锅铲	锅铲	spatula	spatula	shovel	1940	0.920924523	0.924069596	0.924743294	0.925122011	0.925292969	0.925732422	0.926037598	0.020	0.478469785	0.920924523
am_0545_obj_035_锅铲	obj_035_锅铲	锅铲	spatula	spatula	grasp	1896	0.868034108	0.877554483	0.885672278	0.895587873	0.905352190	0.916490750	0.922565106	0.020	0.478469785	0.868034108
am_0545_obj_035_锅铲	obj_035_锅铲	锅铲	spatula	spatula	shovel	2027	0.916654833	0.927241253	0.934405270	0.938094317	0.940248462	0.945228420	0.954900538	0.020	0.478469785	0.916654833
am_0546_obj_035_锅铲	obj_035_锅铲	锅铲	spatula	spatula	grasp	1917	0.893450060	0.901667412	0.909003379	0.915281719	0.919839058	0.924137987	0.926236639	0.020	0.478469785	0.893450060
am_0546_obj_035_锅铲	obj_035_锅铲	锅铲	spatula	spatula	shovel	1977	0.898660101	0.910913656	0.918672692	0.922234622	0.924934531	0.926666807	0.927401879	0.020	0.478469785	0.898660101
am_0547_obj_035_锅铲	obj_035_锅铲	锅铲	spatula	spatula	grasp	1955	0.879149923	0.888081252	0.896395021	0.905677131	0.912397219	0.921659086	0.925452272	0.020	0.478469785	0.879149923
am_0547_obj_035_锅铲	obj_035_锅铲	锅铲	spatula	spatula	shovel	1966	0.917980135	0.922505981	0.923672482	0.924508909	0.924993718	0.925866699	0.926245117	0.020	0.478469785	0.917980135
am_0548_obj_035_锅铲	obj_035_锅铲	锅铲	spatula	spatula	grasp	1912	0.890300221	0.898978380	0.907859410	0.912928324	0.917364360	0.923007442	0.925509004	0.020	0.478469785	0.890300221
am_0548_obj_035_锅铲	obj_035_锅铲	锅铲	spatula	spatula	shovel	2000	0.910499879	0.923312368	0.931869211	0.935893260	0.939603266	0.951128659	0.969356484	0.020	0.478469785	0.910499879
am_0549_obj_035_锅铲	obj_035_锅铲	锅铲	spatula	spatula	grasp	1904	0.880758974	0.893030523	0.901051280	0.910027023	0.915707630	0.922085402	0.925047103	0.020	0.478469785	0.880758974
am_0549_obj_035_锅铲	obj_035_锅铲	锅铲	spatula	spatula	shovel	2020	0.921417965	0.928445375	0.931039750	0.933674357	0.935569883	0.938977836	0.944338178	0.020	0.478469785	0.921417965
am_0550_obj_036_锅铲2	obj_036_锅铲2	锅铲2	spatula	spatula	grasp	1187	0.886241104	0.903925875	0.910897058	0.914980446	0.916760444	0.917993164	0.919262695	0.020	0.478469785	0.886241104
am_0550_obj_036_锅铲2	obj_036_锅铲2	锅铲2	spatula	spatula	shovel	2403	0.880581885	0.896841236	0.909177236	0.921379120	0.927498643	0.933523293	0.935054080	0.020	0.478469785	0.880581885
am_0551_obj_036_锅铲2	obj_036_锅铲2	锅铲2	spatula	spatula	grasp	1195	0.899018264	0.910078724	0.915046524	0.916441469	0.916955566	0.918151855	0.919250488	0.020	0.478469785	0.899018264
am_0551_obj_036_锅铲2	obj_036_锅铲2	锅铲2	spatula	spatula	shovel	2396	0.909218544	0.921502863	0.927376032	0.930937928	0.932550723	0.933776855	0.934655762	0.020	0.478469785	0.909218544
am_0552_obj_036_锅铲2	obj_036_锅铲2	锅铲2	spatula	spatula	grasp	1190	0.897171727	0.908408655	0.914170031	0.916108251	0.917150879	0.918103027	0.919738770	0.020	0.478469785	0.897171727
am_0552_obj_036_锅铲2	obj_036_锅铲2	锅铲2	spatula	spatula	shovel	2385	0.862750521	0.886635961	0.906658390	0.914883278	0.920953684	0.929747353	0.934256943	0.020	0.478469785	0.862750521
am_0553_obj_036_锅铲2	obj_036_锅铲2	锅铲2	spatula	spatula	grasp	1188	0.899462215	0.908890263	0.913731564	0.916451226	0.917211914	0.918383789	0.919836426	0.020	0.478469785	0.899462215
am_0553_obj_036_锅铲2	obj_036_锅铲2	锅铲2	spatula	spatula	shovel	2372	0.858660860	0.878038247	0.898571854	0.912414657	0.924251367	0.932685334	0.934738320	0.020	0.478469785	0.858660860
am_0554_obj_036_锅铲2	obj_036_锅铲2	锅铲2	spatula	spatula	grasp	1245	0.894910499	0.907861941	0.913386184	0.916197318	0.917674070	0.918957520	0.920251465	0.020	0.478469785	0.894910499
am_0554_obj_036_锅铲2	obj_036_锅铲2	锅铲2	spatula	spatula	shovel	2318	0.862928894	0.885052540	0.901538290	0.913840748	0.920544111	0.931840641	0.934015094	0.020	0.478469785	0.862928894
am_0555_obj_036_锅铲2	obj_036_锅铲2	锅铲2	spatula	spatula	grasp	1227	0.909240289	0.914048092	0.916258335	0.916809082	0.917346191	0.918432617	0.919714355	0.020	0.478469785	0.909240289
am_0555_obj_036_锅铲2	obj_036_锅铲2	锅铲2	spatula	spatula	shovel	2368	0.887822653	0.907305433	0.919811863	0.928099015	0.931925488	0.933672970	0.934484863	0.020	0.478469785	0.887822653
am_0556_obj_036_锅铲2	obj_036_锅铲2	锅铲2	spatula	spatula	grasp	1202	0.909120071	0.913980172	0.915714335	0.916530023	0.917102051	0.918164063	0.919348145	0.020	0.478469785	0.909120071
am_0556_obj_036_锅铲2	obj_036_锅铲2	锅铲2	spatula	spatula	shovel	2406	0.887943785	0.904690007	0.916800340	0.925226489	0.930110141	0.933917348	0.934667969	0.020	0.478469785	0.887943785
am_0557_obj_036_锅铲2	obj_036_锅铲2	锅铲2	spatula	spatula	grasp	1217	0.910460864	0.915358428	0.916455078	0.916845703	0.917346191	0.918371582	0.919689941	0.020	0.478469785	0.910460864
am_0557_obj_036_锅铲2	obj_036_锅铲2	锅铲2	spatula	spatula	shovel	2349	0.886783404	0.905343421	0.920288813	0.926116883	0.929752244	0.933082330	0.934204102	0.020	0.478469785	0.886783404
am_0558_obj_036_锅铲2	obj_036_锅铲2	锅铲2	spatula	spatula	grasp	1171	0.907644892	0.914014911	0.915600586	0.916064453	0.916674805	0.917761230	0.918994141	0.020	0.478469785	0.907644892
am_0558_obj_036_锅铲2	obj_036_锅铲2	锅铲2	spatula	spatula	shovel	2397	0.880699371	0.897731563	0.910228288	0.922924457	0.928764475	0.934302362	0.935144043	0.020	0.478469785	0.880699371
am_0559_obj_036_锅铲2	obj_036_锅铲2	锅铲2	spatula	spatula	grasp	1236	0.913376820	0.915938087	0.916601563	0.917102051	0.917504883	0.918554688	0.919726562	0.020	0.478469785	0.913376820
am_0559_obj_036_锅铲2	obj_036_锅铲2	锅铲2	spatula	spatula	shovel	2377	0.895560530	0.909806432	0.919782202	0.926828091	0.930028682	0.933306694	0.934228516	0.020	0.478469785	0.895560530
am_0560_obj_036_锅铲2	obj_036_锅铲2	锅铲2	spatula	spatula	grasp	1206	0.907689619	0.913633639	0.915941159	0.916589355	0.916955566	0.918151855	0.919396973	0.020	0.478469785	0.907689619
am_0560_obj_036_锅铲2	obj_036_锅铲2	锅铲2	spatula	spatula	shovel	2391	0.873900588	0.894813994	0.908233936	0.920701380	0.926966922	0.932636880	0.934631348	0.020	0.478469785	0.873900588
am_0561_obj_036_锅铲2	obj_036_锅铲2	锅铲2	spatula	spatula	grasp	1225	0.897585853	0.908125934	0.913296818	0.916329581	0.917297363	0.918237305	0.919445801	0.020	0.478469785	0.897585853
am_0561_obj_036_锅铲2	obj_036_锅铲2	锅铲2	spatula	spatula	shovel	2384	0.876430429	0.896774254	0.910851093	0.921316055	0.926294544	0.932991754	0.934381377	0.020	0.478469785	0.876430429
am_0562_obj_036_锅铲2	obj_036_锅铲2	锅铲2	spatula	spatula	grasp	1244	0.910047275	0.914946185	0.916813818	0.917236328	0.917773437	0.918688965	0.919799805	0.020	0.478469785	0.910047275
am_0562_obj_036_锅铲2	obj_036_锅铲2	锅铲2	spatula	spatula	shovel	2357	0.886434576	0.900003818	0.914089937	0.923242120	0.927624277	0.932689072	0.934312239	0.020	0.478469785	0.886434576
am_0563_obj_036_锅铲2	obj_036_锅铲2	锅铲2	spatula	spatula	grasp	1193	0.901812559	0.910762064	0.914521213	0.916211580	0.916931152	0.918188477	0.919738770	0.020	0.478469785	0.901812559
am_0563_obj_036_锅铲2	obj_036_锅铲2	锅铲2	spatula	spatula	shovel	2377	0.863249782	0.885077113	0.907083073	0.924116413	0.930654797	0.933864215	0.934814453	0.020	0.478469785	0.863249782
am_0564_obj_036_锅铲2	obj_036_锅铲2	锅铲2	spatula	spatula	grasp	1231	0.906731984	0.912020799	0.915363718	0.917019432	0.917565918	0.918652344	0.919787598	0.020	0.478469785	0.906731984
am_0564_obj_036_锅铲2	obj_036_锅铲2	锅铲2	spatula	spatula	shovel	2351	0.886857650	0.903288139	0.914480618	0.922086313	0.927568940	0.932663704	0.934265137	0.020	0.478469785	0.886857650
am_0565_obj_037_锅铲3	obj_037_锅铲3	锅铲3	spatula	spatula	grasp	2536	0.852783465	0.867646317	0.883052160	0.898525127	0.910946137	0.924170379	0.929529857	0.020	0.478469785	0.852783465
am_0565_obj_037_锅铲3	obj_037_锅铲3	锅铲3	spatula	spatula	shovel	1370	0.917412106	0.918878106	0.919249735	0.919682255	0.920128802	0.921049871	0.922518876	0.020	0.478469785	0.917412106
am_0566_obj_037_锅铲3	obj_037_锅铲3	锅铲3	spatula	spatula	grasp	2519	0.916387328	0.923292256	0.927274777	0.929669372	0.931029257	0.932250977	0.932568359	0.020	0.478469785	0.916387328
am_0566_obj_037_锅铲3	obj_037_锅铲3	锅铲3	spatula	spatula	shovel	1408	0.907102623	0.915920271	0.917919922	0.918164063	0.918298340	0.918640137	0.918969727	0.020	0.478469785	0.907102623
am_0567_obj_037_锅铲3	obj_037_锅铲3	锅铲3	spatula	spatula	grasp	2526	0.899439329	0.910593748	0.919469167	0.925859300	0.929525182	0.932005970	0.932678223	0.020	0.478469785	0.899439329
am_0567_obj_037_锅铲3	obj_037_锅铲3	锅铲3	spatula	spatula	shovel	1398	0.916249997	0.917588754	0.917834473	0.917980957	0.918127441	0.918395996	0.918835449	0.020	0.478469785	0.916249997
am_0568_obj_037_锅铲3	obj_037_锅铲3	锅铲3	spatula	spatula	grasp	2591	0.898138293	0.911072591	0.919418327	0.924503905	0.928016187	0.931502702	0.933101752	0.020	0.478469785	0.898138293
am_0568_obj_037_锅铲3	obj_037_锅铲3	锅铲3	spatula	spatula	shovel	1364	0.914862700	0.917007267	0.917248535	0.917395020	0.917492676	0.917736816	0.918066406	0.020	0.478469785	0.914862700
am_0569_obj_037_锅铲3	obj_037_锅铲3	锅铲3	spatula	spatula	grasp	2547	0.912056524	0.920771775	0.925712646	0.928674605	0.930880409	0.932739258	0.933044434	0.020	0.478469785	0.912056524
am_0569_obj_037_锅铲3	obj_037_锅铲3	锅铲3	spatula	spatula	shovel	1371	0.914742568	0.915933266	0.917157216	0.917550653	0.917907715	0.918322754	0.918725586	0.020	0.478469785	0.914742568
am_0570_obj_037_锅铲3	obj_037_锅铲3	锅铲3	spatula	spatula	grasp	2523	0.921345814	0.926443546	0.929434080	0.930871665	0.931754952	0.932373047	0.932702637	0.020	0.478469785	0.921345814
am_0570_obj_037_锅铲3	obj_037_锅铲3	锅铲3	spatula	spatula	shovel	1402	0.916217174	0.917699916	0.917980957	0.918164063	0.918383789	0.918664551	0.919006348	0.020	0.478469785	0.916217174
am_0571_obj_037_锅铲3	obj_037_锅铲3	锅铲3	spatula	spatula	grasp	2531	0.900667287	0.911195872	0.918877735	0.924097138	0.927495402	0.930673992	0.932586542	0.020	0.478469785	0.900667287
am_0571_obj_037_锅铲3	obj_037_锅铲3	锅铲3	spatula	spatula	shovel	1371	0.915258578	0.917137886	0.917443848	0.917675781	0.917822266	0.918383789	0.918713379	0.020	0.478469785	0.915258578
am_0572_obj_037_锅铲3	obj_037_锅铲3	锅铲3	spatula	spatula	grasp	2547	0.891813553	0.904340083	0.914038303	0.920405046	0.924888011	0.929363849	0.931920110	0.020	0.478469785	0.891813553
am_0572_obj_037_锅铲3	obj_037_锅铲3	锅铲3	spatula	spatula	shovel	1382	0.917382812	0.917639160	0.917724609	0.917846680	0.918041992	0.918334961	0.918652344	0.020	0.478469785	0.917382812
am_0573_obj_037_锅铲3	obj_037_锅铲3	锅铲3	spatula	spatula	grasp	2514	0.913078482	0.919841409	0.923925478	0.927174098	0.929376661	0.931720689	0.932458496	0.020	0.478469785	0.913078482
am_0573_obj_037_锅铲3	obj_037_锅铲3	锅铲3	spatula	spatula	shovel	1420	0.884428038	0.901891309	0.912847330	0.917533387	0.918444824	0.918798828	0.919079590	0.020	0.478469785	0.884428038
am_0574_obj_037_锅铲3	obj_037_锅铲3	锅铲3	spatula	spatula	grasp	2530	0.917098321	0.923192886	0.926631419	0.928757558	0.930422439	0.932126947	0.932775879	0.020	0.478469785	0.917098321
am_0574_obj_037_锅铲3	obj_037_锅铲3	锅铲3	spatula	spatula	shovel	1396	0.910191069	0.916875184	0.917736816	0.917919922	0.918103027	0.918469238	0.918908691	0.020	0.478469785	0.910191069
am_0575_obj_037_锅铲3	obj_037_锅铲3	锅铲3	spatula	spatula	grasp	2573	0.904833973	0.914673723	0.922633559	0.928193668	0.930941640	0.932739258	0.933117676	0.020	0.478469785	0.904833973
am_0575_obj_037_锅铲3	obj_037_锅铲3	锅铲3	spatula	spatula	shovel	1361	0.914092222	0.916882025	0.917395020	0.917541504	0.917687988	0.917980957	0.918322754	0.020	0.478469785	0.914092222
am_0576_obj_037_锅铲3	obj_037_锅铲3	锅铲3	spatula	spatula	grasp	2554	0.888575980	0.900326122	0.909452545	0.916590621	0.921924939	0.928790634	0.932816592	0.020	0.478469785	0.888575980
am_0576_obj_037_锅铲3	obj_037_锅铲3	锅铲3	spatula	spatula	shovel	1346	0.915186231	0.917050318	0.917358398	0.917578125	0.917724609	0.918066406	0.918444824	0.020	0.478469785	0.915186231
am_0577_obj_037_锅铲3	obj_037_锅铲3	锅铲3	spatula	spatula	grasp	2467	0.872401582	0.886451799	0.899906309	0.912159681	0.920587362	0.927930631	0.931395303	0.020	0.478469785	0.872401582
am_0577_obj_037_锅铲3	obj_037_锅铲3	锅铲3	spatula	spatula	shovel	1467	0.917795930	0.918469238	0.918615723	0.918725586	0.918896484	0.919189453	0.919580078	0.020	0.478469785	0.917795930
am_0578_obj_037_锅铲3	obj_037_锅铲3	锅铲3	spatula	spatula	grasp	2541	0.864208913	0.879317451	0.894009464	0.907080769	0.917423227	0.928825146	0.931691934	0.020	0.478469785	0.864208913
am_0578_obj_037_锅铲3	obj_037_锅铲3	锅铲3	spatula	spatula	shovel	1397	0.915853457	0.916597783	0.917507404	0.917846680	0.917956543	0.918310547	0.918664551	0.020	0.478469785	0.915853457
am_0579_obj_037_锅铲3	obj_037_锅铲3	锅铲3	spatula	spatula	grasp	2579	0.849711430	0.865102576	0.880317224	0.894222655	0.907103979	0.923329424	0.931210995	0.020	0.478469785	0.849711430
am_0579_obj_037_锅铲3	obj_037_锅铲3	锅铲3	spatula	spatula	shovel	1352	0.911529514	0.915194184	0.917214335	0.917348612	0.917507303	0.917871094	0.918286133	0.020	0.478469785	0.911529514
am_0580_obj_038_食用油	obj_038_食用油	食用油	bottle	bottle	grasp	1400	0.806680661	0.850209249	0.882327701	0.901249485	0.912623617	0.922203681	0.926889761	0.020	0.478469785	0.806680661
am_0580_obj_038_食用油	obj_038_食用油	食用油	bottle	bottle	open	412	0.600728874	0.645699092	0.673356777	0.683851341	0.689239037	0.693894225	0.695564262	0.020	0.478469785	0.600728874
am_0580_obj_038_食用油	obj_038_食用油	食用油	bottle	bottle	pour	578	0.821617735	0.865898414	0.878163133	0.880367389	0.882456348	0.884640129	0.886483390	0.020	0.478469785	0.821617735
am_0581_obj_038_食用油	obj_038_食用油	食用油	bottle	bottle	grasp	1415	0.628595343	0.678779738	0.727982098	0.763704379	0.793508091	0.847990043	0.884029258	0.020	0.478469785	0.628595343
am_0581_obj_038_食用油	obj_038_食用油	食用油	bottle	bottle	open	421	0.862490734	0.893144545	0.901766510	0.902120514	0.902450104	0.903267975	0.904037018	0.020	0.478469785	0.862490734
am_0581_obj_038_食用油	obj_038_食用油	食用油	bottle	bottle	pour	541	0.851237813	0.887741369	0.897607786	0.904733745	0.908916606	0.913341699	0.915508974	0.020	0.478469785	0.851237813
am_0582_obj_038_食用油	obj_038_食用油	食用油	bottle	bottle	grasp	1352	0.809857110	0.857483716	0.882653443	0.900685782	0.910796393	0.921393645	0.925960595	0.020	0.478469785	0.809857110
am_0582_obj_038_食用油	obj_038_食用油	食用油	bottle	bottle	open	425	0.797665995	0.853265360	0.874255223	0.881877976	0.886162378	0.888097170	0.888927248	0.020	0.478469785	0.797665995
am_0582_obj_038_食用油	obj_038_食用油	食用油	bottle	bottle	pour	612	0.845362529	0.889641427	0.903801331	0.906601149	0.907746593	0.909736339	0.911616222	0.020	0.478469785	0.845362529
am_0583_obj_038_食用油	obj_038_食用油	食用油	bottle	bottle	grasp	1424	0.729630411	0.776672272	0.815722909	0.839890306	0.855946764	0.879664448	0.895263359	0.020	0.478469785	0.729630411
am_0583_obj_038_食用油	obj_038_食用油	食用油	bottle	bottle	open	401	0.596090744	0.627639189	0.647930389	0.656631628	0.659032610	0.660911022	0.661984769	0.020	0.478469785	0.596090744
am_0583_obj_038_食用油	obj_038_食用油	食用油	bottle	bottle	pour	596	0.421741799	0.450772063	0.466658393	0.480277807	0.487662391	0.494339138	0.497413619	0.020	0.478469785	0.421741799
am_0584_obj_038_食用油	obj_038_食用油	食用油	bottle	bottle	grasp	1376	0.777291269	0.826489435	0.861082854	0.883599472	0.899183230	0.916303525	0.924662299	0.020	0.478469785	0.777291269
am_0584_obj_038_食用油	obj_038_食用油	食用油	bottle	bottle	open	422	0.804536826	0.850917782	0.877005912	0.887605464	0.889643602	0.891531457	0.892655556	0.020	0.478469785	0.804536826
am_0584_obj_038_食用油	obj_038_食用油	食用油	bottle	bottle	pour	573	0.822484546	0.878109274	0.898911814	0.904370807	0.908263556	0.910896828	0.912959816	0.020	0.478469785	0.822484546
am_0585_obj_038_食用油	obj_038_食用油	食用油	bottle	bottle	grasp	1400	0.792815296	0.839921449	0.874216499	0.895764254	0.908642632	0.920321782	0.925701638	0.020	0.478469785	0.792815296
am_0585_obj_038_食用油	obj_038_食用油	食用油	bottle	bottle	open	413	0.695884408	0.728425593	0.742578004	0.744689144	0.745470373	0.746857372	0.749938598	0.020	0.478469785	0.695884408
am_0585_obj_038_食用油	obj_038_食用油	食用油	bottle	bottle	pour	582	0.844340757	0.885550466	0.898965720	0.902529658	0.904567833	0.906936309	0.908730743	0.020	0.478469785	0.844340757
am_0586_obj_038_食用油	obj_038_食用油	食用油	bottle	bottle	grasp	1395	0.636720916	0.685713414	0.732490440	0.765069092	0.799045869	0.850537748	0.889525973	0.020	0.478469785	0.636720916
am_0586_obj_038_食用油	obj_038_食用油	食用油	bottle	bottle	open	394	0.803377127	0.860899835	0.888912707	0.902510562	0.904253211	0.904997840	0.906035437	0.020	0.478469785	0.803377127
am_0586_obj_038_食用油	obj_038_食用油	食用油	bottle	bottle	pour	586	0.751512393	0.842511645	0.888788513	0.907362627	0.912349268	0.914978027	0.916857910	0.020	0.478469785	0.751512393
am_0587_obj_038_食用油	obj_038_食用油	食用油	bottle	bottle	grasp	1388	0.801843152	0.848647067	0.879045918	0.896382557	0.906130708	0.920311925	0.925633812	0.020	0.478469785	0.801843152
am_0587_obj_038_食用油	obj_038_食用油	食用油	bottle	bottle	open	409	0.382165310	0.398516356	0.412290052	0.414095376	0.415226931	0.416476856	0.417589243	0.020	0.478469785	0.382165310
am_0587_obj_038_食用油	obj_038_食用油	食用油	bottle	bottle	pour	585	0.271430210	0.295417488	0.316313051	0.331735138	0.342484905	0.355611163	0.360717443	0.020	0.478469785	0.271430210
am_0588_obj_038_食用油	obj_038_食用油	食用油	bottle	bottle	grasp	1396	0.797857709	0.846566221	0.879183593	0.898130135	0.908567443	0.919164243	0.925508395	0.020	0.478469785	0.797857709
am_0588_obj_038_食用油	obj_038_食用油	食用油	bottle	bottle	open	409	0.533904034	0.562311076	0.566382388	0.567593256	0.568242716	0.569115313	0.570311603	0.020	0.478469785	0.533904034
am_0588_obj_038_食用油	obj_038_食用油	食用油	bottle	bottle	pour	601	0.352788171	0.379312358	0.394749761	0.404758147	0.411505442	0.419027536	0.422024771	0.020	0.478469785	0.352788171
am_0589_obj_038_食用油	obj_038_食用油	食用油	bottle	bottle	grasp	1393	0.794981260	0.837170224	0.867161016	0.886256980	0.899716754	0.918487960	0.925210795	0.020	0.478469785	0.794981260
am_0589_obj_038_食用油	obj_038_食用油	食用油	bottle	bottle	open	427	0.595003573	0.614296513	0.619655196	0.621826715	0.622397008	0.623239293	0.624142614	0.020	0.478469785	0.595003573
am_0589_obj_038_食用油	obj_038_食用油	食用油	bottle	bottle	pour	587	0.723100416	0.785347695	0.821865676	0.838978276	0.844079060	0.846659043	0.848978379	0.020	0.478469785	0.723100416
am_0590_obj_038_食用油	obj_038_食用油	食用油	bottle	bottle	grasp	1424	0.708013472	0.752811914	0.791227825	0.826756149	0.852697163	0.884745697	0.901477848	0.020	0.478469785	0.708013472
am_0590_obj_038_食用油	obj_038_食用油	食用油	bottle	bottle	open	415	0.452279269	0.481154194	0.491363471	0.496127298	0.498659800	0.500021290	0.501314541	0.020	0.478469785	0.452279269
am_0590_obj_038_食用油	obj_038_食用油	食用油	bottle	bottle	pour	559	0.403122134	0.451066938	0.497603822	0.541655923	0.580990554	0.639787552	0.666273070	0.020	0.478469785	0.403122134
am_0591_obj_038_食用油	obj_038_食用油	食用油	bottle	bottle	grasp	1403	0.550541101	0.604416137	0.651472461	0.690146979	0.732232571	0.794114580	0.830520290	0.020	0.478469785	0.550541101
am_0591_obj_038_食用油	obj_038_食用油	食用油	bottle	bottle	open	429	0.392425571	0.441246461	0.496276904	0.560879495	0.622232236	0.719971524	0.754971545	0.020	0.478469785	0.392425571
am_0591_obj_038_食用油	obj_038_食用油	食用油	bottle	bottle	pour	582	0.588914222	0.658296380	0.721611016	0.776393341	0.814610591	0.866258532	0.896539137	0.020	0.478469785	0.588914222
am_0592_obj_038_食用油	obj_038_食用油	食用油	bottle	bottle	grasp	1355	0.771180787	0.821967203	0.864378954	0.888580117	0.904152829	0.921104702	0.926480110	0.020	0.478469785	0.771180787
am_0592_obj_038_食用油	obj_038_食用油	食用油	bottle	bottle	open	394	0.684920096	0.741360155	0.778502251	0.795288099	0.803514676	0.811559943	0.813236456	0.020	0.478469785	0.684920096
am_0592_obj_038_食用油	obj_038_食用油	食用油	bottle	bottle	pour	590	0.816285963	0.861878628	0.875683750	0.878536855	0.879773665	0.881852760	0.883915749	0.020	0.478469785	0.816285963
am_0593_obj_038_食用油	obj_038_食用油	食用油	bottle	bottle	grasp	1378	0.763238958	0.814034474	0.854310590	0.881063431	0.899306326	0.918012661	0.923693100	0.020	0.478469785	0.763238958
am_0593_obj_038_食用油	obj_038_食用油	食用油	bottle	bottle	open	423	0.507849018	0.550594469	0.567291003	0.570657999	0.572590780	0.573700683	0.574640624	0.020	0.478469785	0.507849018
am_0593_obj_038_食用油	obj_038_食用油	食用油	bottle	bottle	pour	581	0.332939032	0.353438203	0.367766373	0.378385951	0.384529552	0.391055234	0.393462012	0.020	0.478469785	0.332939032
am_0594_obj_038_食用油	obj_038_食用油	食用油	bottle	bottle	grasp	1454	0.807234478	0.850079489	0.879752472	0.893451603	0.905069495	0.918349082	0.925493846	0.020	0.478469785	0.807234478
am_0594_obj_038_食用油	obj_038_食用油	食用油	bottle	bottle	open	406	0.387726941	0.415077857	0.430950383	0.436446621	0.439251952	0.441328464	0.442629547	0.020	0.478469785	0.387726941
am_0594_obj_038_食用油	obj_038_食用油	食用油	bottle	bottle	pour	548	0.277059144	0.308654237	0.335132909	0.358975237	0.378989467	0.406273567	0.417568221	0.020	0.478469785	0.277059144
am_0595_obj_039_冰箱	obj_039_冰箱	冰箱	refrigerator	refrigerator	open	1015	0.737454740	0.810267439	0.848375153	0.869791593	0.887720788	0.904520034	0.912167809	0.020	0.478469785	0.737454740
am_0596_obj_039_冰箱	obj_039_冰箱	冰箱	refrigerator	refrigerator	open	990	0.569573159	0.650536078	0.693279431	0.719016122	0.734479307	0.759808697	0.780684214	0.020	0.478469785	0.569573159
am_0597_obj_039_冰箱	obj_039_冰箱	冰箱	refrigerator	refrigerator	open	961	0.666076983	0.750532275	0.793017544	0.815939562	0.830060737	0.858533865	0.878491372	0.020	0.478469785	0.666076983
am_0598_obj_039_冰箱	obj_039_冰箱	冰箱	refrigerator	refrigerator	open	1005	0.581956652	0.668154122	0.726563912	0.771472264	0.803754117	0.854498899	0.879228096	0.020	0.478469785	0.581956652
am_0599_obj_039_冰箱	obj_039_冰箱	冰箱	refrigerator	refrigerator	open	996	0.608225872	0.687895327	0.741946767	0.774177903	0.802271311	0.836674652	0.862707511	0.020	0.478469785	0.608225872
am_0600_obj_039_冰箱	obj_039_冰箱	冰箱	refrigerator	refrigerator	open	1022	0.602037572	0.688697015	0.726920342	0.756925806	0.772771542	0.797992495	0.821893656	0.020	0.478469785	0.602037572
am_0601_obj_039_冰箱	obj_039_冰箱	冰箱	refrigerator	refrigerator	open	987	0.642261328	0.711219949	0.752819093	0.772626020	0.789657709	0.818500542	0.844471235	0.020	0.478469785	0.642261328
am_0602_obj_039_冰箱	obj_039_冰箱	冰箱	refrigerator	refrigerator	open	966	0.585173225	0.659284651	0.707009163	0.734208213	0.756384454	0.789377947	0.814229241	0.020	0.478469785	0.585173225
am_0603_obj_039_冰箱	obj_039_冰箱	冰箱	refrigerator	refrigerator	open	1011	0.575153153	0.648108203	0.701074054	0.736884833	0.763794847	0.800507198	0.827894870	0.020	0.478469785	0.575153153
am_0604_obj_039_冰箱	obj_039_冰箱	冰箱	refrigerator	refrigerator	open	978	0.479680826	0.539790756	0.572029755	0.595921260	0.613057068	0.646335029	0.670561728	0.020	0.478469785	0.479680826
am_0605_obj_039_冰箱	obj_039_冰箱	冰箱	refrigerator	refrigerator	open	1028	0.579158624	0.666852882	0.701008596	0.716126506	0.731455645	0.755342296	0.776774429	0.020	0.478469785	0.579158624
am_0606_obj_039_冰箱	obj_039_冰箱	冰箱	refrigerator	refrigerator	open	1015	0.477136169	0.547964017	0.589401371	0.620233850	0.651790817	0.697641383	0.736675976	0.020	0.478469785	0.477136169
am_0607_obj_039_冰箱	obj_039_冰箱	冰箱	refrigerator	refrigerator	open	975	0.497650380	0.555872340	0.583950060	0.609330766	0.630653378	0.662527265	0.690769752	0.020	0.478469785	0.497650380
am_0608_obj_039_冰箱	obj_039_冰箱	冰箱	refrigerator	refrigerator	open	1004	0.396517713	0.462276224	0.500250504	0.531468773	0.561559865	0.609211445	0.647843639	0.020	0.478469785	0.396517713
am_0609_obj_039_冰箱	obj_039_冰箱	冰箱	refrigerator	refrigerator	open	996	0.574719239	0.650898995	0.686344771	0.711614015	0.728543420	0.755687860	0.778425435	0.020	0.478469785	0.574719239
am_0610_obj_040_勺子4	obj_040_勺子4	勺子4	spoon	spoon	grasp	1444	0.897351609	0.906010608	0.912575529	0.916308176	0.918231815	0.919702148	0.920104980	0.020	0.478469785	0.897351609
am_0610_obj_040_勺子4	obj_040_勺子4	勺子4	spoon	spoon	shovel	2652	0.917737441	0.928500708	0.933095215	0.936863135	0.940974495	0.950182359	0.959385928	0.020	0.478469785	0.917737441
am_0611_obj_040_勺子4	obj_040_勺子4	勺子4	spoon	spoon	grasp	1506	0.894572073	0.906159028	0.913263437	0.917169995	0.919482601	0.920275879	0.920800781	0.020	0.478469785	0.894572073
am_0611_obj_040_勺子4	obj_040_勺子4	勺子4	spoon	spoon	shovel	2590	0.931657252	0.941384777	0.947741653	0.952527206	0.956765785	0.964224914	0.969377231	0.020	0.478469785	0.931657252
am_0612_obj_040_勺子4	obj_040_勺子4	勺子4	spoon	spoon	grasp	1416	0.878916261	0.895959855	0.908937899	0.915143098	0.917765126	0.919116211	0.919506836	0.020	0.478469785	0.878916261
am_0612_obj_040_勺子4	obj_040_勺子4	勺子4	spoon	spoon	shovel	2680	0.924498559	0.929721808	0.932570430	0.934766417	0.936143164	0.939165842	0.942625824	0.020	0.478469785	0.924498559
am_0613_obj_040_勺子4	obj_040_勺子4	勺子4	spoon	spoon	grasp	1484	0.914253811	0.917705925	0.919008297	0.919433594	0.919580078	0.919873047	0.920202637	0.020	0.478469785	0.914253811
am_0613_obj_040_勺子4	obj_040_勺子4	勺子4	spoon	spoon	shovel	2612	0.947930872	0.950229530	0.951730754	0.953401847	0.955234370	0.959625605	0.964517611	0.020	0.478469785	0.947930872
am_0614_obj_040_勺子4	obj_040_勺子4	勺子4	spoon	spoon	grasp	1422	0.884502075	0.904977888	0.912119541	0.914558882	0.916106491	0.918859863	0.919311523	0.020	0.478469785	0.884502075
am_0614_obj_040_勺子4	obj_040_勺子4	勺子4	spoon	spoon	shovel	2674	0.953772722	0.958015545	0.961329538	0.963569820	0.966102591	0.970860834	0.974790583	0.020	0.478469785	0.953772722
am_0615_obj_040_勺子4	obj_040_勺子4	勺子4	spoon	spoon	grasp	1411	0.900206553	0.910443630	0.915797358	0.918254130	0.918701172	0.919067383	0.919592285	0.020	0.478469785	0.900206553
am_0615_obj_040_勺子4	obj_040_勺子4	勺子4	spoon	spoon	shovel	2685	0.951900326	0.954381017	0.956315089	0.958308026	0.960812229	0.965933666	0.971461377	0.020	0.478469785	0.951900326
am_0616_obj_040_勺子4	obj_040_勺子4	勺子4	spoon	spoon	grasp	1461	0.869676943	0.886050297	0.903289688	0.912041911	0.916047383	0.919482422	0.919958496	0.020	0.478469785	0.869676943
am_0616_obj_040_勺子4	obj_040_勺子4	勺子4	spoon	spoon	shovel	2635	0.944266939	0.949852073	0.952826542	0.955345082	0.957639100	0.962649959	0.968262380	0.020	0.478469785	0.944266939
am_0617_obj_040_勺子4	obj_040_勺子4	勺子4	spoon	spoon	grasp	1437	0.891630467	0.905735367	0.914712649	0.917920702	0.918930877	0.919238281	0.919604492	0.020	0.478469785	0.891630467
am_0617_obj_040_勺子4	obj_040_勺子4	勺子4	spoon	spoon	shovel	2659	0.955273763	0.959645297	0.962356150	0.964737647	0.966919421	0.970872580	0.975161101	0.020	0.478469785	0.955273763
am_0618_obj_040_勺子4	obj_040_勺子4	勺子4	spoon	spoon	grasp	1439	0.890233859	0.903330957	0.911793954	0.916954896	0.918814679	0.919445801	0.920031738	0.020	0.478469785	0.890233859
am_0618_obj_040_勺子4	obj_040_勺子4	勺子4	spoon	spoon	shovel	2657	0.907786824	0.915341615	0.921661100	0.926374381	0.930234563	0.936168202	0.940583850	0.020	0.478469785	0.907786824
am_0619_obj_040_勺子4	obj_040_勺子4	勺子4	spoon	spoon	grasp	1426	0.912519764	0.916408315	0.918003826	0.918539735	0.918847656	0.919250488	0.919616699	0.020	0.478469785	0.912519764
am_0619_obj_040_勺子4	obj_040_勺子4	勺子4	spoon	spoon	shovel	2670	0.931603477	0.933179078	0.933757476	0.934118652	0.934472656	0.935314941	0.935937500	0.020	0.478469785	0.931603477
am_0620_obj_040_勺子4	obj_040_勺子4	勺子4	spoon	spoon	grasp	1496	0.441176192	0.450068182	0.457334810	0.463086567	0.467435344	0.475040037	0.486385845	0.020	0.478469785	0.441176192
am_0620_obj_040_勺子4	obj_040_勺子4	勺子4	spoon	spoon	shovel	2600	0.837172179	0.849133450	0.859157804	0.866596919	0.873602787	0.886242853	0.899083334	0.020	0.478469785	0.837172179
am_0621_obj_040_勺子4	obj_040_勺子4	勺子4	spoon	spoon	grasp	1457	0.871177789	0.884717933	0.894230855	0.902278129	0.908682638	0.917419428	0.919643370	0.020	0.478469785	0.871177789
am_0621_obj_040_勺子4	obj_040_勺子4	勺子4	spoon	spoon	shovel	2639	0.923864087	0.927938260	0.930103523	0.931404647	0.932470341	0.934104176	0.935241699	0.020	0.478469785	0.923864087
am_0622_obj_040_勺子4	obj_040_勺子4	勺子4	spoon	spoon	grasp	1446	0.879826721	0.894325588	0.906602558	0.915641154	0.918565285	0.919470215	0.919873047	0.020	0.478469785	0.879826721
am_0622_obj_040_勺子4	obj_040_勺子4	勺子4	spoon	spoon	shovel	2650	0.949123540	0.953421693	0.956727572	0.959358240	0.961899593	0.966495473	0.971693537	0.020	0.478469785	0.949123540
am_0623_obj_040_勺子4	obj_040_勺子4	勺子4	spoon	spoon	grasp	1495	0.909075523	0.915692738	0.918717310	0.919531250	0.919763184	0.920178223	0.920483398	0.020	0.478469785	0.909075523
am_0623_obj_040_勺子4	obj_040_勺子4	勺子4	spoon	spoon	shovel	2601	0.962808097	0.966928756	0.969455910	0.971997320	0.973818720	0.977139988	0.979370620	0.020	0.478469785	0.962808097
am_0624_obj_040_勺子4	obj_040_勺子4	勺子4	spoon	spoon	grasp	1428	0.910595701	0.915279235	0.917478002	0.918612395	0.918945312	0.919494629	0.919775391	0.020	0.478469785	0.910595701
am_0624_obj_040_勺子4	obj_040_勺子4	勺子4	spoon	spoon	shovel	2668	0.956024301	0.962442825	0.966321968	0.968854082	0.970941829	0.975303187	0.977947285	0.020	0.478469785	0.956024301
am_0625_obj_041_微波炉	obj_041_微波炉	微波炉	microwave	microwave	open	749	0.597270760	0.642262415	0.704015360	0.743079958	0.768829488	0.800943298	0.830030367	0.020	0.478469785	0.597270760
am_0625_obj_041_微波炉	obj_041_微波炉	微波炉	microwave	microwave	support	233	0.108376770	0.122852602	0.138061905	0.148705019	0.160147657	0.176303776	0.190533778	0.020	0.478469785	0.108376770
am_0626_obj_041_微波炉	obj_041_微波炉	微波炉	microwave	microwave	open	723	0.477995605	0.516479598	0.546164499	0.580410165	0.608784361	0.668194789	0.722834831	0.020	0.478469785	0.477995605
am_0626_obj_041_微波炉	obj_041_微波炉	微波炉	microwave	microwave	support	249	0.151393473	0.168349940	0.180817807	0.201451163	0.220141962	0.242636110	0.270680170	0.020	0.478469785	0.151393473
am_0627_obj_041_微波炉	obj_041_微波炉	微波炉	microwave	microwave	open	768	0.548880080	0.591468829	0.625096967	0.653882031	0.675501263	0.716915410	0.748850795	0.020	0.478469785	0.548880080
am_0627_obj_041_微波炉	obj_041_微波炉	微波炉	microwave	microwave	support	254	0.153886945	0.171960775	0.190655947	0.207593449	0.224261540	0.241145909	0.257882811	0.020	0.478469785	0.153886945
am_0628_obj_041_微波炉	obj_041_微波炉	微波炉	microwave	microwave	open	758	0.696646686	0.740445228	0.780748834	0.799006127	0.815662962	0.841524454	0.867947617	0.020	0.478469785	0.696646686
am_0628_obj_041_微波炉	obj_041_微波炉	微波炉	microwave	microwave	support	247	0.131072407	0.141122771	0.161806880	0.175194207	0.189569478	0.205481863	0.221426247	0.020	0.478469785	0.131072407
am_0629_obj_041_微波炉	obj_041_微波炉	微波炉	microwave	microwave	open	725	0.522973338	0.556655542	0.595773990	0.628520084	0.651897620	0.692908503	0.739779435	0.020	0.478469785	0.522973338
am_0629_obj_041_微波炉	obj_041_微波炉	微波炉	microwave	microwave	support	258	0.158391888	0.183976814	0.206991277	0.218538980	0.243238053	0.263168054	0.281506021	0.020	0.478469785	0.158391888
am_0630_obj_041_微波炉	obj_041_微波炉	微波炉	microwave	microwave	open	746	0.619038747	0.668564246	0.718564099	0.757787283	0.784148675	0.822529652	0.853970663	0.020	0.478469785	0.619038747
am_0630_obj_041_微波炉	obj_041_微波炉	微波炉	microwave	microwave	support	253	0.150668687	0.171691017	0.190839686	0.205758909	0.221802744	0.241734575	0.258506299	0.020	0.478469785	0.150668687
am_0631_obj_041_微波炉	obj_041_微波炉	微波炉	microwave	microwave	open	723	0.388101871	0.415878974	0.438573201	0.457714611	0.473377667	0.525867416	0.570984551	0.020	0.478469785	0.388101871
am_0631_obj_041_微波炉	obj_041_微波炉	微波炉	microwave	microwave	support	271	0.278296312	0.317061959	0.351795208	0.381338844	0.409918682	0.456248380	0.479335740	0.020	0.478469785	0.278296312
am_0632_obj_041_微波炉	obj_041_微波炉	微波炉	microwave	microwave	open	744	0.588577184	0.627364203	0.671089383	0.707344006	0.735220728	0.780838978	0.823122492	0.020	0.478469785	0.588577184
am_0632_obj_041_微波炉	obj_041_微波炉	微波炉	microwave	microwave	support	285	0.146838833	0.163934971	0.184857000	0.204760298	0.221858593	0.261649046	0.298534507	0.020	0.478469785	0.146838833
am_0633_obj_041_微波炉	obj_041_微波炉	微波炉	microwave	microwave	open	739	0.694186004	0.732850493	0.772707285	0.795524510	0.816522091	0.850877284	0.878709883	0.020	0.478469785	0.694186004
am_0633_obj_041_微波炉	obj_041_微波炉	微波炉	microwave	microwave	support	264	0.147522924	0.164651895	0.179125284	0.198923405	0.207656725	0.226658879	0.236768286	0.020	0.478469785	0.147522924
am_0634_obj_041_微波炉	obj_041_微波炉	微波炉	microwave	microwave	open	746	0.533153568	0.582858114	0.620069823	0.645433067	0.668166667	0.711907356	0.752299817	0.020	0.478469785	0.533153568
am_0634_obj_041_微波炉	obj_041_微波炉	微波炉	microwave	microwave	support	270	0.197924700	0.223056268	0.245803230	0.264801468	0.278580488	0.304481353	0.323464533	0.020	0.478469785	0.197924700
am_0635_obj_041_微波炉	obj_041_微波炉	微波炉	microwave	microwave	open	742	0.669888648	0.711910481	0.747327642	0.777553116	0.794885882	0.821031212	0.849779982	0.020	0.478469785	0.669888648
am_0635_obj_041_微波炉	obj_041_微波炉	微波炉	microwave	microwave	support	256	0.173438043	0.193931574	0.211341007	0.223192494	0.234930847	0.247716214	0.258147941	0.020	0.478469785	0.173438043
am_0636_obj_041_微波炉	obj_041_微波炉	微波炉	microwave	microwave	open	745	0.132723612	0.142750482	0.160239325	0.174237295	0.187272904	0.227631968	0.280640599	0.020	0.478469785	0.132723612
am_0636_obj_041_微波炉	obj_041_微波炉	微波炉	microwave	microwave	support	252	0.050189198	0.059605776	0.070534010	0.076376826	0.082417660	0.096267837	0.111817000	0.020	0.478469785	0.050189198
am_0637_obj_041_微波炉	obj_041_微波炉	微波炉	microwave	microwave	open	740	0.332208159	0.363104926	0.397849656	0.436915643	0.471267208	0.540123910	0.594403814	0.020	0.478469785	0.332208159
am_0637_obj_041_微波炉	obj_041_微波炉	微波炉	microwave	microwave	support	250	0.054821125	0.066251282	0.076546166	0.087041059	0.092311376	0.103680693	0.114436500	0.020	0.478469785	0.054821125
am_0638_obj_041_微波炉	obj_041_微波炉	微波炉	microwave	microwave	open	757	0.256502550	0.285065745	0.313847773	0.344986320	0.375538713	0.445177285	0.505903329	0.020	0.478469785	0.256502550
am_0638_obj_041_微波炉	obj_041_微波炉	微波炉	microwave	microwave	support	268	0.185595212	0.208244702	0.224108734	0.237127931	0.251211052	0.268331141	0.280795785	0.020	0.478469785	0.185595212
am_0639_obj_041_微波炉	obj_041_微波炉	微波炉	microwave	microwave	open	746	0.275206618	0.290911271	0.311880552	0.338235771	0.359845381	0.401430023	0.438660023	0.020	0.478469785	0.275206618
am_0639_obj_041_微波炉	obj_041_微波炉	微波炉	microwave	microwave	support	254	0.071019056	0.084523061	0.094470523	0.105030077	0.113202771	0.137696991	0.164211925	0.020	0.478469785	0.071019056
am_0640_obj_042_托盘2	obj_042_托盘2	托盘2	plate	plate	grasp	1294	0.683008855	0.742219312	0.785463750	0.817611299	0.840435417	0.880521141	0.898917616	0.020	0.478469785	0.683008855
am_0640_obj_042_托盘2	obj_042_托盘2	托盘2	plate	plate	place	2711	0.748116845	0.803688785	0.838581986	0.863760837	0.883378150	0.909359565	0.925278250	0.020	0.478469785	0.748116845
am_0641_obj_042_托盘2	obj_042_托盘2	托盘2	plate	plate	grasp	1263	0.603032683	0.669151317	0.722694452	0.768502497	0.806810763	0.860971008	0.886839889	0.020	0.478469785	0.603032683
am_0641_obj_042_托盘2	obj_042_托盘2	托盘2	plate	plate	place	2715	0.684408284	0.730909862	0.761853005	0.789283725	0.812919588	0.856501185	0.891080127	0.020	0.478469785	0.684408284
am_0642_obj_042_托盘2	obj_042_托盘2	托盘2	plate	plate	grasp	1280	0.657467349	0.726607639	0.774711906	0.811679535	0.839459685	0.874658248	0.897914534	0.020	0.478469785	0.657467349
am_0642_obj_042_托盘2	obj_042_托盘2	托盘2	plate	plate	place	2724	0.748105286	0.806855196	0.843271321	0.869487180	0.890691207	0.917671739	0.933689120	0.020	0.478469785	0.748105286
am_0643_obj_042_托盘2	obj_042_托盘2	托盘2	plate	plate	grasp	1213	0.688672251	0.752856504	0.794099566	0.836388189	0.862422136	0.898295936	0.917118940	0.020	0.478469785	0.688672251
am_0643_obj_042_托盘2	obj_042_托盘2	托盘2	plate	plate	place	2753	0.740102197	0.806530405	0.848475428	0.874679477	0.893517297	0.921146877	0.936205724	0.020	0.478469785	0.740102197
am_0644_obj_042_托盘2	obj_042_托盘2	托盘2	plate	plate	grasp	1321	0.692539080	0.766688987	0.820405635	0.861653333	0.887219704	0.920007894	0.932598188	0.020	0.478469785	0.692539080
am_0644_obj_042_托盘2	obj_042_托盘2	托盘2	plate	plate	place	2701	0.724810556	0.782914394	0.815083402	0.838599214	0.858399094	0.892668070	0.918381119	0.020	0.478469785	0.724810556
am_0645_obj_042_托盘2	obj_042_托盘2	托盘2	plate	plate	grasp	1254	0.681993546	0.751150304	0.798600802	0.830972908	0.855421177	0.887633016	0.905387777	0.020	0.478469785	0.681993546
am_0645_obj_042_托盘2	obj_042_托盘2	托盘2	plate	plate	place	2725	0.709630928	0.776542535	0.814705861	0.842152074	0.864967208	0.899751645	0.922183331	0.020	0.478469785	0.709630928
am_0646_obj_042_托盘2	obj_042_托盘2	托盘2	plate	plate	grasp	1267	0.646335490	0.715943265	0.760679259	0.788989945	0.813567097	0.846105919	0.869810994	0.020	0.478469785	0.646335490
am_0646_obj_042_托盘2	obj_042_托盘2	托盘2	plate	plate	place	2750	0.670911699	0.729571960	0.765482299	0.796587762	0.820602394	0.861960232	0.889708406	0.020	0.478469785	0.670911699
am_0647_obj_042_托盘2	obj_042_托盘2	托盘2	plate	plate	grasp	1252	0.526887129	0.586438316	0.632129956	0.670261836	0.713488994	0.780152519	0.831672119	0.020	0.478469785	0.526887129
am_0647_obj_042_托盘2	obj_042_托盘2	托盘2	plate	plate	place	2745	0.604295489	0.652075790	0.688548042	0.718977613	0.746298204	0.793779477	0.830779005	0.020	0.478469785	0.604295489
am_0648_obj_042_托盘2	obj_042_托盘2	托盘2	plate	plate	grasp	1286	0.676024251	0.749539083	0.805044119	0.845562968	0.873765033	0.908112368	0.921901673	0.020	0.478469785	0.676024251
am_0648_obj_042_托盘2	obj_042_托盘2	托盘2	plate	plate	place	2656	0.747485363	0.812399496	0.853291483	0.878633598	0.898718940	0.925035191	0.940026118	0.020	0.478469785	0.747485363
am_0649_obj_042_托盘2	obj_042_托盘2	托盘2	plate	plate	grasp	1238	0.651967975	0.721425411	0.780361164	0.823528279	0.854416468	0.898361737	0.920404519	0.020	0.478469785	0.651967975
am_0649_obj_042_托盘2	obj_042_托盘2	托盘2	plate	plate	place	2698	0.732318975	0.783289075	0.817554679	0.842458380	0.863909684	0.898360710	0.922241862	0.020	0.478469785	0.732318975
am_0650_obj_042_托盘2	obj_042_托盘2	托盘2	plate	plate	grasp	1281	0.634336890	0.695905986	0.743480678	0.779729175	0.806941526	0.854785180	0.884119560	0.020	0.478469785	0.634336890
am_0650_obj_042_托盘2	obj_042_托盘2	托盘2	plate	plate	place	2722	0.740617240	0.804302071	0.838960016	0.863914072	0.884402589	0.913404829	0.931811720	0.020	0.478469785	0.740617240
am_0651_obj_042_托盘2	obj_042_托盘2	托盘2	plate	plate	grasp	1244	0.581282391	0.644053725	0.693742604	0.729003055	0.756277342	0.804525082	0.835357881	0.020	0.478469785	0.581282391
am_0651_obj_042_托盘2	obj_042_托盘2	托盘2	plate	plate	place	2744	0.663673006	0.731051302	0.770756578	0.802033691	0.828811828	0.869789625	0.899165270	0.020	0.478469785	0.663673006
am_0652_obj_042_托盘2	obj_042_托盘2	托盘2	plate	plate	grasp	1205	0.633846224	0.697345208	0.751384225	0.786379608	0.819338822	0.873463908	0.902505236	0.020	0.478469785	0.633846224
am_0652_obj_042_托盘2	obj_042_托盘2	托盘2	plate	plate	place	2771	0.712638699	0.780873938	0.823003436	0.850770727	0.875136202	0.910119542	0.930594926	0.020	0.478469785	0.712638699
am_0653_obj_042_托盘2	obj_042_托盘2	托盘2	plate	plate	grasp	1217	0.654769145	0.726534768	0.779495081	0.811961210	0.835825825	0.874801148	0.899259026	0.020	0.478469785	0.654769145
am_0653_obj_042_托盘2	obj_042_托盘2	托盘2	plate	plate	place	2739	0.735242192	0.801212197	0.839688838	0.870310924	0.889432588	0.914419821	0.929313156	0.020	0.478469785	0.735242192
am_0654_obj_042_托盘2	obj_042_托盘2	托盘2	plate	plate	grasp	1216	0.526907431	0.594275546	0.641015311	0.681326651	0.719467207	0.783792156	0.834660458	0.020	0.478469785	0.526907431
am_0654_obj_042_托盘2	obj_042_托盘2	托盘2	plate	plate	place	2766	0.614509661	0.662361736	0.697035437	0.726677764	0.754386780	0.803545152	0.845178295	0.020	0.478469785	0.614509661
am_0655_obj_043_桃	obj_043_桃	桃	fruit	peach	grasp	4096	0.923241466	0.927374043	0.931336592	0.934394375	0.937179597	0.941554249	0.944605332	0.020	0.478469785	0.923241466
am_0656_obj_043_桃	obj_043_桃	桃	fruit	peach	grasp	4096	0.927494860	0.930915003	0.934056260	0.936976346	0.939166971	0.942647418	0.945328683	0.020	0.478469785	0.927494860
am_0657_obj_043_桃	obj_043_桃	桃	fruit	peach	grasp	4096	0.931283826	0.934323383	0.937262734	0.939470289	0.941455685	0.944156102	0.946045984	0.020	0.478469785	0.931283826
am_0658_obj_043_桃	obj_043_桃	桃	fruit	peach	grasp	4096	0.937795404	0.939855664	0.941833965	0.943169689	0.944210403	0.945916485	0.947284126	0.020	0.478469785	0.937795404
am_0659_obj_043_桃	obj_043_桃	桃	fruit	peach	grasp	4096	0.915649818	0.920183664	0.924550882	0.928800734	0.932260740	0.937711821	0.941447799	0.020	0.478469785	0.915649818
am_0660_obj_043_桃	obj_043_桃	桃	fruit	peach	grasp	4096	0.901379853	0.906714635	0.912237366	0.916886224	0.921146504	0.927645094	0.933508641	0.020	0.478469785	0.901379853
am_0661_obj_043_桃	obj_043_桃	桃	fruit	peach	grasp	4096	0.902558834	0.907645202	0.912921831	0.917077519	0.920716451	0.927241249	0.932930990	0.020	0.478469785	0.902558834
am_0662_obj_043_桃	obj_043_桃	桃	fruit	peach	grasp	4096	0.915563915	0.920567177	0.925120143	0.928941874	0.931443144	0.935384104	0.938421016	0.020	0.478469785	0.915563915
am_0663_obj_043_桃	obj_043_桃	桃	fruit	peach	grasp	4096	0.908879231	0.913793345	0.918966879	0.922993794	0.926695963	0.932803292	0.937675271	0.020	0.478469785	0.908879231
am_0664_obj_043_桃	obj_043_桃	桃	fruit	peach	grasp	4096	0.913717965	0.917983727	0.922558263	0.926072114	0.929562865	0.934674251	0.939216234	0.020	0.478469785	0.913717965
am_0665_obj_043_桃	obj_043_桃	桃	fruit	peach	grasp	4096	0.887492331	0.894419517	0.900539747	0.906406438	0.910814661	0.919077704	0.925524939	0.020	0.478469785	0.887492331
am_0666_obj_043_桃	obj_043_桃	桃	fruit	peach	grasp	4096	0.923828635	0.927128156	0.930166673	0.932421867	0.934745178	0.938394780	0.941568865	0.020	0.478469785	0.923828635
am_0667_obj_043_桃	obj_043_桃	桃	fruit	peach	grasp	4096	0.945430005	0.946440283	0.947308696	0.947944744	0.948352519	0.949152670	0.949610693	0.020	0.478469785	0.945430005
am_0668_obj_043_桃	obj_043_桃	桃	fruit	peach	grasp	4096	0.925340783	0.929286655	0.933154128	0.936131266	0.938580393	0.942269769	0.944815313	0.020	0.478469785	0.925340783
am_0669_obj_043_桃	obj_043_桃	桃	fruit	peach	grasp	4096	0.877375068	0.885017524	0.893191080	0.900000796	0.905868210	0.915373382	0.923544625	0.020	0.478469785	0.877375068
am_0670_obj_044_梨	obj_044_梨	梨	fruit	pear	grasp	4096	0.442333012	0.470604013	0.497726835	0.524287679	0.551453653	0.606377058	0.658760108	0.020	0.478469785	0.442333012
am_0671_obj_044_梨	obj_044_梨	梨	fruit	pear	grasp	4096	0.867031896	0.881823310	0.893713398	0.904399488	0.914034039	0.928925319	0.938640316	0.020	0.478469785	0.867031896
am_0672_obj_044_梨	obj_044_梨	梨	fruit	pear	grasp	4096	0.742857322	0.772542370	0.796664489	0.816727661	0.834108067	0.859456767	0.875024264	0.020	0.478469785	0.742857322
am_0673_obj_044_梨	obj_044_梨	梨	fruit	pear	grasp	4096	0.679938088	0.705268054	0.727301349	0.748024115	0.766855891	0.798227124	0.821962563	0.020	0.478469785	0.679938088
am_0674_obj_044_梨	obj_044_梨	梨	fruit	pear	grasp	4096	0.771524724	0.799361679	0.823011942	0.843368488	0.859366709	0.886073851	0.904621109	0.020	0.478469785	0.771524724
am_0675_obj_044_梨	obj_044_梨	梨	fruit	pear	grasp	4096	0.815644880	0.828956104	0.840557257	0.851466501	0.860755507	0.876746230	0.888667992	0.020	0.478469785	0.815644880
am_0676_obj_044_梨	obj_044_梨	梨	fruit	pear	grasp	4096	0.805252472	0.827289324	0.845992443	0.861056035	0.875242567	0.900089781	0.918256504	0.020	0.478469785	0.805252472
am_0677_obj_044_梨	obj_044_梨	梨	fruit	pear	grasp	4096	0.838773142	0.854602526	0.869683216	0.882888176	0.894470591	0.915832534	0.931227474	0.020	0.478469785	0.838773142
am_0678_obj_044_梨	obj_044_梨	梨	fruit	pear	grasp	4096	0.853799070	0.869975881	0.883635033	0.896009663	0.905942360	0.921893994	0.932186106	0.020	0.478469785	0.853799070
am_0679_obj_044_梨	obj_044_梨	梨	fruit	pear	grasp	4096	0.747311345	0.774253674	0.798082533	0.820208872	0.839321518	0.873906466	0.899215028	0.020	0.478469785	0.747311345
am_0680_obj_044_梨	obj_044_梨	梨	fruit	pear	grasp	4096	0.529082215	0.555934350	0.579759315	0.601005990	0.623415651	0.665769944	0.706105361	0.020	0.478469785	0.529082215
am_0681_obj_044_梨	obj_044_梨	梨	fruit	pear	grasp	4096	0.835892661	0.854164698	0.869064505	0.883091445	0.896782806	0.918798272	0.935709615	0.020	0.478469785	0.835892661
am_0682_obj_044_梨	obj_044_梨	梨	fruit	pear	grasp	4096	0.790942105	0.805506345	0.818401515	0.829679551	0.840315211	0.859426456	0.873976334	0.020	0.478469785	0.790942105
am_0683_obj_044_梨	obj_044_梨	梨	fruit	pear	grasp	4096	0.704561739	0.733442132	0.760739664	0.785334382	0.809274964	0.853285425	0.885841248	0.020	0.478469785	0.704561739
am_0684_obj_044_梨	obj_044_梨	梨	fruit	pear	grasp	4096	0.780746834	0.797548587	0.812100403	0.824839933	0.836102320	0.855814615	0.869031355	0.020	0.478469785	0.780746834
am_0685_obj_045_椅子	obj_045_椅子	椅子	chair	chair	sit	1409	0.794482460	0.857661162	0.892554908	0.910947557	0.920375243	0.927684490	0.930090332	0.020	0.478469785	0.794482460
am_0685_obj_045_椅子	obj_045_椅子	椅子	chair	chair	lean	1177	0.864048333	0.891893232	0.905152672	0.911369652	0.914364105	0.919028973	0.921759095	0.020	0.478469785	0.864048333
am_0686_obj_045_椅子	obj_045_椅子	椅子	chair	chair	sit	1403	0.815118573	0.869022137	0.898443438	0.914156865	0.922835573	0.927282715	0.928869629	0.020	0.478469785	0.815118573
am_0686_obj_045_椅子	obj_045_椅子	椅子	chair	chair	lean	1255	0.873421841	0.892771606	0.901679239	0.907689391	0.912153095	0.918376000	0.922006771	0.020	0.478469785	0.873421841
am_0687_obj_045_椅子	obj_045_椅子	椅子	chair	chair	sit	1412	0.808632239	0.857070621	0.888375743	0.913197188	0.921677730	0.926134496	0.927611547	0.020	0.478469785	0.808632239
am_0687_obj_045_椅子	obj_045_椅子	椅子	chair	chair	lean	1200	0.880096439	0.898813399	0.909061320	0.914244162	0.916559687	0.919067383	0.921252441	0.020	0.478469785	0.880096439
am_0688_obj_045_椅子	obj_045_椅子	椅子	chair	chair	sit	1366	0.837478374	0.888838120	0.907717272	0.918630046	0.923796590	0.927258301	0.929309082	0.020	0.478469785	0.837478374
am_0688_obj_045_椅子	obj_045_椅子	椅子	chair	chair	lean	1211	0.908146696	0.913404647	0.915451962	0.916528320	0.917199707	0.919274902	0.921411133	0.020	0.478469785	0.908146696
am_0689_obj_045_椅子	obj_045_椅子	椅子	chair	chair	sit	1424	0.828816036	0.878661389	0.905322243	0.918295793	0.922730676	0.927947231	0.929785156	0.020	0.478469785	0.828816036
am_0689_obj_045_椅子	obj_045_椅子	椅子	chair	chair	lean	1150	0.901486866	0.912031073	0.915186259	0.916015625	0.916784668	0.918945312	0.921276855	0.020	0.478469785	0.901486866
am_0690_obj_045_椅子	obj_045_椅子	椅子	chair	chair	sit	1428	0.800361155	0.863400119	0.895403920	0.910887623	0.918003546	0.925239229	0.928350877	0.020	0.478469785	0.800361155
am_0690_obj_045_椅子	obj_045_椅子	椅子	chair	chair	lean	1213	0.860273995	0.883896941	0.900020657	0.906719797	0.913438908	0.919070548	0.921606445	0.020	0.478469785	0.860273995
am_0691_obj_045_椅子	obj_045_椅子	椅子	chair	chair	sit	1402	0.834747313	0.886139255	0.907167242	0.919998596	0.924395846	0.927722168	0.929333496	0.020	0.478469785	0.834747313
am_0691_obj_045_椅子	obj_045_椅子	椅子	chair	chair	lean	1220	0.892214366	0.903383261	0.911063455	0.914227411	0.916738684	0.919311523	0.921594238	0.020	0.478469785	0.892214366
am_0692_obj_045_椅子	obj_045_椅子	椅子	chair	chair	sit	1421	0.861870135	0.899730906	0.914444827	0.921681770	0.924515000	0.927941895	0.929907227	0.020	0.478469785	0.861870135
am_0692_obj_045_椅子	obj_045_椅子	椅子	chair	chair	lean	1171	0.863215995	0.891340630	0.907178466	0.913976618	0.916467160	0.918920898	0.921435547	0.020	0.478469785	0.863215995
am_0693_obj_045_椅子	obj_045_椅子	椅子	chair	chair	sit	1452	0.847429285	0.893104008	0.915164191	0.923003959	0.925769043	0.928295898	0.929821777	0.020	0.478469785	0.847429285
am_0693_obj_045_椅子	obj_045_椅子	椅子	chair	chair	lean	1172	0.893010277	0.906304375	0.912147122	0.915455214	0.916102186	0.918201796	0.920368423	0.020	0.478469785	0.893010277
am_0694_obj_045_椅子	obj_045_椅子	椅子	chair	chair	sit	1349	0.804840687	0.856546340	0.889660013	0.908524781	0.919173975	0.926183887	0.928054267	0.020	0.478469785	0.804840687
am_0694_obj_045_椅子	obj_045_椅子	椅子	chair	chair	lean	1180	0.699542072	0.720191011	0.741812548	0.753796811	0.763639290	0.801325942	0.855958287	0.020	0.478469785	0.699542072
am_0695_obj_045_椅子	obj_045_椅子	椅子	chair	chair	sit	1408	0.865213290	0.904024206	0.916890376	0.922198516	0.924525450	0.927075195	0.928503418	0.020	0.478469785	0.865213290
am_0695_obj_045_椅子	obj_045_椅子	椅子	chair	chair	lean	1212	0.654655187	0.682313158	0.703727149	0.724519329	0.743302035	0.789041114	0.838956771	0.020	0.478469785	0.654655187
am_0696_obj_045_椅子	obj_045_椅子	椅子	chair	chair	sit	1381	0.777624338	0.831521847	0.872416787	0.894758633	0.913193394	0.927477144	0.929260254	0.020	0.478469785	0.777624338
am_0696_obj_045_椅子	obj_045_椅子	椅子	chair	chair	lean	1208	0.844283539	0.868324696	0.886512596	0.898257938	0.907151646	0.916237193	0.921176830	0.020	0.478469785	0.844283539
am_0697_obj_045_椅子	obj_045_椅子	椅子	chair	chair	sit	1420	0.842614479	0.883955548	0.909533975	0.920096070	0.924126757	0.927148437	0.928833008	0.020	0.478469785	0.842614479
am_0697_obj_045_椅子	obj_045_椅子	椅子	chair	chair	lean	1211	0.859234502	0.882174172	0.897491883	0.905693211	0.910199479	0.917721019	0.921360329	0.020	0.478469785	0.859234502
am_0698_obj_045_椅子	obj_045_椅子	椅子	chair	chair	sit	1408	0.768382797	0.833862868	0.872483092	0.893745142	0.906650662	0.921084625	0.927822896	0.020	0.478469785	0.768382797
am_0698_obj_045_椅子	obj_045_椅子	椅子	chair	chair	lean	1197	0.836563164	0.866182648	0.885562872	0.897354616	0.905489238	0.916808800	0.921072611	0.020	0.478469785	0.836563164
am_0699_obj_045_椅子	obj_045_椅子	椅子	chair	chair	sit	1401	0.767325873	0.832236669	0.871518761	0.894547619	0.907233251	0.922467140	0.928236672	0.020	0.478469785	0.767325873
am_0699_obj_045_椅子	obj_045_椅子	椅子	chair	chair	lean	1201	0.886862021	0.900915800	0.908058178	0.911442734	0.912344867	0.915044168	0.919416261	0.020	0.478469785	0.886862021
am_0700_obj_046_椅子2	obj_046_椅子2	椅子2	chair	chair	sit	1453	0.801042133	0.840788051	0.861578227	0.874953069	0.885139876	0.899918129	0.909910969	0.020	0.478469785	0.801042133
am_0700_obj_046_椅子2	obj_046_椅子2	椅子2	chair	chair	lean	1061	0.900551355	0.906742433	0.911480311	0.913058211	0.913456725	0.913806152	0.914013672	0.020	0.478469785	0.900551355
am_0701_obj_046_椅子2	obj_046_椅子2	椅子2	chair	chair	sit	1516	0.797891451	0.836357768	0.864952407	0.880447121	0.892433208	0.909766169	0.920406335	0.020	0.478469785	0.797891451
am_0701_obj_046_椅子2	obj_046_椅子2	椅子2	chair	chair	lean	1106	0.751944094	0.798840020	0.834018644	0.856898279	0.872784811	0.890239439	0.899327942	0.020	0.478469785	0.751944094
am_0702_obj_046_椅子2	obj_046_椅子2	椅子2	chair	chair	sit	1482	0.831865290	0.867451763	0.887777942	0.904621992	0.913593716	0.921880575	0.923454740	0.020	0.478469785	0.831865290
am_0702_obj_046_椅子2	obj_046_椅子2	椅子2	chair	chair	lean	1128	0.893540427	0.906188088	0.911393823	0.913983303	0.914295492	0.914782715	0.914978027	0.020	0.478469785	0.893540427
am_0703_obj_046_椅子2	obj_046_椅子2	椅子2	chair	chair	sit	1486	0.832046227	0.868029805	0.887049781	0.899662448	0.908260192	0.917730319	0.924800022	0.020	0.478469785	0.832046227
am_0703_obj_046_椅子2	obj_046_椅子2	椅子2	chair	chair	lean	1101	0.886810525	0.898591520	0.905237501	0.907625998	0.911368352	0.913975280	0.914599609	0.020	0.478469785	0.886810525
am_0704_obj_046_椅子2	obj_046_椅子2	椅子2	chair	chair	sit	1468	0.841170459	0.875813657	0.898968934	0.914121521	0.921844884	0.927063682	0.928527832	0.020	0.478469785	0.841170459
am_0704_obj_046_椅子2	obj_046_椅子2	椅子2	chair	chair	lean	1096	0.883079354	0.897175220	0.904986294	0.909271698	0.911917035	0.914030720	0.914270020	0.020	0.478469785	0.883079354
am_0705_obj_046_椅子2	obj_046_椅子2	椅子2	chair	chair	sit	1496	0.803751979	0.845998552	0.871219178	0.886625270	0.898275591	0.911920002	0.923627230	0.020	0.478469785	0.803751979
am_0705_obj_046_椅子2	obj_046_椅子2	椅子2	chair	chair	lean	1066	0.893510254	0.906591118	0.911273223	0.912438176	0.913486187	0.914025879	0.914160156	0.020	0.478469785	0.893510254
am_0706_obj_046_椅子2	obj_046_椅子2	椅子2	chair	chair	sit	1501	0.806750698	0.846731799	0.874743818	0.890329716	0.901091879	0.913998598	0.921067528	0.020	0.478469785	0.806750698
am_0706_obj_046_椅子2	obj_046_椅子2	椅子2	chair	chair	lean	1073	0.878011195	0.898709810	0.908131362	0.910572255	0.912192491	0.912871925	0.913661465	0.020	0.478469785	0.878011195
am_0707_obj_046_椅子2	obj_046_椅子2	椅子2	chair	chair	sit	1425	0.831386992	0.869027725	0.892743863	0.907677946	0.915641459	0.924719199	0.926984731	0.020	0.478469785	0.831386992
am_0707_obj_046_椅子2	obj_046_椅子2	椅子2	chair	chair	lean	1153	0.866946811	0.881282655	0.884754546	0.889734526	0.893854094	0.906945296	0.910844424	0.020	0.478469785	0.866946811
am_0708_obj_046_椅子2	obj_046_椅子2	椅子2	chair	chair	sit	1452	0.803961156	0.843822684	0.870904455	0.886760086	0.899484898	0.916156802	0.924212368	0.020	0.478469785	0.803961156
am_0708_obj_046_椅子2	obj_046_椅子2	椅子2	chair	chair	lean	1087	0.897062847	0.906279031	0.911411690	0.913073816	0.914043017	0.914416504	0.914562988	0.020	0.478469785	0.897062847
am_0709_obj_046_椅子2	obj_046_椅子2	椅子2	chair	chair	sit	1438	0.821323924	0.865492187	0.885684666	0.904147096	0.917217619	0.926211830	0.927327927	0.020	0.478469785	0.821323924
am_0709_obj_046_椅子2	obj_046_椅子2	椅子2	chair	chair	lean	1181	0.894686454	0.902938667	0.909177851	0.912881956	0.913560204	0.915373874	0.915588379	0.020	0.478469785	0.894686454
am_0710_obj_046_椅子2	obj_046_椅子2	椅子2	chair	chair	sit	1449	0.829886103	0.874504756	0.895901454	0.909558684	0.916835902	0.924425253	0.927010541	0.020	0.478469785	0.829886103
am_0710_obj_046_椅子2	obj_046_椅子2	椅子2	chair	chair	lean	1107	0.855715821	0.879450792	0.893177896	0.900367010	0.903691761	0.907933732	0.912228038	0.020	0.478469785	0.855715821
am_0711_obj_046_椅子2	obj_046_椅子2	椅子2	chair	chair	sit	1460	0.802672431	0.853472753	0.879131638	0.897403339	0.909366906	0.923592168	0.928466797	0.020	0.478469785	0.802672431
am_0711_obj_046_椅子2	obj_046_椅子2	椅子2	chair	chair	lean	1071	0.741366520	0.780701444	0.813342547	0.837883565	0.856756232	0.888019425	0.901945004	0.020	0.478469785	0.741366520
am_0712_obj_046_椅子2	obj_046_椅子2	椅子2	chair	chair	sit	1461	0.792555173	0.830104945	0.852504074	0.869998008	0.883657747	0.902210540	0.912588557	0.020	0.478469785	0.792555173
am_0712_obj_046_椅子2	obj_046_椅子2	椅子2	chair	chair	lean	1139	0.766135718	0.809660033	0.842839807	0.866690818	0.881400826	0.898597194	0.908734702	0.020	0.478469785	0.766135718
am_0713_obj_046_椅子2	obj_046_椅子2	椅子2	chair	chair	sit	1451	0.818736417	0.861624600	0.884152175	0.899403808	0.908719191	0.919789721	0.926147887	0.020	0.478469785	0.818736417
am_0713_obj_046_椅子2	obj_046_椅子2	椅子2	chair	chair	lean	1106	0.906892409	0.911283731	0.913057373	0.914116791	0.914202240	0.914336518	0.914434174	0.020	0.478469785	0.906892409
am_0714_obj_046_椅子2	obj_046_椅子2	椅子2	chair	chair	sit	1419	0.787174168	0.836040783	0.867064517	0.884576916	0.895166310	0.910370561	0.919099436	0.020	0.478469785	0.787174168
am_0714_obj_046_椅子2	obj_046_椅子2	椅子2	chair	chair	lean	1135	0.881717176	0.898293775	0.908021653	0.912754296	0.913959544	0.914648438	0.914807129	0.020	0.478469785	0.881717176
am_0715_obj_047_水壶	obj_047_水壶	水壶	kettle	kettle	grasp	502	0.741162336	0.805665547	0.843947405	0.878678687	0.894040009	0.906247075	0.910363770	0.020	0.478469785	0.741162336
am_0715_obj_047_水壶	obj_047_水壶	水壶	kettle	kettle	pour	250	0.603000803	0.689051816	0.768035962	0.828167971	0.874952451	0.899571581	0.906772190	0.020	0.478469785	0.603000803
am_0715_obj_047_水壶	obj_047_水壶	水壶	kettle	kettle	contain	2137	0.754735626	0.796892258	0.827201347	0.857182822	0.879584707	0.906668237	0.922456477	0.020	0.478469785	0.754735626
am_0716_obj_047_水壶	obj_047_水壶	水壶	kettle	kettle	grasp	506	0.759532904	0.801918790	0.838468849	0.878101845	0.891379617	0.908282227	0.910205078	0.020	0.478469785	0.759532904
am_0716_obj_047_水壶	obj_047_水壶	水壶	kettle	kettle	pour	258	0.535712035	0.640544916	0.693235563	0.749146158	0.793273785	0.842816567	0.871554667	0.020	0.478469785	0.535712035
am_0716_obj_047_水壶	obj_047_水壶	水壶	kettle	kettle	contain	2125	0.778261435	0.810459569	0.837954068	0.852333888	0.866813236	0.888891459	0.905570596	0.020	0.478469785	0.778261435
am_0717_obj_047_水壶	obj_047_水壶	水壶	kettle	kettle	grasp	533	0.798035749	0.848677821	0.886397737	0.903252806	0.907577430	0.910112356	0.911071777	0.020	0.478469785	0.798035749
am_0717_obj_047_水壶	obj_047_水壶	水壶	kettle	kettle	pour	255	0.514151321	0.597527990	0.664132151	0.740534751	0.809408393	0.888156297	0.906311631	0.020	0.478469785	0.514151321
am_0717_obj_047_水壶	obj_047_水壶	水壶	kettle	kettle	contain	2069	0.731955802	0.768291293	0.797468472	0.821613472	0.843230475	0.877015564	0.904126792	0.020	0.478469785	0.731955802
am_0718_obj_047_水壶	obj_047_水壶	水壶	kettle	kettle	grasp	553	0.729739545	0.784230971	0.834302646	0.871504643	0.891557516	0.908845822	0.911404292	0.020	0.478469785	0.729739545
am_0718_obj_047_水壶	obj_047_水壶	水壶	kettle	kettle	pour	269	0.250063584	0.292470380	0.337797485	0.389171593	0.431420365	0.540040795	0.642549573	0.020	0.478469785	0.250063584
am_0718_obj_047_水壶	obj_047_水壶	水壶	kettle	kettle	contain	2055	0.783933134	0.817280442	0.845953838	0.867733951	0.886843146	0.907609252	0.922249787	0.020	0.478469785	0.783933134
am_0719_obj_047_水壶	obj_047_水壶	水壶	kettle	kettle	grasp	517	0.729575009	0.782749307	0.831254304	0.869001115	0.889103888	0.903791988	0.906468017	0.020	0.478469785	0.729575009
am_0719_obj_047_水壶	obj_047_水壶	水壶	kettle	kettle	pour	276	0.309928141	0.369442212	0.427504722	0.493046204	0.567369281	0.714450086	0.811002800	0.020	0.478469785	0.309928141
am_0719_obj_047_水壶	obj_047_水壶	水壶	kettle	kettle	contain	2101	0.810244185	0.842637663	0.864240975	0.882714304	0.899317931	0.919769307	0.927922429	0.020	0.478469785	0.810244185
am_0720_obj_047_水壶	obj_047_水壶	水壶	kettle	kettle	grasp	558	0.775956954	0.820782734	0.851623602	0.869141780	0.882742032	0.901677468	0.910925293	0.020	0.478469785	0.775956954
am_0720_obj_047_水壶	obj_047_水壶	水壶	kettle	kettle	pour	285	0.469279199	0.535163593	0.587059830	0.615406769	0.641191019	0.683729209	0.733337508	0.020	0.478469785	0.469279199
am_0720_obj_047_水壶	obj_047_水壶	水壶	kettle	kettle	contain	2064	0.784246026	0.814343382	0.837864269	0.857461796	0.873371334	0.895635033	0.912849546	0.020	0.478469785	0.784246026
am_0721_obj_047_水壶	obj_047_水壶	水壶	kettle	kettle	grasp	517	0.721501953	0.772650923	0.813879253	0.839283428	0.858807846	0.886815887	0.902968967	0.020	0.478469785	0.721501953
am_0721_obj_047_水壶	obj_047_水壶	水壶	kettle	kettle	pour	266	0.751967881	0.830916744	0.876853911	0.885280901	0.892912004	0.904714732	0.906653296	0.020	0.478469785	0.751967881
am_0721_obj_047_水壶	obj_047_水壶	水壶	kettle	kettle	contain	2134	0.810683630	0.838770750	0.867048446	0.889151936	0.903411355	0.921488946	0.929660892	0.020	0.478469785	0.810683630
am_0722_obj_047_水壶	obj_047_水壶	水壶	kettle	kettle	grasp	508	0.706972318	0.754407186	0.793893159	0.847538338	0.870689065	0.901737577	0.909840355	0.020	0.478469785	0.706972318
am_0722_obj_047_水壶	obj_047_水壶	水壶	kettle	kettle	pour	264	0.581371491	0.638808049	0.691396114	0.738081307	0.784378690	0.856385950	0.900710574	0.020	0.478469785	0.581371491
am_0722_obj_047_水壶	obj_047_水壶	水壶	kettle	kettle	contain	2112	0.820919004	0.851458679	0.872153557	0.886734626	0.898795298	0.913982050	0.925052977	0.020	0.478469785	0.820919004
am_0723_obj_047_水壶	obj_047_水壶	水壶	kettle	kettle	grasp	497	0.727630709	0.792465132	0.839542570	0.876335894	0.893123327	0.906770428	0.910054317	0.020	0.478469785	0.727630709
am_0723_obj_047_水壶	obj_047_水壶	水壶	kettle	kettle	pour	288	0.492296561	0.562015588	0.639708668	0.707753877	0.756756342	0.839092411	0.883837235	0.020	0.478469785	0.492296561
am_0723_obj_047_水壶	obj_047_水壶	水壶	kettle	kettle	contain	2094	0.780726315	0.809276570	0.836841815	0.859709709	0.878945792	0.906879486	0.919407473	0.020	0.478469785	0.780726315
am_0724_obj_047_水壶	obj_047_水壶	水壶	kettle	kettle	grasp	533	0.753615409	0.803843702	0.840930347	0.870303395	0.893479206	0.906305782	0.911022949	0.020	0.478469785	0.753615409
am_0724_obj_047_水壶	obj_047_水壶	水壶	kettle	kettle	pour	270	0.601607784	0.694646230	0.785336105	0.838839360	0.870302075	0.898361923	0.907039298	0.020	0.478469785	0.601607784
am_0724_obj_047_水壶	obj_047_水壶	水壶	kettle	kettle	contain	2057	0.766648152	0.802958490	0.833502764	0.857067379	0.875400954	0.900114685	0.914458098	0.020	0.478469785	0.766648152
am_0725_obj_047_水壶	obj_047_水壶	水壶	kettle	kettle	grasp	527	0.683498806	0.737446944	0.791744980	0.831117052	0.850764569	0.881884573	0.898186530	0.020	0.478469785	0.683498806
am_0725_obj_047_水壶	obj_047_水壶	水壶	kettle	kettle	pour	275	0.480366584	0.541182093	0.588992663	0.624145466	0.661835576	0.754378138	0.825767010	0.020	0.478469785	0.480366584
am_0725_obj_047_水壶	obj_047_水壶	水壶	kettle	kettle	contain	2074	0.807230050	0.840779094	0.862871117	0.882818585	0.897722007	0.912216558	0.923959053	0.020	0.478469785	0.807230050
am_0726_obj_047_水壶	obj_047_水壶	水壶	kettle	kettle	grasp	533	0.761135214	0.800628996	0.838678179	0.864703698	0.884186050	0.909406402	0.910986328	0.020	0.478469785	0.761135214
am_0726_obj_047_水壶	obj_047_水壶	水壶	kettle	kettle	pour	259	0.508455463	0.562415132	0.618645991	0.658446070	0.696168582	0.744038709	0.789767382	0.020	0.478469785	0.508455463
am_0726_obj_047_水壶	obj_047_水壶	水壶	kettle	kettle	contain	2061	0.762793129	0.803057448	0.835389167	0.857093460	0.873710744	0.894157355	0.909528769	0.020	0.478469785	0.762793129
am_0727_obj_047_水壶	obj_047_水壶	水壶	kettle	kettle	grasp	515	0.712174730	0.766327061	0.820613450	0.852222181	0.868529828	0.893395893	0.905677272	0.020	0.478469785	0.712174730
am_0727_obj_047_水壶	obj_047_水壶	水壶	kettle	kettle	pour	292	0.524761798	0.578043733	0.630876049	0.653898463	0.689384836	0.732124844	0.781519191	0.020	0.478469785	0.524761798
am_0727_obj_047_水壶	obj_047_水壶	水壶	kettle	kettle	contain	2059	0.816959440	0.849882427	0.873626607	0.892569992	0.904695065	0.918502639	0.926188381	0.020	0.478469785	0.816959440
am_0728_obj_047_水壶	obj_047_水壶	水壶	kettle	kettle	grasp	527	0.734376352	0.779611904	0.817184545	0.846780143	0.863889234	0.893206476	0.907243878	0.020	0.478469785	0.734376352
am_0728_obj_047_水壶	obj_047_水壶	水壶	kettle	kettle	pour	294	0.612211711	0.669170747	0.710434380	0.736970056	0.754251790	0.792469092	0.829626914	0.020	0.478469785	0.612211711
am_0728_obj_047_水壶	obj_047_水壶	水壶	kettle	kettle	contain	2073	0.813081147	0.843447841	0.862640155	0.878062092	0.891569750	0.909325775	0.920704858	0.020	0.478469785	0.813081147
am_0729_obj_047_水壶	obj_047_水壶	水壶	kettle	kettle	grasp	533	0.711770443	0.757449702	0.814801976	0.852743389	0.876020654	0.910287337	0.911291108	0.020	0.478469785	0.711770443
am_0729_obj_047_水壶	obj_047_水壶	水壶	kettle	kettle	pour	289	0.505152912	0.597257074	0.664751057	0.719417138	0.755638804	0.805684527	0.843305599	0.020	0.478469785	0.505152912
am_0729_obj_047_水壶	obj_047_水壶	水壶	kettle	kettle	contain	2000	0.753919547	0.788923400	0.819341446	0.842649407	0.862085505	0.885087039	0.903757715	0.020	0.478469785	0.753919547
am_0730_obj_048_水杯2	obj_048_水杯2	水杯2	open_container	cup	grasp	735	0.512158737	0.610258014	0.644358480	0.672271541	0.694487530	0.734275544	0.761188734	0.020	0.478469785	0.512158737
am_0730_obj_048_水杯2	obj_048_水杯2	水杯2	open_container	cup	contain	2177	0.633189739	0.703832072	0.737072736	0.765014530	0.791692501	0.833398924	0.872168106	0.020	0.478469785	0.633189739
am_0731_obj_048_水杯2	obj_048_水杯2	水杯2	open_container	cup	grasp	731	0.357337609	0.426978821	0.462257331	0.492886927	0.522202218	0.577259327	0.629170654	0.020	0.478469785	0.357337609
am_0731_obj_048_水杯2	obj_048_水杯2	水杯2	open_container	cup	contain	2131	0.679101366	0.736839031	0.756903249	0.773401568	0.789238806	0.820223199	0.851936001	0.020	0.478469785	0.679101366
am_0732_obj_048_水杯2	obj_048_水杯2	水杯2	open_container	cup	grasp	769	0.537507370	0.638989715	0.671398064	0.703284997	0.728047581	0.765837846	0.795035397	0.020	0.478469785	0.537507370
am_0732_obj_048_水杯2	obj_048_水杯2	水杯2	open_container	cup	contain	2142	0.701546783	0.760755032	0.781041747	0.797895250	0.815268745	0.846591227	0.875197849	0.020	0.478469785	0.701546783
am_0733_obj_048_水杯2	obj_048_水杯2	水杯2	open_container	cup	grasp	760	0.516216483	0.650516587	0.694391337	0.731496596	0.769381269	0.823659307	0.864356929	0.020	0.478469785	0.516216483
am_0733_obj_048_水杯2	obj_048_水杯2	水杯2	open_container	cup	contain	2150	0.692855701	0.774163442	0.803593774	0.823834736	0.841552032	0.869995685	0.897761287	0.020	0.478469785	0.692855701
am_0734_obj_048_水杯2	obj_048_水杯2	水杯2	open_container	cup	grasp	769	0.548851190	0.655233119	0.696063425	0.728210951	0.755678447	0.800303640	0.831994513	0.020	0.478469785	0.548851190
am_0734_obj_048_水杯2	obj_048_水杯2	水杯2	open_container	cup	contain	2139	0.607247193	0.676384513	0.714376119	0.743206148	0.770148343	0.824984130	0.873249858	0.020	0.478469785	0.607247193
am_0735_obj_048_水杯2	obj_048_水杯2	水杯2	open_container	cup	grasp	743	0.248904610	0.291832170	0.306489924	0.321438880	0.336519549	0.366639274	0.401409722	0.020	0.478469785	0.248904610
am_0735_obj_048_水杯2	obj_048_水杯2	水杯2	open_container	cup	contain	2128	0.769444913	0.840280938	0.857709572	0.870949154	0.882176685	0.898963762	0.921088749	0.020	0.478469785	0.769444913
am_0736_obj_048_水杯2	obj_048_水杯2	水杯2	open_container	cup	grasp	754	0.592583329	0.706169901	0.750151101	0.783314951	0.814741251	0.857289471	0.891801075	0.020	0.478469785	0.592583329
am_0736_obj_048_水杯2	obj_048_水杯2	水杯2	open_container	cup	contain	2136	0.629230868	0.667058679	0.680250441	0.691556952	0.703872095	0.724924249	0.748226505	0.020	0.478469785	0.629230868
am_0737_obj_048_水杯2	obj_048_水杯2	水杯2	open_container	cup	grasp	731	0.564273663	0.649255621	0.681831298	0.711664378	0.738314778	0.782957607	0.811521683	0.020	0.478469785	0.564273663
am_0737_obj_048_水杯2	obj_048_水杯2	水杯2	open_container	cup	contain	2116	0.726272362	0.791299640	0.813068932	0.831467943	0.850195015	0.877494344	0.901513190	0.020	0.478469785	0.726272362
am_0738_obj_048_水杯2	obj_048_水杯2	水杯2	open_container	cup	grasp	751	0.558573917	0.659794897	0.695338146	0.719469357	0.743011790	0.774640461	0.795869284	0.020	0.478469785	0.558573917
am_0738_obj_048_水杯2	obj_048_水杯2	水杯2	open_container	cup	contain	2098	0.731281163	0.793731838	0.809361872	0.821254808	0.833423035	0.854431879	0.878830202	0.020	0.478469785	0.731281163
am_0739_obj_048_水杯2	obj_048_水杯2	水杯2	open_container	cup	grasp	743	0.244152483	0.285201215	0.302932283	0.317635111	0.331752694	0.355861881	0.382598705	0.020	0.478469785	0.244152483
am_0739_obj_048_水杯2	obj_048_水杯2	水杯2	open_container	cup	contain	2143	0.753611707	0.813228330	0.828176985	0.839749319	0.851102292	0.872682450	0.893094550	0.020	0.478469785	0.753611707
am_0740_obj_048_水杯2	obj_048_水杯2	水杯2	open_container	cup	grasp	714	0.406215351	0.480370394	0.511745470	0.544416648	0.569681342	0.624256605	0.671461839	0.020	0.478469785	0.406215351
am_0740_obj_048_水杯2	obj_048_水杯2	水杯2	open_container	cup	contain	2137	0.374829456	0.435071843	0.466279296	0.495681441	0.522025022	0.585621374	0.658177949	0.020	0.478469785	0.374829456
am_0741_obj_048_水杯2	obj_048_水杯2	水杯2	open_container	cup	grasp	754	0.216917213	0.267826881	0.288674892	0.307119008	0.326903610	0.381106669	0.433088879	0.020	0.478469785	0.216917213
am_0741_obj_048_水杯2	obj_048_水杯2	水杯2	open_container	cup	contain	2151	0.768926150	0.844550266	0.860040433	0.871594136	0.882421993	0.898818540	0.919592763	0.020	0.478469785	0.768926150
am_0742_obj_048_水杯2	obj_048_水杯2	水杯2	open_container	cup	grasp	750	0.352537417	0.422797356	0.447563881	0.471748712	0.498776342	0.564064555	0.627989610	0.020	0.478469785	0.352537417
am_0742_obj_048_水杯2	obj_048_水杯2	水杯2	open_container	cup	contain	2119	0.692992367	0.777558528	0.802564073	0.821136358	0.837004199	0.869198296	0.903944457	0.020	0.478469785	0.692992367
am_0743_obj_048_水杯2	obj_048_水杯2	水杯2	open_container	cup	grasp	761	0.568416089	0.663878852	0.698163468	0.725198774	0.759449521	0.803376125	0.834423607	0.020	0.478469785	0.568416089
am_0743_obj_048_水杯2	obj_048_水杯2	水杯2	open_container	cup	contain	2105	0.640683444	0.703358616	0.736963278	0.768365717	0.794638261	0.840306353	0.885017293	0.020	0.478469785	0.640683444
am_0744_obj_048_水杯2	obj_048_水杯2	水杯2	open_container	cup	grasp	782	0.523961763	0.627586858	0.660956648	0.693874808	0.715770930	0.759316438	0.792145009	0.020	0.478469785	0.523961763
am_0744_obj_048_水杯2	obj_048_水杯2	水杯2	open_container	cup	contain	2136	0.734174687	0.806033924	0.836912797	0.860157642	0.880564038	0.910868933	0.930382687	0.020	0.478469785	0.734174687
am_0745_obj_049_甜瓜	obj_049_甜瓜	甜瓜	fruit	melon	grasp	4096	0.945032763	0.947290327	0.948795404	0.949464065	0.949650269	0.949930323	0.950000000	0.020	0.478469785	0.945032763
am_0746_obj_049_甜瓜	obj_049_甜瓜	甜瓜	fruit	melon	grasp	4096	0.947101155	0.948152667	0.948519924	0.949022645	0.949525067	0.949785245	0.949911348	0.020	0.478469785	0.947101155
am_0747_obj_049_甜瓜	obj_049_甜瓜	甜瓜	fruit	melon	grasp	4096	0.945721108	0.946792430	0.947696242	0.948130224	0.948523929	0.948940924	0.949225811	0.020	0.478469785	0.945721108
am_0748_obj_049_甜瓜	obj_049_甜瓜	甜瓜	fruit	melon	grasp	4096	0.886844308	0.900217307	0.910440366	0.916715390	0.922458644	0.930506613	0.935378006	0.020	0.478469785	0.886844308
am_0749_obj_049_甜瓜	obj_049_甜瓜	甜瓜	fruit	melon	grasp	4096	0.916730331	0.924293700	0.929672799	0.933930272	0.937080101	0.940832137	0.942270939	0.020	0.478469785	0.916730331
am_0750_obj_049_甜瓜	obj_049_甜瓜	甜瓜	fruit	melon	grasp	4096	0.796658341	0.819087038	0.835383925	0.848692349	0.859492637	0.876712876	0.890392045	0.020	0.478469785	0.796658341
am_0751_obj_049_甜瓜	obj_049_甜瓜	甜瓜	fruit	melon	grasp	4096	0.900831658	0.910833100	0.918963330	0.925152686	0.930219137	0.937379986	0.942402388	0.020	0.478469785	0.900831658
am_0752_obj_049_甜瓜	obj_049_甜瓜	甜瓜	fruit	melon	grasp	4096	0.942089705	0.943415183	0.944229910	0.944779120	0.945206160	0.945792909	0.946294001	0.020	0.478469785	0.942089705
am_0753_obj_049_甜瓜	obj_049_甜瓜	甜瓜	fruit	melon	grasp	4096	0.939727238	0.944159280	0.946708860	0.948077117	0.948935843	0.949532419	0.949718398	0.020	0.478469785	0.939727238
am_0754_obj_049_甜瓜	obj_049_甜瓜	甜瓜	fruit	melon	grasp	4096	0.948049275	0.948621056	0.948840554	0.948962761	0.949036246	0.949318211	0.949428955	0.020	0.478469785	0.948049275
am_0755_obj_049_甜瓜	obj_049_甜瓜	甜瓜	fruit	melon	grasp	4096	0.934779234	0.939047561	0.941689916	0.943294264	0.944323839	0.945576915	0.946183032	0.020	0.478469785	0.934779234
am_0756_obj_049_甜瓜	obj_049_甜瓜	甜瓜	fruit	melon	grasp	4096	0.839427559	0.857078777	0.872037499	0.884023787	0.894829175	0.911583888	0.920209517	0.020	0.478469785	0.839427559
am_0757_obj_049_甜瓜	obj_049_甜瓜	甜瓜	fruit	melon	grasp	4096	0.934614906	0.940015690	0.943841035	0.946449929	0.948468471	0.949867154	0.950000000	0.020	0.478469785	0.934614906
am_0758_obj_049_甜瓜	obj_049_甜瓜	甜瓜	fruit	melon	grasp	4096	0.877051818	0.890699285	0.901992586	0.910859658	0.918751158	0.930316843	0.938045883	0.020	0.478469785	0.877051818
am_0759_obj_049_甜瓜	obj_049_甜瓜	甜瓜	fruit	melon	grasp	4096	0.446156688	0.471286101	0.495058198	0.517007744	0.537854463	0.573692979	0.607964828	0.020	0.478469785	0.446156688
am_0760_obj_050_盆栽2	obj_050_盆栽2	盆栽2	open_container	plant_pot	grasp	849	0.460843499	0.558352884	0.643760280	0.701948256	0.738335457	0.773981712	0.801612946	0.020	0.478469785	0.460843499
am_0760_obj_050_盆栽2	obj_050_盆栽2	盆栽2	open_container	plant_pot	contain	1579	0.833717917	0.871565038	0.897699158	0.913763703	0.924516571	0.932077772	0.932215174	0.020	0.478469785	0.833717917
am_0761_obj_050_盆栽2	obj_050_盆栽2	盆栽2	open_container	plant_pot	grasp	861	0.719140395	0.827118289	0.877448581	0.899508397	0.911611511	0.921952541	0.925280762	0.020	0.478469785	0.719140395
am_0761_obj_050_盆栽2	obj_050_盆栽2	盆栽2	open_container	plant_pot	contain	1598	0.805923930	0.854869798	0.882779327	0.898885361	0.913688614	0.932562899	0.933315665	0.020	0.478469785	0.805923930
am_0762_obj_050_盆栽2	obj_050_盆栽2	盆栽2	open_container	plant_pot	grasp	905	0.795522172	0.874974108	0.902216226	0.914993500	0.918648558	0.923151672	0.925952148	0.020	0.478469785	0.795522172
am_0762_obj_050_盆栽2	obj_050_盆栽2	盆栽2	open_container	plant_pot	contain	1587	0.868917307	0.895941664	0.911027242	0.918828970	0.926231388	0.933305232	0.933588168	0.020	0.478469785	0.868917307
am_0763_obj_050_盆栽2	obj_050_盆栽2	盆栽2	open_container	plant_pot	grasp	878	0.779127560	0.861992087	0.899265165	0.915516790	0.920114429	0.923315430	0.925500488	0.020	0.478469785	0.779127560
am_0763_obj_050_盆栽2	obj_050_盆栽2	盆栽2	open_container	plant_pot	contain	1579	0.878521616	0.900806061	0.911585243	0.920887135	0.927458946	0.933068848	0.933190918	0.020	0.478469785	0.878521616
am_0764_obj_050_盆栽2	obj_050_盆栽2	盆栽2	open_container	plant_pot	grasp	859	0.845616674	0.892930314	0.906840782	0.913262672	0.916897645	0.922473145	0.924877930	0.020	0.478469785	0.845616674
am_0764_obj_050_盆栽2	obj_050_盆栽2	盆栽2	open_container	plant_pot	contain	1624	0.844913997	0.883068113	0.905699565	0.919322526	0.926601567	0.933276367	0.933398437	0.020	0.478469785	0.844913997
am_0765_obj_050_盆栽2	obj_050_盆栽2	盆栽2	open_container	plant_pot	grasp	896	0.675465589	0.775541552	0.833068356	0.859444649	0.876325931	0.897507514	0.914204148	0.020	0.478469785	0.675465589
am_0765_obj_050_盆栽2	obj_050_盆栽2	盆栽2	open_container	plant_pot	contain	1578	0.757800729	0.801431556	0.832479041	0.859167551	0.884977255	0.917114195	0.924842416	0.020	0.478469785	0.757800729
am_0766_obj_050_盆栽2	obj_050_盆栽2	盆栽2	open_container	plant_pot	grasp	872	0.822694834	0.885950179	0.905994775	0.915370959	0.919495367	0.922644043	0.925000000	0.020	0.478469785	0.822694834
am_0766_obj_050_盆栽2	obj_050_盆栽2	盆栽2	open_container	plant_pot	contain	1624	0.853172552	0.887237734	0.902688536	0.914100978	0.925125524	0.932718138	0.932855699	0.020	0.478469785	0.853172552
am_0767_obj_050_盆栽2	obj_050_盆栽2	盆栽2	open_container	plant_pot	grasp	831	0.519610448	0.609721306	0.672685561	0.719222477	0.751894329	0.796529410	0.830161727	0.020	0.478469785	0.519610448
am_0767_obj_050_盆栽2	obj_050_盆栽2	盆栽2	open_container	plant_pot	contain	1578	0.834914824	0.868264239	0.888102168	0.903475969	0.915019218	0.927954945	0.930138099	0.020	0.478469785	0.834914824
am_0768_obj_050_盆栽2	obj_050_盆栽2	盆栽2	open_container	plant_pot	grasp	880	0.674502744	0.782887461	0.828267717	0.852432939	0.866664854	0.887371402	0.902478101	0.020	0.478469785	0.674502744
am_0768_obj_050_盆栽2	obj_050_盆栽2	盆栽2	open_container	plant_pot	contain	1571	0.810659115	0.856103257	0.889606813	0.909483834	0.922016784	0.932864900	0.933227539	0.020	0.478469785	0.810659115
am_0769_obj_050_盆栽2	obj_050_盆栽2	盆栽2	open_container	plant_pot	grasp	858	0.699044007	0.768875332	0.801139204	0.818966898	0.830802324	0.847614363	0.865809388	0.020	0.478469785	0.699044007
am_0769_obj_050_盆栽2	obj_050_盆栽2	盆栽2	open_container	plant_pot	contain	1582	0.843934569	0.881512727	0.904484332	0.920877222	0.929779649	0.932151508	0.932388094	0.020	0.478469785	0.843934569
am_0770_obj_050_盆栽2	obj_050_盆栽2	盆栽2	open_container	plant_pot	grasp	860	0.683655258	0.780946512	0.846618119	0.878569045	0.890856520	0.904202302	0.914458149	0.020	0.478469785	0.683655258
am_0770_obj_050_盆栽2	obj_050_盆栽2	盆栽2	open_container	plant_pot	contain	1584	0.760247993	0.808558939	0.844669589	0.872346641	0.892854069	0.916540812	0.918435934	0.020	0.478469785	0.760247993
am_0771_obj_050_盆栽2	obj_050_盆栽2	盆栽2	open_container	plant_pot	grasp	883	0.711556340	0.825154960	0.875285056	0.895028274	0.901062061	0.913356241	0.923008657	0.020	0.478469785	0.711556340
am_0771_obj_050_盆栽2	obj_050_盆栽2	盆栽2	open_container	plant_pot	contain	1562	0.758733809	0.805419873	0.841023009	0.868685326	0.891037050	0.910249119	0.915294159	0.020	0.478469785	0.758733809
am_0772_obj_050_盆栽2	obj_050_盆栽2	盆栽2	open_container	plant_pot	grasp	870	0.629262151	0.709956376	0.762274689	0.791912630	0.807629922	0.823403524	0.837021728	0.020	0.478469785	0.629262151
am_0772_obj_050_盆栽2	obj_050_盆栽2	盆栽2	open_container	plant_pot	contain	1592	0.833087495	0.882805106	0.909129258	0.923567787	0.929340356	0.932722750	0.933135496	0.020	0.478469785	0.833087495
am_0773_obj_050_盆栽2	obj_050_盆栽2	盆栽2	open_container	plant_pot	grasp	859	0.545889766	0.633757547	0.697184828	0.737515153	0.758872228	0.786652776	0.806225660	0.020	0.478469785	0.545889766
am_0773_obj_050_盆栽2	obj_050_盆栽2	盆栽2	open_container	plant_pot	contain	1557	0.825698430	0.871989333	0.903588229	0.918732139	0.926340863	0.932039814	0.932198506	0.020	0.478469785	0.825698430
am_0774_obj_050_盆栽2	obj_050_盆栽2	盆栽2	open_container	plant_pot	grasp	866	0.638324274	0.740136944	0.804163715	0.843510332	0.862067812	0.887008353	0.898025972	0.020	0.478469785	0.638324274
am_0774_obj_050_盆栽2	obj_050_盆栽2	盆栽2	open_container	plant_pot	contain	1590	0.763520262	0.816487979	0.856577200	0.884957384	0.905462194	0.931849724	0.933447266	0.020	0.478469785	0.763520262
am_0775_obj_051_盆栽3	obj_051_盆栽3	盆栽3	open_container	plant_pot	grasp	768	0.291838797	0.326027038	0.351801253	0.371940148	0.387889106	0.414954351	0.438473867	0.020	0.478469785	0.291838797
am_0775_obj_051_盆栽3	obj_051_盆栽3	盆栽3	open_container	plant_pot	contain	1835	0.600199435	0.667951933	0.727287132	0.778103850	0.817681487	0.863569385	0.892555489	0.020	0.478469785	0.600199435
am_0776_obj_051_盆栽3	obj_051_盆栽3	盆栽3	open_container	plant_pot	grasp	799	0.070812294	0.077232230	0.085082391	0.091067373	0.096640087	0.105980936	0.113892488	0.020	0.478469785	0.070812294
am_0776_obj_051_盆栽3	obj_051_盆栽3	盆栽3	open_container	plant_pot	contain	1832	0.604772311	0.697383167	0.789456102	0.844735481	0.878053613	0.915519687	0.930403810	0.020	0.478469785	0.604772311
am_0777_obj_051_盆栽3	obj_051_盆栽3	盆栽3	open_container	plant_pot	grasp	817	0.132754706	0.142473360	0.154771478	0.163774226	0.171811848	0.186279464	0.201642603	0.020	0.478469785	0.132754706
am_0777_obj_051_盆栽3	obj_051_盆栽3	盆栽3	open_container	plant_pot	contain	1832	0.586414048	0.673726255	0.747220601	0.793183653	0.822730331	0.871862443	0.904506907	0.020	0.478469785	0.586414048
am_0778_obj_051_盆栽3	obj_051_盆栽3	盆栽3	open_container	plant_pot	grasp	823	0.262696169	0.301757022	0.338843359	0.370732655	0.394654098	0.432246042	0.469139901	0.020	0.478469785	0.262696169
am_0778_obj_051_盆栽3	obj_051_盆栽3	盆栽3	open_container	plant_pot	contain	1823	0.723437998	0.807485526	0.871081164	0.901005955	0.916241944	0.934237796	0.941950551	0.020	0.478469785	0.723437998
am_0779_obj_051_盆栽3	obj_051_盆栽3	盆栽3	open_container	plant_pot	grasp	808	0.388955141	0.440217453	0.478826671	0.503566990	0.521113898	0.549093566	0.575816148	0.020	0.478469785	0.388955141
am_0779_obj_051_盆栽3	obj_051_盆栽3	盆栽3	open_container	plant_pot	contain	1850	0.499705694	0.555626443	0.611631496	0.660980753	0.701354758	0.771958141	0.821781569	0.020	0.478469785	0.499705694
am_0780_obj_051_盆栽3	obj_051_盆栽3	盆栽3	open_container	plant_pot	grasp	810	0.142583896	0.159823837	0.181812270	0.195144673	0.204350993	0.220698707	0.238048249	0.020	0.478469785	0.142583896
am_0780_obj_051_盆栽3	obj_051_盆栽3	盆栽3	open_container	plant_pot	contain	1824	0.583233330	0.677526632	0.773794742	0.840546954	0.884015960	0.924042860	0.939202408	0.020	0.478469785	0.583233330
am_0781_obj_051_盆栽3	obj_051_盆栽3	盆栽3	open_container	plant_pot	grasp	871	0.251733002	0.289477193	0.325038947	0.353018679	0.373901071	0.405346763	0.429064747	0.020	0.478469785	0.251733002
am_0781_obj_051_盆栽3	obj_051_盆栽3	盆栽3	open_container	plant_pot	contain	1763	0.649803331	0.742936387	0.833694984	0.885899360	0.910380677	0.929777126	0.936331199	0.020	0.478469785	0.649803331
am_0782_obj_051_盆栽3	obj_051_盆栽3	盆栽3	open_container	plant_pot	grasp	828	0.114791868	0.129117265	0.141158902	0.152108662	0.160505429	0.174920457	0.187250187	0.020	0.478469785	0.114791868
am_0782_obj_051_盆栽3	obj_051_盆栽3	盆栽3	open_container	plant_pot	contain	1824	0.613888057	0.696504257	0.763913376	0.819094937	0.862721116	0.916270490	0.939462182	0.020	0.478469785	0.613888057
am_0783_obj_051_盆栽3	obj_051_盆栽3	盆栽3	open_container	plant_pot	grasp	850	0.229266321	0.265280731	0.303622454	0.336568274	0.351711632	0.378381659	0.400600148	0.020	0.478469785	0.229266321
am_0783_obj_051_盆栽3	obj_051_盆栽3	盆栽3	open_container	plant_pot	contain	1759	0.620718167	0.716268878	0.808887582	0.877581430	0.915539822	0.938339356	0.942084172	0.020	0.478469785	0.620718167
am_0784_obj_051_盆栽3	obj_051_盆栽3	盆栽3	open_container	plant_pot	grasp	815	0.256973644	0.289051229	0.316902284	0.337200644	0.354763616	0.385063068	0.414239531	0.020	0.478469785	0.256973644
am_0784_obj_051_盆栽3	obj_051_盆栽3	盆栽3	open_container	plant_pot	contain	1871	0.635602047	0.717426038	0.798859399	0.842841825	0.870390218	0.904782369	0.925207888	0.020	0.478469785	0.635602047
am_0785_obj_051_盆栽3	obj_051_盆栽3	盆栽3	open_container	plant_pot	grasp	854	0.331865571	0.387084837	0.429510880	0.462427559	0.484993235	0.520803713	0.552249263	0.020	0.478469785	0.331865571
am_0785_obj_051_盆栽3	obj_051_盆栽3	盆栽3	open_container	plant_pot	contain	1755	0.642812370	0.711921984	0.764898929	0.805677220	0.843914529	0.898300577	0.926178906	0.020	0.478469785	0.642812370
am_0786_obj_051_盆栽3	obj_051_盆栽3	盆栽3	open_container	plant_pot	grasp	801	0.070204673	0.077081640	0.084280552	0.090011446	0.095323237	0.103876337	0.111257186	0.020	0.478469785	0.070204673
am_0786_obj_051_盆栽3	obj_051_盆栽3	盆栽3	open_container	plant_pot	contain	1809	0.665760569	0.761240476	0.834229695	0.886351585	0.919059460	0.940280597	0.942504883	0.020	0.478469785	0.665760569
am_0787_obj_051_盆栽3	obj_051_盆栽3	盆栽3	open_container	plant_pot	grasp	846	0.208709436	0.237387290	0.263779617	0.283141718	0.299020657	0.326652802	0.355333367	0.020	0.478469785	0.208709436
am_0787_obj_051_盆栽3	obj_051_盆栽3	盆栽3	open_container	plant_pot	contain	1797	0.618273383	0.710550590	0.807913778	0.876096669	0.910188312	0.938635102	0.942199707	0.020	0.478469785	0.618273383
am_0788_obj_051_盆栽3	obj_051_盆栽3	盆栽3	open_container	plant_pot	grasp	807	0.202849786	0.240064789	0.270973090	0.299532397	0.320982255	0.349155453	0.373730678	0.020	0.478469785	0.202849786
am_0788_obj_051_盆栽3	obj_051_盆栽3	盆栽3	open_container	plant_pot	contain	1821	0.613063070	0.715093470	0.817071568	0.882140654	0.918427288	0.939540600	0.942700195	0.020	0.478469785	0.613063070
am_0789_obj_051_盆栽3	obj_051_盆栽3	盆栽3	open_container	plant_pot	grasp	832	0.244576031	0.277314238	0.309032490	0.336029198	0.355509157	0.389063109	0.419181608	0.020	0.478469785	0.244576031
am_0789_obj_051_盆栽3	obj_051_盆栽3	盆栽3	open_container	plant_pot	contain	1845	0.590506974	0.665309076	0.739356696	0.800621801	0.846531189	0.900437555	0.925950970	0.020	0.478469785	0.590506974
am_0790_obj_052_盆栽4	obj_052_盆栽4	盆栽4	open_container	plant_pot	grasp	1127	0.507035873	0.590757523	0.661166249	0.725356508	0.774896538	0.853339046	0.907058188	0.020	0.478469785	0.507035873
am_0790_obj_052_盆栽4	obj_052_盆栽4	盆栽4	open_container	plant_pot	contain	1454	0.798581812	0.849076138	0.885350170	0.907367162	0.917596255	0.929934665	0.933855218	0.020	0.478469785	0.798581812
am_0791_obj_052_盆栽4	obj_052_盆栽4	盆栽4	open_container	plant_pot	grasp	1139	0.392269848	0.459696040	0.520570600	0.574276452	0.622985920	0.730815714	0.826602061	0.020	0.478469785	0.392269848
am_0791_obj_052_盆栽4	obj_052_盆栽4	盆栽4	open_container	plant_pot	contain	1459	0.843742988	0.872322128	0.893375918	0.907112892	0.915270880	0.920912195	0.923519369	0.020	0.478469785	0.843742988
am_0792_obj_052_盆栽4	obj_052_盆栽4	盆栽4	open_container	plant_pot	grasp	1106	0.123920013	0.165266563	0.211025739	0.259288416	0.314760583	0.425459448	0.555001770	0.020	0.478469785	0.123920013
am_0792_obj_052_盆栽4	obj_052_盆栽4	盆栽4	open_container	plant_pot	contain	1479	0.759116360	0.805086499	0.842658109	0.873139092	0.892455906	0.914866138	0.927352133	0.020	0.478469785	0.759116360
am_0793_obj_052_盆栽4	obj_052_盆栽4	盆栽4	open_container	plant_pot	grasp	1139	0.310369586	0.374653069	0.435060919	0.499557177	0.558181921	0.665880171	0.776494498	0.020	0.478469785	0.310369586
am_0793_obj_052_盆栽4	obj_052_盆栽4	盆栽4	open_container	plant_pot	contain	1489	0.828535359	0.863100348	0.883138543	0.895787105	0.904134955	0.918037396	0.921670965	0.020	0.478469785	0.828535359
am_0794_obj_052_盆栽4	obj_052_盆栽4	盆栽4	open_container	plant_pot	grasp	1129	0.494494571	0.583817722	0.647998776	0.697387266	0.727565729	0.784234084	0.835222645	0.020	0.478469785	0.494494571
am_0794_obj_052_盆栽4	obj_052_盆栽4	盆栽4	open_container	plant_pot	contain	1482	0.814509020	0.858729645	0.889781322	0.907739556	0.916586331	0.925487572	0.932797306	0.020	0.478469785	0.814509020
am_0795_obj_052_盆栽4	obj_052_盆栽4	盆栽4	open_container	plant_pot	grasp	1102	0.560233480	0.659915145	0.714912780	0.755710059	0.782769077	0.837853417	0.880940335	0.020	0.478469785	0.560233480
am_0795_obj_052_盆栽4	obj_052_盆栽4	盆栽4	open_container	plant_pot	contain	1508	0.825972335	0.862948935	0.893828955	0.913224529	0.923707134	0.931650363	0.933850098	0.020	0.478469785	0.825972335
am_0796_obj_052_盆栽4	obj_052_盆栽4	盆栽4	open_container	plant_pot	grasp	1123	0.164430316	0.191110205	0.215524546	0.236823857	0.255637045	0.298181560	0.357791655	0.020	0.478469785	0.164430316
am_0796_obj_052_盆栽4	obj_052_盆栽4	盆栽4	open_container	plant_pot	contain	1496	0.843303598	0.867082292	0.887346567	0.905977899	0.917269803	0.930589389	0.934521484	0.020	0.478469785	0.843303598
am_0797_obj_052_盆栽4	obj_052_盆栽4	盆栽4	open_container	plant_pot	grasp	1123	0.432213142	0.525787702	0.593442909	0.647783247	0.692497460	0.773521234	0.856925360	0.020	0.478469785	0.432213142
am_0797_obj_052_盆栽4	obj_052_盆栽4	盆栽4	open_container	plant_pot	contain	1468	0.840521797	0.880924015	0.908777282	0.921467331	0.927818471	0.932104492	0.934289551	0.020	0.478469785	0.840521797
am_0798_obj_052_盆栽4	obj_052_盆栽4	盆栽4	open_container	plant_pot	grasp	1095	0.373950889	0.456839058	0.519599962	0.572822629	0.625863539	0.729204032	0.826747907	0.020	0.478469785	0.373950889
am_0798_obj_052_盆栽4	obj_052_盆栽4	盆栽4	open_container	plant_pot	contain	1470	0.827034182	0.862594745	0.885145489	0.902472933	0.912680635	0.920173528	0.922933523	0.020	0.478469785	0.827034182
am_0799_obj_052_盆栽4	obj_052_盆栽4	盆栽4	open_container	plant_pot	grasp	1092	0.345120752	0.412300304	0.470533668	0.515422249	0.555952807	0.630687326	0.710998324	0.020	0.478469785	0.345120752
am_0799_obj_052_盆栽4	obj_052_盆栽4	盆栽4	open_container	plant_pot	contain	1490	0.867919973	0.897170110	0.912389912	0.920901233	0.925315894	0.931612960	0.934145243	0.020	0.478469785	0.867919973
am_0800_obj_052_盆栽4	obj_052_盆栽4	盆栽4	open_container	plant_pot	grasp	1101	0.251904137	0.318607709	0.387532396	0.455608209	0.511714904	0.622266232	0.728055110	0.020	0.478469785	0.251904137
am_0800_obj_052_盆栽4	obj_052_盆栽4	盆栽4	open_container	plant_pot	contain	1462	0.765026722	0.809713019	0.846386488	0.875529614	0.892072240	0.911948002	0.921550703	0.020	0.478469785	0.765026722
am_0801_obj_052_盆栽4	obj_052_盆栽4	盆栽4	open_container	plant_pot	grasp	1105	0.433697757	0.508963956	0.574002338	0.626518425	0.666236944	0.730701461	0.804250194	0.020	0.478469785	0.433697757
am_0801_obj_052_盆栽4	obj_052_盆栽4	盆栽4	open_container	plant_pot	contain	1451	0.800017886	0.835640124	0.862178012	0.882353309	0.893723059	0.908313016	0.916029933	0.020	0.478469785	0.800017886
am_0802_obj_052_盆栽4	obj_052_盆栽4	盆栽4	open_container	plant_pot	grasp	1163	0.282714474	0.329821885	0.371513535	0.412659210	0.455110395	0.545353460	0.645863592	0.020	0.478469785	0.282714474
am_0802_obj_052_盆栽4	obj_052_盆栽4	盆栽4	open_container	plant_pot	contain	1431	0.761951687	0.799313820	0.845895029	0.875815163	0.898572095	0.915272950	0.921456992	0.020	0.478469785	0.761951687
am_0803_obj_052_盆栽4	obj_052_盆栽4	盆栽4	open_container	plant_pot	grasp	1144	0.418778885	0.514345682	0.593556590	0.663259065	0.713246380	0.792735817	0.866792243	0.020	0.478469785	0.418778885
am_0803_obj_052_盆栽4	obj_052_盆栽4	盆栽4	open_container	plant_pot	contain	1469	0.839015074	0.877033983	0.899906322	0.915992537	0.924141454	0.931848379	0.934375000	0.020	0.478469785	0.839015074
am_0804_obj_052_盆栽4	obj_052_盆栽4	盆栽4	open_container	plant_pot	grasp	1143	0.515634268	0.591233565	0.644030218	0.696139868	0.733616782	0.809019626	0.868548776	0.020	0.478469785	0.515634268
am_0804_obj_052_盆栽4	obj_052_盆栽4	盆栽4	open_container	plant_pot	contain	1485	0.866260560	0.892407641	0.909355573	0.919140428	0.925977152	0.932391817	0.934240723	0.020	0.478469785	0.866260560
am_0805_obj_053_盆栽5	obj_053_盆栽5	盆栽5	open_container	plant_pot	grasp	294	0.664381418	0.687570942	0.706591769	0.721795474	0.730878116	0.751502761	0.768134139	0.020	0.478469785	0.664381418
am_0805_obj_053_盆栽5	obj_053_盆栽5	盆栽5	open_container	plant_pot	contain	2051	0.724154842	0.766225344	0.796328913	0.820717301	0.842994479	0.878906035	0.905593281	0.020	0.478469785	0.724154842
am_0806_obj_053_盆栽5	obj_053_盆栽5	盆栽5	open_container	plant_pot	grasp	270	0.670811587	0.687519947	0.699885269	0.720573910	0.737201520	0.752205159	0.763575024	0.020	0.478469785	0.670811587
am_0806_obj_053_盆栽5	obj_053_盆栽5	盆栽5	open_container	plant_pot	contain	2038	0.748714647	0.786897239	0.816708379	0.844424413	0.865672348	0.896431728	0.916831251	0.020	0.478469785	0.748714647
am_0807_obj_053_盆栽5	obj_053_盆栽5	盆栽5	open_container	plant_pot	grasp	282	0.669185615	0.682785280	0.702076252	0.717339269	0.725351156	0.754593045	0.771140008	0.020	0.478469785	0.669185615
am_0807_obj_053_盆栽5	obj_053_盆栽5	盆栽5	open_container	plant_pot	contain	2067	0.776891896	0.817456609	0.847538025	0.870072240	0.889164135	0.917646223	0.934218470	0.020	0.478469785	0.776891896
am_0808_obj_053_盆栽5	obj_053_盆栽5	盆栽5	open_container	plant_pot	grasp	304	0.547132312	0.558197664	0.574915800	0.586632141	0.600013267	0.632060853	0.665211560	0.020	0.478469785	0.547132312
am_0808_obj_053_盆栽5	obj_053_盆栽5	盆栽5	open_container	plant_pot	contain	2052	0.694610282	0.739489828	0.780743242	0.810393942	0.836596255	0.881676060	0.909529304	0.020	0.478469785	0.694610282
am_0809_obj_053_盆栽5	obj_053_盆栽5	盆栽5	open_container	plant_pot	grasp	275	0.670807689	0.686037519	0.701965245	0.721062583	0.739598915	0.777659359	0.804483825	0.020	0.478469785	0.670807689
am_0809_obj_053_盆栽5	obj_053_盆栽5	盆栽5	open_container	plant_pot	contain	2051	0.591977933	0.642522208	0.684166987	0.720975544	0.748692255	0.797468127	0.833465772	0.020	0.478469785	0.591977933
am_0810_obj_053_盆栽5	obj_053_盆栽5	盆栽5	open_container	plant_pot	grasp	289	0.601782661	0.610865841	0.628965629	0.643305262	0.656151544	0.674125256	0.692792598	0.020	0.478469785	0.601782661
am_0810_obj_053_盆栽5	obj_053_盆栽5	盆栽5	open_container	plant_pot	contain	2045	0.764677182	0.805322152	0.837088983	0.861262843	0.881225343	0.911392971	0.927123846	0.020	0.478469785	0.764677182
am_0811_obj_053_盆栽5	obj_053_盆栽5	盆栽5	open_container	plant_pot	grasp	299	0.693406490	0.716325759	0.732200841	0.749549882	0.764568793	0.788495786	0.808002615	0.020	0.478469785	0.693406490
am_0811_obj_053_盆栽5	obj_053_盆栽5	盆栽5	open_container	plant_pot	contain	2014	0.693270881	0.743085525	0.778807425	0.804553729	0.824578211	0.862152331	0.889846570	0.020	0.478469785	0.693270881
am_0812_obj_053_盆栽5	obj_053_盆栽5	盆栽5	open_container	plant_pot	grasp	264	0.714405255	0.732675835	0.751175091	0.763071758	0.773963296	0.808950172	0.822737554	0.020	0.478469785	0.714405255
am_0812_obj_053_盆栽5	obj_053_盆栽5	盆栽5	open_container	plant_pot	contain	2101	0.625296580	0.666625964	0.702242418	0.734100646	0.762494954	0.812016612	0.856797324	0.020	0.478469785	0.625296580
am_0813_obj_053_盆栽5	obj_053_盆栽5	盆栽5	open_container	plant_pot	grasp	270	0.532137767	0.539553456	0.546186415	0.554843255	0.561964810	0.579604944	0.583728666	0.020	0.478469785	0.532137767
am_0813_obj_053_盆栽5	obj_053_盆栽5	盆栽5	open_container	plant_pot	contain	2032	0.744923700	0.795103834	0.828846949	0.852793176	0.872232445	0.900035050	0.921030528	0.020	0.478469785	0.744923700
am_0814_obj_053_盆栽5	obj_053_盆栽5	盆栽5	open_container	plant_pot	grasp	296	0.759151720	0.781473965	0.802328794	0.822876070	0.842956865	0.876586982	0.895503286	0.020	0.478469785	0.759151720
am_0814_obj_053_盆栽5	obj_053_盆栽5	盆栽5	open_container	plant_pot	contain	2033	0.722616290	0.770532270	0.810737082	0.842955242	0.867180115	0.898566662	0.918848973	0.020	0.478469785	0.722616290
am_0815_obj_053_盆栽5	obj_053_盆栽5	盆栽5	open_container	plant_pot	grasp	271	0.590042929	0.607540010	0.622674350	0.629719404	0.641776759	0.665131725	0.685243741	0.020	0.478469785	0.590042929
am_0815_obj_053_盆栽5	obj_053_盆栽5	盆栽5	open_container	plant_pot	contain	2026	0.697404445	0.738489718	0.771778511	0.799265219	0.822469783	0.862285811	0.895380470	0.020	0.478469785	0.697404445
am_0816_obj_053_盆栽5	obj_053_盆栽5	盆栽5	open_container	plant_pot	grasp	278	0.727907573	0.748532288	0.771027809	0.785441563	0.801282500	0.835297284	0.856110950	0.020	0.478469785	0.727907573
am_0816_obj_053_盆栽5	obj_053_盆栽5	盆栽5	open_container	plant_pot	contain	2043	0.689013422	0.731895249	0.767583081	0.796133470	0.825444345	0.875037791	0.905597278	0.020	0.478469785	0.689013422
am_0817_obj_053_盆栽5	obj_053_盆栽5	盆栽5	open_container	plant_pot	grasp	297	0.699798166	0.718705504	0.735047120	0.752457755	0.771835048	0.794991834	0.802417304	0.020	0.478469785	0.699798166
am_0817_obj_053_盆栽5	obj_053_盆栽5	盆栽5	open_container	plant_pot	contain	2070	0.666497855	0.707604950	0.741826959	0.771796620	0.803109378	0.852255706	0.889200269	0.020	0.478469785	0.666497855
am_0818_obj_053_盆栽5	obj_053_盆栽5	盆栽5	open_container	plant_pot	grasp	272	0.592191561	0.606416984	0.618594914	0.628935798	0.637212985	0.663467459	0.699839067	0.020	0.478469785	0.592191561
am_0818_obj_053_盆栽5	obj_053_盆栽5	盆栽5	open_container	plant_pot	contain	2084	0.626587419	0.657052569	0.686090926	0.711904836	0.734914851	0.782968619	0.838125780	0.020	0.478469785	0.626587419
am_0819_obj_053_盆栽5	obj_053_盆栽5	盆栽5	open_container	plant_pot	grasp	282	0.730498305	0.750942448	0.765069150	0.789526522	0.806858902	0.842171523	0.878151054	0.020	0.478469785	0.730498305
am_0819_obj_053_盆栽5	obj_053_盆栽5	盆栽5	open_container	plant_pot	contain	2016	0.747374673	0.793706901	0.830392166	0.855145316	0.875800723	0.907074548	0.928589488	0.020	0.478469785	0.747374673
am_0820_obj_054_碗3	obj_054_碗3	碗3	open_container	bowl	grasp	820	0.308653863	0.350779588	0.391468059	0.438635049	0.475306362	0.545556164	0.593549057	0.020	0.478469785	0.308653863
am_0820_obj_054_碗3	obj_054_碗3	碗3	open_container	bowl	contain	1766	0.710120719	0.739962938	0.774538814	0.808804256	0.837329493	0.876541280	0.905217271	0.020	0.478469785	0.710120719
am_0821_obj_054_碗3	obj_054_碗3	碗3	open_container	bowl	grasp	790	0.332242941	0.374520288	0.432091418	0.474298675	0.507756121	0.563869146	0.602923128	0.020	0.478469785	0.332242941
am_0821_obj_054_碗3	obj_054_碗3	碗3	open_container	bowl	contain	1765	0.614376572	0.649115784	0.687926684	0.722099414	0.753633095	0.797051384	0.834520241	0.020	0.478469785	0.614376572
am_0822_obj_054_碗3	obj_054_碗3	碗3	open_container	bowl	grasp	772	0.369445367	0.425811796	0.474477804	0.519078511	0.559952554	0.618443412	0.650767797	0.020	0.478469785	0.369445367
am_0822_obj_054_碗3	obj_054_碗3	碗3	open_container	bowl	contain	1773	0.667457564	0.698020068	0.735518175	0.765083271	0.793501784	0.836597764	0.869899586	0.020	0.478469785	0.667457564
am_0823_obj_054_碗3	obj_054_碗3	碗3	open_container	bowl	grasp	806	0.364663224	0.426702276	0.482292253	0.532676631	0.569777161	0.634240519	0.679508540	0.020	0.478469785	0.364663224
am_0823_obj_054_碗3	obj_054_碗3	碗3	open_container	bowl	contain	1806	0.697920621	0.734306255	0.772914924	0.802147182	0.830799311	0.861884575	0.885450140	0.020	0.478469785	0.697920621
am_0824_obj_054_碗3	obj_054_碗3	碗3	open_container	bowl	grasp	789	0.305451328	0.339655584	0.386784682	0.421872567	0.452291241	0.513695299	0.556756786	0.020	0.478469785	0.305451328
am_0824_obj_054_碗3	obj_054_碗3	碗3	open_container	bowl	contain	1789	0.716431698	0.744165749	0.777074742	0.808618531	0.843313833	0.882566141	0.906508406	0.020	0.478469785	0.716431698
am_0825_obj_054_碗3	obj_054_碗3	碗3	open_container	bowl	grasp	805	0.276091991	0.324004189	0.368348648	0.405044087	0.444543491	0.514538544	0.570397148	0.020	0.478469785	0.276091991
am_0825_obj_054_碗3	obj_054_碗3	碗3	open_container	bowl	contain	1784	0.666745340	0.702063020	0.740396419	0.771032677	0.802510229	0.845312384	0.874425872	0.020	0.478469785	0.666745340
am_0826_obj_054_碗3	obj_054_碗3	碗3	open_container	bowl	grasp	795	0.244814921	0.285126580	0.329475536	0.371909468	0.401138564	0.454539646	0.491519422	0.020	0.478469785	0.244814921
am_0826_obj_054_碗3	obj_054_碗3	碗3	open_container	bowl	contain	1812	0.611830755	0.643687410	0.673638958	0.706514201	0.734179308	0.782980948	0.826837407	0.020	0.478469785	0.611830755
am_0827_obj_054_碗3	obj_054_碗3	碗3	open_container	bowl	grasp	789	0.326403158	0.376742061	0.433871670	0.476683176	0.511941954	0.568642744	0.606960505	0.020	0.478469785	0.326403158
am_0827_obj_054_碗3	obj_054_碗3	碗3	open_container	bowl	contain	1732	0.562634699	0.601746377	0.637361533	0.668641233	0.692770155	0.732359375	0.766552732	0.020	0.478469785	0.562634699
am_0828_obj_054_碗3	obj_054_碗3	碗3	open_container	bowl	grasp	824	0.268886834	0.309578621	0.356657457	0.396943821	0.431551844	0.494969652	0.548572572	0.020	0.478469785	0.268886834
am_0828_obj_054_碗3	obj_054_碗3	碗3	open_container	bowl	contain	1769	0.442715235	0.465898452	0.493862662	0.518231845	0.539944156	0.580900167	0.621626769	0.020	0.478469785	0.442715235
am_0829_obj_054_碗3	obj_054_碗3	碗3	open_container	bowl	grasp	799	0.342237779	0.389604274	0.443672389	0.489931555	0.532556281	0.593777297	0.635418034	0.020	0.478469785	0.342237779
am_0829_obj_054_碗3	obj_054_碗3	碗3	open_container	bowl	contain	1730	0.659291805	0.689447428	0.727852839	0.761763884	0.791157979	0.824409265	0.854210842	0.020	0.478469785	0.659291805
am_0830_obj_054_碗3	obj_054_碗3	碗3	open_container	bowl	grasp	803	0.273883661	0.319102061	0.363261116	0.402283280	0.434563610	0.493440400	0.534285889	0.020	0.478469785	0.273883661
am_0830_obj_054_碗3	obj_054_碗3	碗3	open_container	bowl	contain	1775	0.623782164	0.655074417	0.692434385	0.724755915	0.754415807	0.800786484	0.833722397	0.020	0.478469785	0.623782164
am_0831_obj_054_碗3	obj_054_碗3	碗3	open_container	bowl	grasp	820	0.291558394	0.335769045	0.384607866	0.432737542	0.467244294	0.522617885	0.562961281	0.020	0.478469785	0.291558394
am_0831_obj_054_碗3	obj_054_碗3	碗3	open_container	bowl	contain	1784	0.597537109	0.629857306	0.662627231	0.695558277	0.722175533	0.769090511	0.806940671	0.020	0.478469785	0.597537109
am_0832_obj_054_碗3	obj_054_碗3	碗3	open_container	bowl	grasp	801	0.359841376	0.412531249	0.469436098	0.512316513	0.552835854	0.605007259	0.646316252	0.020	0.478469785	0.359841376
am_0832_obj_054_碗3	obj_054_碗3	碗3	open_container	bowl	contain	1775	0.674157499	0.709800037	0.746827651	0.778579715	0.808595513	0.841819361	0.866471219	0.020	0.478469785	0.674157499
am_0833_obj_054_碗3	obj_054_碗3	碗3	open_container	bowl	grasp	799	0.242444272	0.276203873	0.318599221	0.359402145	0.392490722	0.438490975	0.479421523	0.020	0.478469785	0.242444272
am_0833_obj_054_碗3	obj_054_碗3	碗3	open_container	bowl	contain	1792	0.534910752	0.568733707	0.602705583	0.638325390	0.677938551	0.734470044	0.774715536	0.020	0.478469785	0.534910752
am_0834_obj_054_碗3	obj_054_碗3	碗3	open_container	bowl	grasp	788	0.380085427	0.434263685	0.498373901	0.544029134	0.589648445	0.668752236	0.721404762	0.020	0.478469785	0.380085427
am_0834_obj_054_碗3	obj_054_碗3	碗3	open_container	bowl	contain	1766	0.698844712	0.735686533	0.775021268	0.812165348	0.841574285	0.878006035	0.905779195	0.020	0.478469785	0.698844712
am_0835_obj_055_紧急呼叫器	obj_055_紧急呼叫器	紧急呼叫器	button	emergency_button	grasp	4096	0.875464515	0.891700713	0.904960793	0.914845055	0.921537417	0.931346825	0.938345204	0.020	0.478469785	0.875464515
am_0835_obj_055_紧急呼叫器	obj_055_紧急呼叫器	紧急呼叫器	button	emergency_button	press	664	0.718955580	0.770323963	0.823392571	0.853823956	0.885260561	0.907572532	0.913288629	0.020	0.478469785	0.718955580
am_0836_obj_055_紧急呼叫器	obj_055_紧急呼叫器	紧急呼叫器	button	emergency_button	grasp	4096	0.940282850	0.942739437	0.944377989	0.945645758	0.946406029	0.947248968	0.947988265	0.020	0.478469785	0.940282850
am_0836_obj_055_紧急呼叫器	obj_055_紧急呼叫器	紧急呼叫器	button	emergency_button	press	697	0.621416361	0.674495380	0.721618867	0.761488319	0.786915815	0.818787393	0.831788081	0.020	0.478469785	0.621416361
am_0837_obj_055_紧急呼叫器	obj_055_紧急呼叫器	紧急呼叫器	button	emergency_button	grasp	4096	0.759335091	0.782387197	0.803825587	0.822331658	0.837196440	0.860599774	0.880452453	0.020	0.478469785	0.759335091
am_0837_obj_055_紧急呼叫器	obj_055_紧急呼叫器	紧急呼叫器	button	emergency_button	press	698	0.721236461	0.769374877	0.809303082	0.832011363	0.844965126	0.868787389	0.877370546	0.020	0.478469785	0.721236461
am_0838_obj_055_紧急呼叫器	obj_055_紧急呼叫器	紧急呼叫器	button	emergency_button	grasp	4096	0.925790297	0.932796302	0.939351044	0.943634942	0.946270238	0.948993385	0.949875887	0.020	0.478469785	0.925790297
am_0838_obj_055_紧急呼叫器	obj_055_紧急呼叫器	紧急呼叫器	button	emergency_button	press	683	0.754050780	0.800236874	0.842950873	0.865706751	0.888400560	0.901742436	0.909499614	0.020	0.478469785	0.754050780
am_0839_obj_055_紧急呼叫器	obj_055_紧急呼叫器	紧急呼叫器	button	emergency_button	grasp	4096	0.739224018	0.761611412	0.783808543	0.802563183	0.818374776	0.846175246	0.870143939	0.020	0.478469785	0.739224018
am_0839_obj_055_紧急呼叫器	obj_055_紧急呼叫器	紧急呼叫器	button	emergency_button	press	666	0.700377128	0.743332468	0.790867095	0.815823402	0.830919770	0.852009667	0.862867737	0.020	0.478469785	0.700377128
am_0840_obj_055_紧急呼叫器	obj_055_紧急呼叫器	紧急呼叫器	button	emergency_button	grasp	4096	0.906955616	0.917351891	0.925849064	0.931840274	0.936008753	0.941159944	0.944869533	0.020	0.478469785	0.906955616
am_0840_obj_055_紧急呼叫器	obj_055_紧急呼叫器	紧急呼叫器	button	emergency_button	press	651	0.694149472	0.753111005	0.799916671	0.831307524	0.861838396	0.898276010	0.911609912	0.020	0.478469785	0.694149472
am_0841_obj_055_紧急呼叫器	obj_055_紧急呼叫器	紧急呼叫器	button	emergency_button	grasp	4096	0.817140531	0.835660290	0.853063782	0.868282481	0.881368529	0.900437571	0.914927022	0.020	0.478469785	0.817140531
am_0841_obj_055_紧急呼叫器	obj_055_紧急呼叫器	紧急呼叫器	button	emergency_button	press	679	0.608980135	0.658108939	0.706448744	0.751262649	0.781072140	0.815477199	0.833773950	0.020	0.478469785	0.608980135
am_0842_obj_055_紧急呼叫器	obj_055_紧急呼叫器	紧急呼叫器	button	emergency_button	grasp	4096	0.931165787	0.936459058	0.941127218	0.943822525	0.945853740	0.948254414	0.949413629	0.020	0.478469785	0.931165787
am_0842_obj_055_紧急呼叫器	obj_055_紧急呼叫器	紧急呼叫器	button	emergency_button	press	680	0.668333241	0.716290902	0.758257015	0.791206657	0.818524072	0.856748047	0.872451098	0.020	0.478469785	0.668333241
am_0843_obj_055_紧急呼叫器	obj_055_紧急呼叫器	紧急呼叫器	button	emergency_button	grasp	4096	0.939633526	0.942232937	0.944265083	0.945493434	0.946372844	0.947490889	0.948469242	0.020	0.478469785	0.939633526
am_0843_obj_055_紧急呼叫器	obj_055_紧急呼叫器	紧急呼叫器	button	emergency_button	press	691	0.618957885	0.658528994	0.688963530	0.716213502	0.748619736	0.774265305	0.783319449	0.020	0.478469785	0.618957885
am_0844_obj_055_紧急呼叫器	obj_055_紧急呼叫器	紧急呼叫器	button	emergency_button	grasp	4096	0.924555579	0.929730183	0.933888669	0.936826777	0.939022219	0.942457608	0.944976654	0.020	0.478469785	0.924555579
am_0844_obj_055_紧急呼叫器	obj_055_紧急呼叫器	紧急呼叫器	button	emergency_button	press	687	0.421049638	0.455276850	0.485974100	0.505272540	0.518777233	0.533985197	0.539362036	0.020	0.478469785	0.421049638
am_0845_obj_055_紧急呼叫器	obj_055_紧急呼叫器	紧急呼叫器	button	emergency_button	grasp	4096	0.854764582	0.870154816	0.883803002	0.895124887	0.904301964	0.918637664	0.928827708	0.020	0.478469785	0.854764582
am_0845_obj_055_紧急呼叫器	obj_055_紧急呼叫器	紧急呼叫器	button	emergency_button	press	694	0.698412712	0.748693353	0.792871931	0.816273021	0.840700942	0.867510445	0.883299988	0.020	0.478469785	0.698412712
am_0846_obj_055_紧急呼叫器	obj_055_紧急呼叫器	紧急呼叫器	button	emergency_button	grasp	4096	0.935299427	0.939473562	0.942492894	0.944382182	0.945747646	0.947430049	0.948222016	0.020	0.478469785	0.935299427
am_0846_obj_055_紧急呼叫器	obj_055_紧急呼叫器	紧急呼叫器	button	emergency_button	press	650	0.638219378	0.677276050	0.730144145	0.763312346	0.785991067	0.817054331	0.825147009	0.020	0.478469785	0.638219378
am_0847_obj_055_紧急呼叫器	obj_055_紧急呼叫器	紧急呼叫器	button	emergency_button	grasp	4096	0.581803898	0.613596736	0.647557614	0.678441346	0.704042824	0.745430757	0.777948293	0.020	0.478469785	0.581803898
am_0847_obj_055_紧急呼叫器	obj_055_紧急呼叫器	紧急呼叫器	button	emergency_button	press	680	0.213413390	0.229982840	0.248952019	0.266069652	0.279064773	0.301636241	0.318920834	0.020	0.478469785	0.213413390
am_0848_obj_055_紧急呼叫器	obj_055_紧急呼叫器	紧急呼叫器	button	emergency_button	grasp	4096	0.793535073	0.813040315	0.831803410	0.846607247	0.859980522	0.882736004	0.901523959	0.020	0.478469785	0.793535073
am_0848_obj_055_紧急呼叫器	obj_055_紧急呼叫器	紧急呼叫器	button	emergency_button	press	696	0.689084341	0.732846228	0.764418979	0.794028956	0.813519618	0.840284570	0.853286760	0.020	0.478469785	0.689084341
am_0849_obj_055_紧急呼叫器	obj_055_紧急呼叫器	紧急呼叫器	button	emergency_button	grasp	4096	0.891217499	0.903048413	0.913501892	0.922209331	0.928370113	0.936803600	0.941049019	0.020	0.478469785	0.891217499
am_0849_obj_055_紧急呼叫器	obj_055_紧急呼叫器	紧急呼叫器	button	emergency_button	press	667	0.277331960	0.296321186	0.315313556	0.328145813	0.339966704	0.352532725	0.359353052	0.020	0.478469785	0.277331960
am_0850_obj_056_苹果	obj_056_苹果	苹果	fruit	apple	grasp	4096	0.885793298	0.892377605	0.900140125	0.907580183	0.913579663	0.921858674	0.928484739	0.020	0.478469785	0.885793298
am_0851_obj_056_苹果	obj_056_苹果	苹果	fruit	apple	grasp	4096	0.889687128	0.897425001	0.905749137	0.912498108	0.918698687	0.929708686	0.936595294	0.020	0.478469785	0.889687128
am_0852_obj_056_苹果	obj_056_苹果	苹果	fruit	apple	grasp	4096	0.884160635	0.890144937	0.897753726	0.904462369	0.910321400	0.920207578	0.927700822	0.020	0.478469785	0.884160635
am_0853_obj_056_苹果	obj_056_苹果	苹果	fruit	apple	grasp	4096	0.843039417	0.852391325	0.863186744	0.873780521	0.882879445	0.897888728	0.910628453	0.020	0.478469785	0.843039417
am_0854_obj_056_苹果	obj_056_苹果	苹果	fruit	apple	grasp	4096	0.884632491	0.891515174	0.900586761	0.909083504	0.915897760	0.925784476	0.932106346	0.020	0.478469785	0.884632491
am_0855_obj_056_苹果	obj_056_苹果	苹果	fruit	apple	grasp	4096	0.880649305	0.888279544	0.897743542	0.906515291	0.913638129	0.923823980	0.930791080	0.020	0.478469785	0.880649305
am_0856_obj_056_苹果	obj_056_苹果	苹果	fruit	apple	grasp	4096	0.847542924	0.855254392	0.865676572	0.875311003	0.883114073	0.899053186	0.910574685	0.020	0.478469785	0.847542924
am_0857_obj_056_苹果	obj_056_苹果	苹果	fruit	apple	grasp	4096	0.883780884	0.891635978	0.900527885	0.908152976	0.915213524	0.925577202	0.933188512	0.020	0.478469785	0.883780884
am_0858_obj_056_苹果	obj_056_苹果	苹果	fruit	apple	grasp	4096	0.869514212	0.876980730	0.887775483	0.897315931	0.904632670	0.918021579	0.927641857	0.020	0.478469785	0.869514212
am_0859_obj_056_苹果	obj_056_苹果	苹果	fruit	apple	grasp	4096	0.889356568	0.895275461	0.902099555	0.910014379	0.916501440	0.927986591	0.935379801	0.020	0.478469785	0.889356568
am_0860_obj_056_苹果	obj_056_苹果	苹果	fruit	apple	grasp	4096	0.890350728	0.896415046	0.903895437	0.910051861	0.915754011	0.925622832	0.932477838	0.020	0.478469785	0.890350728
am_0861_obj_056_苹果	obj_056_苹果	苹果	fruit	apple	grasp	4096	0.876708385	0.885746776	0.896073302	0.903929428	0.911072209	0.922040471	0.930326852	0.020	0.478469785	0.876708385
am_0862_obj_056_苹果	obj_056_苹果	苹果	fruit	apple	grasp	4096	0.900411031	0.905931492	0.912978624	0.919426880	0.924241310	0.932779088	0.938107869	0.020	0.478469785	0.900411031
am_0863_obj_056_苹果	obj_056_苹果	苹果	fruit	apple	grasp	4096	0.877861520	0.887602836	0.896984258	0.906511377	0.914552950	0.926637869	0.935133306	0.020	0.478469785	0.877861520
am_0864_obj_056_苹果	obj_056_苹果	苹果	fruit	apple	grasp	4096	0.862339334	0.868893013	0.878185834	0.886094826	0.894073336	0.907525562	0.917741651	0.020	0.478469785	0.862339334
am_0865_obj_057_药品	obj_057_药品	药品	medicine_box	medicine_box	grasp	1777	0.470934070	0.564023443	0.608613525	0.634474631	0.657161860	0.696785981	0.730123179	0.020	0.478469785	0.470934070
am_0865_obj_057_药品	obj_057_药品	药品	medicine_box	medicine_box	open	229	0.542549044	0.698796112	0.765414343	0.817353791	0.849339837	0.892875080	0.907849205	0.020	0.478469785	0.542549044
am_0866_obj_057_药品	obj_057_药品	药品	medicine_box	medicine_box	grasp	1763	0.446397171	0.527487865	0.564840339	0.591937609	0.611151342	0.643435594	0.672483902	0.020	0.478469785	0.446397171
am_0866_obj_057_药品	obj_057_药品	药品	medicine_box	medicine_box	open	219	0.540381891	0.673769879	0.735541292	0.777614333	0.811202553	0.836408894	0.853450892	0.020	0.478469785	0.540381891
am_0867_obj_057_药品	obj_057_药品	药品	medicine_box	medicine_box	grasp	1765	0.458431115	0.542340573	0.588333578	0.617432849	0.643004818	0.678311714	0.707389127	0.020	0.478469785	0.458431115
am_0867_obj_057_药品	obj_057_药品	药品	medicine_box	medicine_box	open	225	0.630519158	0.775745006	0.827386459	0.855530785	0.876295403	0.905089333	0.908417763	0.020	0.478469785	0.630519158
am_0868_obj_057_药品	obj_057_药品	药品	medicine_box	medicine_box	grasp	1724	0.497793505	0.598503930	0.648516597	0.685033093	0.712752615	0.755225110	0.788068242	0.020	0.478469785	0.497793505
am_0868_obj_057_药品	obj_057_药品	药品	medicine_box	medicine_box	open	238	0.338415267	0.417668190	0.458543258	0.504368346	0.538894875	0.582321761	0.616580836	0.020	0.478469785	0.338415267
am_0869_obj_057_药品	obj_057_药品	药品	medicine_box	medicine_box	grasp	1748	0.517137123	0.629213147	0.677417347	0.708004063	0.729013728	0.761277906	0.787437887	0.020	0.478469785	0.517137123
am_0869_obj_057_药品	obj_057_药品	药品	medicine_box	medicine_box	open	236	0.615692497	0.742801749	0.792663253	0.819211027	0.854458578	0.884934643	0.895076063	0.020	0.478469785	0.615692497
am_0870_obj_057_药品	obj_057_药品	药品	medicine_box	medicine_box	grasp	1745	0.441509953	0.539307328	0.585787581	0.617346351	0.643307714	0.683180542	0.714951953	0.020	0.478469785	0.441509953
am_0870_obj_057_药品	obj_057_药品	药品	medicine_box	medicine_box	open	217	0.409922514	0.501314802	0.553300744	0.585153104	0.604345786	0.634177716	0.655224851	0.020	0.478469785	0.409922514
am_0871_obj_057_药品	obj_057_药品	药品	medicine_box	medicine_box	grasp	1770	0.483871410	0.591433061	0.634185927	0.662505517	0.683032293	0.717430794	0.746481697	0.020	0.478469785	0.483871410
am_0871_obj_057_药品	obj_057_药品	药品	medicine_box	medicine_box	open	236	0.455668375	0.556587929	0.637595688	0.678848600	0.731474734	0.804428412	0.843918253	0.020	0.478469785	0.455668375
am_0872_obj_057_药品	obj_057_药品	药品	medicine_box	medicine_box	grasp	1691	0.507048815	0.623177395	0.666481095	0.700124721	0.721545226	0.753615012	0.781756566	0.020	0.478469785	0.507048815
am_0872_obj_057_药品	obj_057_药品	药品	medicine_box	medicine_box	open	238	0.299799966	0.379009094	0.424699224	0.467250743	0.507901988	0.592692548	0.634974714	0.020	0.478469785	0.299799966
am_0873_obj_057_药品	obj_057_药品	药品	medicine_box	medicine_box	grasp	1705	0.460589342	0.568799961	0.621377735	0.655846798	0.681788615	0.721323038	0.755664632	0.020	0.478469785	0.460589342
am_0873_obj_057_药品	obj_057_药品	药品	medicine_box	medicine_box	open	240	0.494750329	0.610228393	0.673812848	0.723187857	0.751325005	0.795175367	0.817320216	0.020	0.478469785	0.494750329
am_0874_obj_057_药品	obj_057_药品	药品	medicine_box	medicine_box	grasp	1731	0.484038631	0.582182488	0.627682162	0.657601523	0.681337202	0.716027069	0.747422342	0.020	0.478469785	0.484038631
am_0874_obj_057_药品	obj_057_药品	药品	medicine_box	medicine_box	open	225	0.403735902	0.525828484	0.574807016	0.607842207	0.637727082	0.729635298	0.763089844	0.020	0.478469785	0.403735902
am_0875_obj_057_药品	obj_057_药品	药品	medicine_box	medicine_box	grasp	1760	0.501549329	0.629530471	0.686107271	0.721727904	0.746206717	0.782369229	0.807698903	0.020	0.478469785	0.501549329
am_0875_obj_057_药品	obj_057_药品	药品	medicine_box	medicine_box	open	245	0.004935141	0.006107470	0.006571212	0.007242780	0.007781214	0.009010607	0.010202194	0.020	0.478469785	0.004935141
am_0876_obj_057_药品	obj_057_药品	药品	medicine_box	medicine_box	grasp	1760	0.490314451	0.586917779	0.632708497	0.662580255	0.685855502	0.724444590	0.756023852	0.020	0.478469785	0.490314451
am_0876_obj_057_药品	obj_057_药品	药品	medicine_box	medicine_box	open	222	0.375460645	0.456371196	0.506702980	0.549481946	0.579675662	0.627557798	0.659452068	0.020	0.478469785	0.375460645
am_0877_obj_057_药品	obj_057_药品	药品	medicine_box	medicine_box	grasp	1819	0.517267373	0.637805669	0.686852049	0.719697566	0.742596278	0.780898662	0.810487423	0.020	0.478469785	0.517267373
am_0877_obj_057_药品	obj_057_药品	药品	medicine_box	medicine_box	open	241	0.004028320	0.005065918	0.005566406	0.006237793	0.006872559	0.008142090	0.009497070	0.020	0.478469785	0.004028320
am_0878_obj_057_药品	obj_057_药品	药品	medicine_box	medicine_box	grasp	1721	0.477638193	0.579126485	0.628546964	0.655506044	0.678231822	0.712173888	0.740963326	0.020	0.478469785	0.477638193
am_0878_obj_057_药品	obj_057_药品	药品	medicine_box	medicine_box	open	235	0.655455765	0.775514715	0.820392261	0.847080263	0.868631400	0.896416018	0.904118966	0.020	0.478469785	0.655455765
am_0879_obj_057_药品	obj_057_药品	药品	medicine_box	medicine_box	grasp	1750	0.496223949	0.602551454	0.648095180	0.677551999	0.701765171	0.737285785	0.766003770	0.020	0.478469785	0.496223949
am_0879_obj_057_药品	obj_057_药品	药品	medicine_box	medicine_box	open	226	0.571751268	0.701345556	0.759981440	0.793639497	0.818666164	0.870187614	0.892944072	0.020	0.478469785	0.571751268
am_0880_obj_058_药品2	obj_058_药品2	药品2	medicine_box	medicine_box	grasp	1741	0.531929714	0.627858257	0.669928684	0.701787383	0.725828071	0.769945579	0.809015485	0.020	0.478469785	0.531929714
am_0880_obj_058_药品2	obj_058_药品2	药品2	medicine_box	medicine_box	open	242	0.004345703	0.004870605	0.005529785	0.006225586	0.006933594	0.008239746	0.009387207	0.020	0.478469785	0.004345703
am_0881_obj_058_药品2	obj_058_药品2	药品2	medicine_box	medicine_box	grasp	1729	0.437991382	0.525477149	0.562737860	0.591299282	0.614332719	0.656893154	0.696272764	0.020	0.478469785	0.437991382
am_0881_obj_058_药品2	obj_058_药品2	药品2	medicine_box	medicine_box	open	226	0.003771973	0.004516602	0.005261230	0.006326445	0.007169684	0.008440518	0.009505430	0.020	0.478469785	0.003771973
am_0882_obj_058_药品2	obj_058_药品2	药品2	medicine_box	medicine_box	grasp	1677	0.469649144	0.569074229	0.608851313	0.636392464	0.657822133	0.698833653	0.736723838	0.020	0.478469785	0.469649144
am_0882_obj_058_药品2	obj_058_药品2	药品2	medicine_box	medicine_box	open	230	0.251740751	0.302759344	0.338855870	0.372276328	0.395552771	0.427093183	0.453608723	0.020	0.478469785	0.251740751
am_0883_obj_058_药品2	obj_058_药品2	药品2	medicine_box	medicine_box	grasp	1676	0.371745988	0.453874843	0.483005843	0.504672540	0.525336720	0.561736324	0.598281018	0.020	0.478469785	0.371745988
am_0883_obj_058_药品2	obj_058_药品2	药品2	medicine_box	medicine_box	open	240	0.004862466	0.005395535	0.006075489	0.006525824	0.007179295	0.008508057	0.009398030	0.020	0.478469785	0.004862466
am_0884_obj_058_药品2	obj_058_药品2	药品2	medicine_box	medicine_box	grasp	1736	0.520146543	0.612482978	0.650791762	0.681621463	0.709287306	0.753047424	0.789095495	0.020	0.478469785	0.520146543
am_0884_obj_058_药品2	obj_058_药品2	药品2	medicine_box	medicine_box	open	233	0.344044810	0.402899660	0.447821210	0.482407135	0.501729934	0.524295737	0.538789149	0.020	0.478469785	0.344044810
am_0885_obj_058_药品2	obj_058_药品2	药品2	medicine_box	medicine_box	grasp	1718	0.391737859	0.451999920	0.480581648	0.502435772	0.523540181	0.561610037	0.597730754	0.020	0.478469785	0.391737859
am_0885_obj_058_药品2	obj_058_药品2	药品2	medicine_box	medicine_box	open	236	0.586210596	0.678920175	0.760470211	0.827585834	0.869602862	0.898589704	0.906563144	0.020	0.478469785	0.586210596
am_0886_obj_058_药品2	obj_058_药品2	药品2	medicine_box	medicine_box	grasp	1710	0.461735738	0.554446196	0.596660808	0.628741396	0.653285866	0.694752553	0.732364886	0.020	0.478469785	0.461735738
am_0886_obj_058_药品2	obj_058_药品2	药品2	medicine_box	medicine_box	open	250	0.035611699	0.038597244	0.041017389	0.042716119	0.044713234	0.046613299	0.048923274	0.020	0.478469785	0.035611699
am_0887_obj_058_药品2	obj_058_药品2	药品2	medicine_box	medicine_box	grasp	1756	0.445129036	0.528838657	0.567467748	0.600889224	0.622168551	0.659458011	0.694168096	0.020	0.478469785	0.445129036
am_0887_obj_058_药品2	obj_058_药品2	药品2	medicine_box	medicine_box	open	240	0.602239868	0.678131364	0.743630554	0.810075994	0.848009079	0.873827538	0.878048523	0.020	0.478469785	0.602239868
am_0888_obj_058_药品2	obj_058_药品2	药品2	medicine_box	medicine_box	grasp	1787	0.513870143	0.618792001	0.665382892	0.696294622	0.724807825	0.767742181	0.802227888	0.020	0.478469785	0.513870143
am_0888_obj_058_药品2	obj_058_药品2	药品2	medicine_box	medicine_box	open	234	0.612680821	0.693465582	0.751839868	0.788628928	0.816607416	0.837157029	0.844411179	0.020	0.478469785	0.612680821
am_0889_obj_058_药品2	obj_058_药品2	药品2	medicine_box	medicine_box	grasp	1705	0.473872904	0.563276176	0.607917831	0.639733947	0.666977707	0.716128386	0.758527879	0.020	0.478469785	0.473872904
am_0889_obj_058_药品2	obj_058_药品2	药品2	medicine_box	medicine_box	open	229	0.549810709	0.624377364	0.671668760	0.699971299	0.735693082	0.783072750	0.831703480	0.020	0.478469785	0.549810709
am_0890_obj_058_药品2	obj_058_药品2	药品2	medicine_box	medicine_box	grasp	1659	0.372181999	0.441512674	0.473233477	0.497861696	0.519653941	0.563088890	0.609468330	0.020	0.478469785	0.372181999
am_0890_obj_058_药品2	obj_058_药品2	药品2	medicine_box	medicine_box	open	246	0.346331344	0.418125122	0.457264771	0.507276504	0.565498112	0.634533695	0.664439755	0.020	0.478469785	0.346331344
am_0891_obj_058_药品2	obj_058_药品2	药品2	medicine_box	medicine_box	grasp	1728	0.368025014	0.438335215	0.473955207	0.500166113	0.525834647	0.572689200	0.620171875	0.020	0.478469785	0.368025014
am_0891_obj_058_药品2	obj_058_药品2	药品2	medicine_box	medicine_box	open	248	0.006117804	0.007430591	0.008535674	0.009766165	0.011341009	0.012979438	0.014373279	0.020	0.478469785	0.006117804
am_0892_obj_058_药品2	obj_058_药品2	药品2	medicine_box	medicine_box	grasp	1740	0.450033052	0.534446108	0.572091390	0.602002722	0.628402253	0.675278088	0.715655576	0.020	0.478469785	0.450033052
am_0892_obj_058_药品2	obj_058_药品2	药品2	medicine_box	medicine_box	open	246	0.006587300	0.007046622	0.007935276	0.008732621	0.009654475	0.010948046	0.012088968	0.020	0.478469785	0.006587300
am_0893_obj_058_药品2	obj_058_药品2	药品2	medicine_box	medicine_box	grasp	1719	0.484321144	0.584403660	0.628142482	0.656635622	0.680558543	0.720023007	0.755608878	0.020	0.478469785	0.484321144
am_0893_obj_058_药品2	obj_058_药品2	药品2	medicine_box	medicine_box	open	249	0.439591926	0.501219924	0.547607115	0.582552681	0.613174064	0.648749239	0.676093596	0.020	0.478469785	0.439591926
am_0894_obj_058_药品2	obj_058_药品2	药品2	medicine_box	medicine_box	grasp	1740	0.462792255	0.551610540	0.593499503	0.622808703	0.649578467	0.694202169	0.732545543	0.020	0.478469785	0.462792255
am_0894_obj_058_药品2	obj_058_药品2	药品2	medicine_box	medicine_box	open	218	0.495747213	0.559728514	0.611873173	0.656367114	0.698056834	0.733983550	0.771730649	0.020	0.478469785	0.495747213
am_0895_obj_059_药品3	obj_059_药品3	药品3	medicine_box	medicine_box	grasp	1824	0.363607526	0.419821892	0.445161179	0.463507564	0.481989174	0.514572937	0.543396115	0.020	0.478469785	0.363607526
am_0895_obj_059_药品3	obj_059_药品3	药品3	medicine_box	medicine_box	open	283	0.575521677	0.641135699	0.699747473	0.737292092	0.765928078	0.828164517	0.858169457	0.020	0.478469785	0.575521677
am_0896_obj_059_药品3	obj_059_药品3	药品3	medicine_box	medicine_box	grasp	1806	0.448661597	0.541544982	0.579807209	0.609893159	0.638420711	0.684363652	0.725058614	0.020	0.478469785	0.448661597
am_0896_obj_059_药品3	obj_059_药品3	药品3	medicine_box	medicine_box	open	264	0.028148555	0.032099479	0.035292722	0.036687697	0.038369596	0.041458730	0.044536011	0.020	0.478469785	0.028148555
am_0897_obj_059_药品3	obj_059_药品3	药品3	medicine_box	medicine_box	grasp	1832	0.412139082	0.487117551	0.518100171	0.542558739	0.562047447	0.601692052	0.640013900	0.020	0.478469785	0.412139082
am_0897_obj_059_药品3	obj_059_药品3	药品3	medicine_box	medicine_box	open	246	0.721392217	0.812482511	0.862636830	0.890188855	0.900544241	0.906063314	0.907454519	0.020	0.478469785	0.721392217
am_0898_obj_059_药品3	obj_059_药品3	药品3	medicine_box	medicine_box	grasp	1810	0.366078226	0.427421886	0.450555429	0.470963830	0.488878651	0.525310098	0.562702977	0.020	0.478469785	0.366078226
am_0898_obj_059_药品3	obj_059_药品3	药品3	medicine_box	medicine_box	open	255	0.609671042	0.710178720	0.774027244	0.822013350	0.848264731	0.883961947	0.898250728	0.020	0.478469785	0.609671042
am_0899_obj_059_药品3	obj_059_药品3	药品3	medicine_box	medicine_box	grasp	1842	0.496670853	0.578277104	0.610786009	0.637710773	0.661591085	0.707651930	0.752595649	0.020	0.478469785	0.496670853
am_0899_obj_059_药品3	obj_059_药品3	药品3	medicine_box	medicine_box	open	264	0.531896774	0.600928784	0.647611318	0.684259567	0.708356755	0.736859845	0.763197238	0.020	0.478469785	0.531896774
am_0900_obj_059_药品3	obj_059_药品3	药品3	medicine_box	medicine_box	grasp	1844	0.475157346	0.557507440	0.590873175	0.616326335	0.637953061	0.676930224	0.714399513	0.020	0.478469785	0.475157346
am_0900_obj_059_药品3	obj_059_药品3	药品3	medicine_box	medicine_box	open	259	0.590740817	0.653085289	0.700612934	0.729828896	0.748091228	0.774237886	0.791202792	0.020	0.478469785	0.590740817
am_0901_obj_059_药品3	obj_059_药品3	药品3	medicine_box	medicine_box	grasp	1782	0.345543271	0.423225525	0.452651608	0.473784921	0.492305780	0.528132833	0.558905582	0.020	0.478469785	0.345543271
am_0901_obj_059_药品3	obj_059_药品3	药品3	medicine_box	medicine_box	open	253	0.014881145	0.016396936	0.017333696	0.018125822	0.018904966	0.020404047	0.021538824	0.020	0.478469785	0.014881145
am_0902_obj_059_药品3	obj_059_药品3	药品3	medicine_box	medicine_box	grasp	1853	0.452300774	0.528301540	0.559571036	0.586066583	0.609731503	0.654072478	0.695565090	0.020	0.478469785	0.452300774
am_0902_obj_059_药品3	obj_059_药品3	药品3	medicine_box	medicine_box	open	268	0.128347486	0.145404298	0.157874485	0.166278051	0.169884150	0.176389069	0.181470583	0.020	0.478469785	0.128347486
am_0903_obj_059_药品3	obj_059_药品3	药品3	medicine_box	medicine_box	grasp	1746	0.475169584	0.555733603	0.586454428	0.611768518	0.634075624	0.676199729	0.713002610	0.020	0.478469785	0.475169584
am_0903_obj_059_药品3	obj_059_药品3	药品3	medicine_box	medicine_box	open	265	0.496262626	0.569181351	0.608420301	0.645970155	0.676753107	0.711748941	0.741489411	0.020	0.478469785	0.496262626
am_0904_obj_059_药品3	obj_059_药品3	药品3	medicine_box	medicine_box	grasp	1835	0.414907828	0.469311902	0.497080627	0.523176415	0.543991889	0.581240186	0.616930028	0.020	0.478469785	0.414907828
am_0904_obj_059_药品3	obj_059_药品3	药品3	medicine_box	medicine_box	open	276	0.677717274	0.756652893	0.810478058	0.847808552	0.858338567	0.876831417	0.884740825	0.020	0.478469785	0.677717274
am_0905_obj_059_药品3	obj_059_药品3	药品3	medicine_box	medicine_box	grasp	1799	0.378939769	0.431423213	0.457983813	0.480590571	0.501718469	0.545756277	0.591546943	0.020	0.478469785	0.378939769
am_0905_obj_059_药品3	obj_059_药品3	药品3	medicine_box	medicine_box	open	249	0.298904440	0.367138354	0.432032325	0.483915812	0.511470843	0.606711561	0.661167498	0.020	0.478469785	0.298904440
am_0906_obj_059_药品3	obj_059_药品3	药品3	medicine_box	medicine_box	grasp	1853	0.339189004	0.400616673	0.424548012	0.444656645	0.461358924	0.496492936	0.532203437	0.020	0.478469785	0.339189004
am_0906_obj_059_药品3	obj_059_药品3	药品3	medicine_box	medicine_box	open	245	0.648788751	0.721101277	0.793560600	0.851536795	0.878040196	0.902840959	0.908818329	0.020	0.478469785	0.648788751
am_0907_obj_059_药品3	obj_059_药品3	药品3	medicine_box	medicine_box	grasp	1812	0.472146374	0.568909642	0.602848092	0.628522543	0.652752339	0.693114149	0.733107704	0.020	0.478469785	0.472146374
am_0907_obj_059_药品3	obj_059_药品3	药品3	medicine_box	medicine_box	open	270	0.092078002	0.106148429	0.111895255	0.117152894	0.120604176	0.127132968	0.134151560	0.020	0.478469785	0.092078002
am_0908_obj_059_药品3	obj_059_药品3	药品3	medicine_box	medicine_box	grasp	1815	0.291723207	0.332921275	0.351893051	0.367622132	0.382669729	0.409665584	0.438599370	0.020	0.478469785	0.291723207
am_0908_obj_059_药品3	obj_059_药品3	药品3	medicine_box	medicine_box	open	241	0.593982498	0.659868859	0.720895255	0.785669039	0.825254710	0.886751720	0.904547192	0.020	0.478469785	0.593982498
am_0909_obj_059_药品3	obj_059_药品3	药品3	medicine_box	medicine_box	grasp	1869	0.500939434	0.588336877	0.627770416	0.656037918	0.684845591	0.727723653	0.764343070	0.020	0.478469785	0.500939434
am_0909_obj_059_药品3	obj_059_药品3	药品3	medicine_box	medicine_box	open	273	0.677593683	0.757368251	0.806181666	0.832615036	0.856851918	0.878431628	0.888397416	0.020	0.478469785	0.677593683
am_0910_obj_060_菜板2	obj_060_菜板2	菜板2	cutting_board	cutting_board	place	1493	0.401415806	0.411698958	0.423023382	0.437117319	0.451811479	0.483195812	0.512787028	0.020	0.478469785	0.401415806
am_0911_obj_060_菜板2	obj_060_菜板2	菜板2	cutting_board	cutting_board	place	1527	0.433766861	0.446296479	0.460905147	0.477724026	0.492334627	0.525567644	0.552712069	0.020	0.478469785	0.433766861
am_0912_obj_060_菜板2	obj_060_菜板2	菜板2	cutting_board	cutting_board	place	1549	0.397241218	0.408902929	0.420971098	0.434927683	0.449901923	0.474917944	0.496051669	0.020	0.478469785	0.397241218
am_0913_obj_060_菜板2	obj_060_菜板2	菜板2	cutting_board	cutting_board	place	1555	0.337735632	0.347968839	0.358134711	0.368479354	0.378827023	0.399489574	0.420485831	0.020	0.478469785	0.337735632
am_0914_obj_060_菜板2	obj_060_菜板2	菜板2	cutting_board	cutting_board	place	1531	0.343801287	0.353076820	0.362573612	0.374698591	0.386435494	0.411203618	0.436271667	0.020	0.478469785	0.343801287
am_0915_obj_060_菜板2	obj_060_菜板2	菜板2	cutting_board	cutting_board	place	1500	0.381193923	0.391167991	0.402149546	0.414032774	0.425265695	0.449735400	0.471851451	0.020	0.478469785	0.381193923
am_0916_obj_060_菜板2	obj_060_菜板2	菜板2	cutting_board	cutting_board	place	1476	0.456479657	0.468524232	0.483975806	0.500376870	0.517217960	0.553149461	0.584558705	0.020	0.478469785	0.456479657
am_0917_obj_060_菜板2	obj_060_菜板2	菜板2	cutting_board	cutting_board	place	1541	0.367065483	0.377274892	0.388880784	0.400733923	0.413064233	0.440233688	0.466447705	0.020	0.478469785	0.367065483
am_0918_obj_060_菜板2	obj_060_菜板2	菜板2	cutting_board	cutting_board	place	1538	0.334042275	0.341299668	0.350610879	0.360057867	0.370138838	0.390892044	0.411048486	0.020	0.478469785	0.334042275
am_0919_obj_060_菜板2	obj_060_菜板2	菜板2	cutting_board	cutting_board	place	1512	0.359066201	0.367609642	0.378253554	0.388680323	0.399233296	0.422850157	0.447788670	0.020	0.478469785	0.359066201
am_0920_obj_060_菜板2	obj_060_菜板2	菜板2	cutting_board	cutting_board	place	1552	0.339135559	0.348253390	0.358265977	0.368446696	0.380506765	0.402938343	0.425611495	0.020	0.478469785	0.339135559
am_0921_obj_060_菜板2	obj_060_菜板2	菜板2	cutting_board	cutting_board	place	1533	0.380504007	0.391896894	0.403678048	0.416136011	0.428842657	0.456600793	0.483170108	0.020	0.478469785	0.380504007
am_0922_obj_060_菜板2	obj_060_菜板2	菜板2	cutting_board	cutting_board	place	1553	0.300941527	0.309122714	0.318158654	0.327081674	0.337474457	0.356695727	0.376918878	0.020	0.478469785	0.300941527
am_0923_obj_060_菜板2	obj_060_菜板2	菜板2	cutting_board	cutting_board	place	1516	0.289914046	0.297101510	0.305382180	0.313126219	0.321898146	0.340322108	0.359609516	0.020	0.478469785	0.289914046
am_0924_obj_060_菜板2	obj_060_菜板2	菜板2	cutting_board	cutting_board	place	1589	0.340948627	0.350896697	0.361580887	0.372646937	0.383433685	0.406742290	0.432153946	0.020	0.478469785	0.340948627
am_0925_obj_061_西瓜	obj_061_西瓜	西瓜	fruit	watermelon	grasp	4096	0.948953849	0.949369227	0.949726300	0.949813061	0.950000000	0.950000000	0.950000000	0.020	0.478469785	0.948953849
am_0926_obj_061_西瓜	obj_061_西瓜	西瓜	fruit	watermelon	grasp	4096	0.949156275	0.949461026	0.949840237	0.949938408	0.949963027	0.950000000	0.950000000	0.020	0.478469785	0.949156275
am_0927_obj_061_西瓜	obj_061_西瓜	西瓜	fruit	watermelon	grasp	4096	0.950000000	0.950000000	0.950000000	0.950000000	0.950000000	0.950000000	0.950000000	0.020	0.478469785	0.950000000
am_0928_obj_061_西瓜	obj_061_西瓜	西瓜	fruit	watermelon	grasp	4096	0.949914149	0.949975430	0.950000000	0.950000000	0.950000000	0.950000000	0.950000000	0.020	0.478469785	0.949914149
am_0929_obj_061_西瓜	obj_061_西瓜	西瓜	fruit	watermelon	grasp	4096	0.949497548	0.949839823	0.949938272	0.950000000	0.950000000	0.950000000	0.950000000	0.020	0.478469785	0.949497548
am_0930_obj_061_西瓜	obj_061_西瓜	西瓜	fruit	watermelon	grasp	4096	0.949644421	0.949889135	0.949975321	0.950000000	0.950000000	0.950000000	0.950000000	0.020	0.478469785	0.949644421
am_0931_obj_061_西瓜	obj_061_西瓜	西瓜	fruit	watermelon	grasp	4096	0.949753452	0.949962862	0.950000000	0.950000000	0.950000000	0.950000000	0.950000000	0.020	0.478469785	0.949753452
am_0932_obj_061_西瓜	obj_061_西瓜	西瓜	fruit	watermelon	grasp	4096	0.949376704	0.949571956	0.949755148	0.949901928	0.950000000	0.950000000	0.950000000	0.020	0.478469785	0.949376704
am_0933_obj_061_西瓜	obj_061_西瓜	西瓜	fruit	watermelon	grasp	4096	0.949975466	0.950000000	0.950000000	0.950000000	0.950000000	0.950000000	0.950000000	0.020	0.478469785	0.949975466
am_0934_obj_061_西瓜	obj_061_西瓜	西瓜	fruit	watermelon	grasp	4096	0.949938815	0.950000000	0.950000000	0.950000000	0.950000000	0.950000000	0.950000000	0.020	0.478469785	0.949938815
am_0935_obj_061_西瓜	obj_061_西瓜	西瓜	fruit	watermelon	grasp	4096	0.949975490	0.950000000	0.950000000	0.950000000	0.950000000	0.950000000	0.950000000	0.020	0.478469785	0.949975490
am_0936_obj_061_西瓜	obj_061_西瓜	西瓜	fruit	watermelon	grasp	4096	0.949456522	0.949875436	0.949987516	0.950000000	0.950000000	0.950000000	0.950000000	0.020	0.478469785	0.949456522
am_0937_obj_061_西瓜	obj_061_西瓜	西瓜	fruit	watermelon	grasp	4096	0.949580661	0.949913087	0.950000000	0.950000000	0.950000000	0.950000000	0.950000000	0.020	0.478469785	0.949580661
am_0938_obj_061_西瓜	obj_061_西瓜	西瓜	fruit	watermelon	grasp	4096	0.949791103	0.949975333	0.950000000	0.950000000	0.950000000	0.950000000	0.950000000	0.020	0.478469785	0.949791103
am_0939_obj_061_西瓜	obj_061_西瓜	西瓜	fruit	watermelon	grasp	4096	0.949605814	0.949888503	0.949987587	0.950000000	0.950000000	0.950000000	0.950000000	0.020	0.478469785	0.949605814
am_0940_obj_062_轮椅	obj_062_轮椅	轮椅	chair	wheelchair	sit	1173	0.627071499	0.697486489	0.764828359	0.821203028	0.871407158	0.915049408	0.930180544	0.020	0.478469785	0.627071499
am_0940_obj_062_轮椅	obj_062_轮椅	轮椅	chair	wheelchair	lean	733	0.379308158	0.412443718	0.443361284	0.470925418	0.496898900	0.574088078	0.617370089	0.020	0.478469785	0.379308158
am_0940_obj_062_轮椅	obj_062_轮椅	轮椅	chair	wheelchair	grasp	232	0.482745520	0.515822675	0.547384953	0.579885200	0.606613351	0.670766322	0.726857916	0.020	0.478469785	0.482745520
am_0941_obj_062_轮椅	obj_062_轮椅	轮椅	chair	wheelchair	sit	1159	0.779949103	0.842232005	0.881810481	0.902234938	0.912926147	0.922775345	0.927958939	0.020	0.478469785	0.779949103
am_0941_obj_062_轮椅	obj_062_轮椅	轮椅	chair	wheelchair	lean	722	0.667103318	0.727120988	0.775979489	0.813088926	0.833479268	0.856089419	0.864435965	0.020	0.478469785	0.667103318
am_0941_obj_062_轮椅	obj_062_轮椅	轮椅	chair	wheelchair	grasp	234	0.787449610	0.817394089	0.840150174	0.882316748	0.895963254	0.903040172	0.904613787	0.020	0.478469785	0.787449610
am_0942_obj_062_轮椅	obj_062_轮椅	轮椅	chair	wheelchair	sit	1197	0.775817719	0.833277940	0.870957806	0.897166424	0.911968063	0.924895852	0.930124661	0.020	0.478469785	0.775817719
am_0942_obj_062_轮椅	obj_062_轮椅	轮椅	chair	wheelchair	lean	715	0.749163990	0.803762405	0.834927487	0.853254308	0.866294477	0.905225137	0.912551838	0.020	0.478469785	0.749163990
am_0942_obj_062_轮椅	obj_062_轮椅	轮椅	chair	wheelchair	grasp	244	0.721769457	0.747964537	0.766437892	0.791226057	0.801752909	0.841497555	0.871705665	0.020	0.478469785	0.721769457
am_0943_obj_062_轮椅	obj_062_轮椅	轮椅	chair	wheelchair	sit	1167	0.745331229	0.803941710	0.853246687	0.881986919	0.903567491	0.922989048	0.929850377	0.020	0.478469785	0.745331229
am_0943_obj_062_轮椅	obj_062_轮椅	轮椅	chair	wheelchair	lean	699	0.723893421	0.770550678	0.806895640	0.835484376	0.874262953	0.908160691	0.915750716	0.020	0.478469785	0.723893421
am_0943_obj_062_轮椅	obj_062_轮椅	轮椅	chair	wheelchair	grasp	250	0.786751069	0.801297374	0.824944783	0.834348017	0.852019822	0.871390812	0.879701858	0.020	0.478469785	0.786751069
am_0944_obj_062_轮椅	obj_062_轮椅	轮椅	chair	wheelchair	sit	1200	0.636109943	0.711313505	0.780782197	0.844524341	0.879977172	0.916831514	0.930109839	0.020	0.478469785	0.636109943
am_0944_obj_062_轮椅	obj_062_轮椅	轮椅	chair	wheelchair	lean	697	0.358622600	0.386569058	0.409052335	0.434646687	0.463446619	0.592980007	0.645864865	0.020	0.478469785	0.358622600
am_0944_obj_062_轮椅	obj_062_轮椅	轮椅	chair	wheelchair	grasp	257	0.741282916	0.769751636	0.786947753	0.797507968	0.807767281	0.829801883	0.840161648	0.020	0.478469785	0.741282916
am_0945_obj_062_轮椅	obj_062_轮椅	轮椅	chair	wheelchair	sit	1118	0.723712084	0.789943845	0.845673181	0.886995893	0.909096558	0.924533185	0.929882813	0.020	0.478469785	0.723712084
am_0945_obj_062_轮椅	obj_062_轮椅	轮椅	chair	wheelchair	lean	725	0.371873086	0.395241107	0.415935839	0.434056141	0.457231095	0.518514416	0.560763907	0.020	0.478469785	0.371873086
am_0945_obj_062_轮椅	obj_062_轮椅	轮椅	chair	wheelchair	grasp	228	0.762420029	0.778856859	0.794980177	0.801863102	0.806279986	0.810075723	0.811661799	0.020	0.478469785	0.762420029
am_0946_obj_062_轮椅	obj_062_轮椅	轮椅	chair	wheelchair	sit	1245	0.691518805	0.750308607	0.805572677	0.852193356	0.880482273	0.917473171	0.929284987	0.020	0.478469785	0.691518805
am_0946_obj_062_轮椅	obj_062_轮椅	轮椅	chair	wheelchair	lean	700	0.449882163	0.488585008	0.525197567	0.557317377	0.589026577	0.637619066	0.670435821	0.020	0.478469785	0.449882163
am_0946_obj_062_轮椅	obj_062_轮椅	轮椅	chair	wheelchair	grasp	235	0.765983152	0.793276237	0.824305092	0.836629930	0.847974731	0.859255692	0.860968843	0.020	0.478469785	0.765983152
am_0947_obj_062_轮椅	obj_062_轮椅	轮椅	chair	wheelchair	sit	1186	0.632745301	0.712985945	0.787766845	0.843943718	0.877812919	0.914478982	0.928713148	0.020	0.478469785	0.632745301
am_0947_obj_062_轮椅	obj_062_轮椅	轮椅	chair	wheelchair	lean	694	0.384158328	0.416635740	0.449993753	0.482105097	0.517977964	0.621281966	0.666071199	0.020	0.478469785	0.384158328
am_0947_obj_062_轮椅	obj_062_轮椅	轮椅	chair	wheelchair	grasp	219	0.776473487	0.803936880	0.831657239	0.840182435	0.859467521	0.890100484	0.893915482	0.020	0.478469785	0.776473487
am_0948_obj_062_轮椅	obj_062_轮椅	轮椅	chair	wheelchair	sit	1202	0.785825188	0.838771523	0.875740528	0.901627260	0.914431582	0.926206796	0.931018066	0.020	0.478469785	0.785825188
am_0948_obj_062_轮椅	obj_062_轮椅	轮椅	chair	wheelchair	lean	721	0.770770732	0.824803612	0.864218629	0.887086913	0.901523873	0.914746580	0.919819436	0.020	0.478469785	0.770770732
am_0948_obj_062_轮椅	obj_062_轮椅	轮椅	chair	wheelchair	grasp	229	0.596399873	0.617045736	0.641969419	0.662338176	0.684956699	0.738186176	0.748579755	0.020	0.478469785	0.596399873
am_0949_obj_062_轮椅	obj_062_轮椅	轮椅	chair	wheelchair	sit	1171	0.673656983	0.743987141	0.801660364	0.846673192	0.875526406	0.914857177	0.928394627	0.020	0.478469785	0.673656983
am_0949_obj_062_轮椅	obj_062_轮椅	轮椅	chair	wheelchair	lean	725	0.558350264	0.620949068	0.672527488	0.711050037	0.742291275	0.788688191	0.821057738	0.020	0.478469785	0.558350264
am_0949_obj_062_轮椅	obj_062_轮椅	轮椅	chair	wheelchair	grasp	244	0.773053544	0.793198843	0.821502984	0.845240288	0.852616828	0.868702944	0.871359122	0.020	0.478469785	0.773053544
am_0950_obj_062_轮椅	obj_062_轮椅	轮椅	chair	wheelchair	sit	1169	0.727969490	0.796434495	0.845613449	0.879939417	0.903604431	0.925070974	0.930346680	0.020	0.478469785	0.727969490
am_0950_obj_062_轮椅	obj_062_轮椅	轮椅	chair	wheelchair	lean	726	0.415055881	0.456345939	0.488239928	0.519892795	0.569303102	0.661931086	0.702691800	0.020	0.478469785	0.415055881
am_0950_obj_062_轮椅	obj_062_轮椅	轮椅	chair	wheelchair	grasp	226	0.758148494	0.787519899	0.806929233	0.825138433	0.849094056	0.879640906	0.882544851	0.020	0.478469785	0.758148494
am_0951_obj_062_轮椅	obj_062_轮椅	轮椅	chair	wheelchair	sit	1209	0.685702729	0.754501562	0.812528727	0.862851758	0.891874052	0.918689108	0.929688972	0.020	0.478469785	0.685702729
am_0951_obj_062_轮椅	obj_062_轮椅	轮椅	chair	wheelchair	lean	685	0.356170223	0.381178500	0.413284799	0.449690001	0.477778263	0.565620503	0.612284444	0.020	0.478469785	0.356170223
am_0951_obj_062_轮椅	obj_062_轮椅	轮椅	chair	wheelchair	grasp	239	0.831860781	0.849095898	0.874795145	0.885899491	0.889741566	0.890820774	0.891699681	0.020	0.478469785	0.831860781
am_0952_obj_062_轮椅	obj_062_轮椅	轮椅	chair	wheelchair	sit	1194	0.647603503	0.718988644	0.798753722	0.867756828	0.898320302	0.923496285	0.930468153	0.020	0.478469785	0.647603503
am_0952_obj_062_轮椅	obj_062_轮椅	轮椅	chair	wheelchair	lean	681	0.369457297	0.393248306	0.423819647	0.461255468	0.495599634	0.616960504	0.669202676	0.020	0.478469785	0.369457297
am_0952_obj_062_轮椅	obj_062_轮椅	轮椅	chair	wheelchair	grasp	238	0.720927903	0.740854511	0.752391269	0.770673393	0.781492307	0.790718912	0.793329572	0.020	0.478469785	0.720927903
am_0953_obj_062_轮椅	obj_062_轮椅	轮椅	chair	wheelchair	sit	1265	0.612057048	0.673450089	0.741355927	0.801269041	0.844071885	0.903803871	0.927736409	0.020	0.478469785	0.612057048
am_0953_obj_062_轮椅	obj_062_轮椅	轮椅	chair	wheelchair	lean	677	0.417249245	0.447780341	0.479709635	0.511673111	0.555407231	0.688334315	0.737968646	0.020	0.478469785	0.417249245
am_0953_obj_062_轮椅	obj_062_轮椅	轮椅	chair	wheelchair	grasp	219	0.758025795	0.772507375	0.779857898	0.792888432	0.802867294	0.842537398	0.865589853	0.020	0.478469785	0.758025795
am_0954_obj_062_轮椅	obj_062_轮椅	轮椅	chair	wheelchair	sit	1196	0.801572331	0.854175464	0.884864323	0.904348076	0.916032252	0.926539388	0.930542879	0.020	0.478469785	0.801572331
am_0954_obj_062_轮椅	obj_062_轮椅	轮椅	chair	wheelchair	lean	708	0.723098358	0.781718808	0.809282382	0.828130490	0.838397896	0.859081920	0.866164327	0.020	0.478469785	0.723098358
am_0954_obj_062_轮椅	obj_062_轮椅	轮椅	chair	wheelchair	grasp	220	0.728581238	0.774009701	0.803652500	0.829739176	0.841405726	0.863020457	0.867533119	0.020	0.478469785	0.728581238
am_0955_obj_063_轮椅2	obj_063_轮椅2	轮椅2	chair	wheelchair	sit	818	0.773058167	0.827891796	0.871858424	0.895576937	0.912187524	0.924938965	0.929577637	0.020	0.478469785	0.773058167
am_0955_obj_063_轮椅2	obj_063_轮椅2	轮椅2	chair	wheelchair	lean	910	0.748791802	0.821814395	0.865355603	0.883843943	0.894626404	0.906451802	0.913011016	0.020	0.478469785	0.748791802
am_0955_obj_063_轮椅2	obj_063_轮椅2	轮椅2	chair	wheelchair	grasp	223	0.741134374	0.765295679	0.804152139	0.824771679	0.855455459	0.872598402	0.874312812	0.020	0.478469785	0.741134374
am_0956_obj_063_轮椅2	obj_063_轮椅2	轮椅2	chair	wheelchair	sit	869	0.748447956	0.818790249	0.871650926	0.900980145	0.916807457	0.924014232	0.928466797	0.020	0.478469785	0.748447956
am_0956_obj_063_轮椅2	obj_063_轮椅2	轮椅2	chair	wheelchair	lean	869	0.636423216	0.723856341	0.783914649	0.832470324	0.852097119	0.869197390	0.882858127	0.020	0.478469785	0.636423216
am_0956_obj_063_轮椅2	obj_063_轮椅2	轮椅2	chair	wheelchair	grasp	235	0.708139830	0.742049944	0.760620196	0.796077947	0.822238037	0.881982688	0.899719791	0.020	0.478469785	0.708139830
am_0957_obj_063_轮椅2	obj_063_轮椅2	轮椅2	chair	wheelchair	sit	838	0.789694393	0.850326848	0.888018199	0.909900710	0.918834974	0.924124814	0.928820801	0.020	0.478469785	0.789694393
am_0957_obj_063_轮椅2	obj_063_轮椅2	轮椅2	chair	wheelchair	lean	871	0.488245731	0.554646518	0.607864177	0.649674178	0.690252913	0.748268429	0.790420714	0.020	0.478469785	0.488245731
am_0957_obj_063_轮椅2	obj_063_轮椅2	轮椅2	chair	wheelchair	grasp	207	0.587519640	0.611632392	0.637096222	0.663618655	0.686080600	0.712660544	0.730704400	0.020	0.478469785	0.587519640
am_0958_obj_063_轮椅2	obj_063_轮椅2	轮椅2	chair	wheelchair	sit	833	0.779840323	0.846018322	0.885051417	0.910531754	0.919074660	0.924504595	0.929016113	0.020	0.478469785	0.779840323
am_0958_obj_063_轮椅2	obj_063_轮椅2	轮椅2	chair	wheelchair	lean	842	0.676913606	0.758849322	0.804398197	0.828232719	0.842572572	0.867816449	0.887152820	0.020	0.478469785	0.676913606
am_0958_obj_063_轮椅2	obj_063_轮椅2	轮椅2	chair	wheelchair	grasp	223	0.303061534	0.311133078	0.319573131	0.330893056	0.345177457	0.378092346	0.400015464	0.020	0.478469785	0.303061534
am_0959_obj_063_轮椅2	obj_063_轮椅2	轮椅2	chair	wheelchair	sit	833	0.788146896	0.840605844	0.880567699	0.902224897	0.914812658	0.922720626	0.928394469	0.020	0.478469785	0.788146896
am_0959_obj_063_轮椅2	obj_063_轮椅2	轮椅2	chair	wheelchair	lean	865	0.611680524	0.680167102	0.728454804	0.760946901	0.794145809	0.836259357	0.859459400	0.020	0.478469785	0.611680524
am_0959_obj_063_轮椅2	obj_063_轮椅2	轮椅2	chair	wheelchair	grasp	221	0.567884723	0.586431979	0.605981569	0.632198252	0.656159083	0.706430422	0.751793284	0.020	0.478469785	0.567884723
am_0960_obj_063_轮椅2	obj_063_轮椅2	轮椅2	chair	wheelchair	sit	879	0.821970232	0.870025885	0.900355859	0.913373624	0.918316897	0.923353038	0.928466797	0.020	0.478469785	0.821970232
am_0960_obj_063_轮椅2	obj_063_轮椅2	轮椅2	chair	wheelchair	lean	864	0.721602313	0.812766021	0.854463021	0.874658584	0.885442354	0.892047960	0.895453722	0.020	0.478469785	0.721602313
am_0960_obj_063_轮椅2	obj_063_轮椅2	轮椅2	chair	wheelchair	grasp	224	0.775809862	0.824349064	0.857029868	0.877534508	0.888276288	0.904999512	0.907092285	0.020	0.478469785	0.775809862
am_0961_obj_063_轮椅2	obj_063_轮椅2	轮椅2	chair	wheelchair	sit	873	0.808151320	0.857963686	0.895976523	0.915179472	0.919102879	0.923950195	0.928588867	0.020	0.478469785	0.808151320
am_0961_obj_063_轮椅2	obj_063_轮椅2	轮椅2	chair	wheelchair	lean	848	0.752543799	0.837603986	0.885112418	0.907142230	0.915666018	0.920113789	0.923727057	0.020	0.478469785	0.752543799
am_0961_obj_063_轮椅2	obj_063_轮椅2	轮椅2	chair	wheelchair	grasp	224	0.680777827	0.705038167	0.742483202	0.782607042	0.830110153	0.881491008	0.892729768	0.020	0.478469785	0.680777827
am_0962_obj_063_轮椅2	obj_063_轮椅2	轮椅2	chair	wheelchair	sit	876	0.667821732	0.744106891	0.804653708	0.854962722	0.892229111	0.918849701	0.927873167	0.020	0.478469785	0.667821732
am_0962_obj_063_轮椅2	obj_063_轮椅2	轮椅2	chair	wheelchair	lean	863	0.676612229	0.777848670	0.835286708	0.864375893	0.879982501	0.897695716	0.909190411	0.020	0.478469785	0.676612229
am_0962_obj_063_轮椅2	obj_063_轮椅2	轮椅2	chair	wheelchair	grasp	225	0.729535593	0.746796309	0.766214852	0.801536696	0.821450531	0.877365813	0.907139729	0.020	0.478469785	0.729535593
am_0963_obj_063_轮椅2	obj_063_轮椅2	轮椅2	chair	wheelchair	sit	841	0.799961939	0.867260590	0.903246555	0.915897799	0.920324696	0.924353027	0.928393555	0.020	0.478469785	0.799961939
am_0963_obj_063_轮椅2	obj_063_轮椅2	轮椅2	chair	wheelchair	lean	810	0.746540856	0.841958732	0.892617350	0.911545222	0.916487596	0.920488087	0.923576466	0.020	0.478469785	0.746540856
am_0963_obj_063_轮椅2	obj_063_轮椅2	轮椅2	chair	wheelchair	grasp	223	0.777223727	0.799049676	0.821743100	0.836316458	0.857574591	0.897618053	0.905787020	0.020	0.478469785	0.777223727
am_0964_obj_063_轮椅2	obj_063_轮椅2	轮椅2	chair	wheelchair	sit	854	0.782037548	0.838813255	0.884069775	0.909771251	0.918533651	0.922875977	0.926953125	0.020	0.478469785	0.782037548
am_0964_obj_063_轮椅2	obj_063_轮椅2	轮椅2	chair	wheelchair	lean	877	0.757406884	0.832956761	0.876240032	0.891785568	0.900633227	0.911672593	0.918731907	0.020	0.478469785	0.757406884
am_0964_obj_063_轮椅2	obj_063_轮椅2	轮椅2	chair	wheelchair	grasp	224	0.774770636	0.815037075	0.853687598	0.879209534	0.894916583	0.905310059	0.906530762	0.020	0.478469785	0.774770636
am_0965_obj_063_轮椅2	obj_063_轮椅2	轮椅2	chair	wheelchair	sit	875	0.797742327	0.856772802	0.897143482	0.915496391	0.920543941	0.924896126	0.929614258	0.020	0.478469785	0.797742327
am_0965_obj_063_轮椅2	obj_063_轮椅2	轮椅2	chair	wheelchair	lean	885	0.685255203	0.766654506	0.832281484	0.886930640	0.909228403	0.922569327	0.925364737	0.020	0.478469785	0.685255203
am_0965_obj_063_轮椅2	obj_063_轮椅2	轮椅2	chair	wheelchair	grasp	207	0.768730915	0.808862415	0.846096199	0.870021916	0.881231889	0.892605538	0.899769654	0.020	0.478469785	0.768730915
am_0966_obj_063_轮椅2	obj_063_轮椅2	轮椅2	chair	wheelchair	sit	845	0.700943287	0.776888643	0.843839043	0.893888345	0.913205109	0.922924522	0.928150244	0.020	0.478469785	0.700943287
am_0966_obj_063_轮椅2	obj_063_轮椅2	轮椅2	chair	wheelchair	lean	848	0.649436759	0.732473326	0.781909216	0.816026715	0.842066530	0.864345787	0.876061217	0.020	0.478469785	0.649436759
am_0966_obj_063_轮椅2	obj_063_轮椅2	轮椅2	chair	wheelchair	grasp	205	0.827393742	0.860411405	0.872688806	0.888416929	0.898523975	0.904991527	0.906359863	0.020	0.478469785	0.827393742
am_0967_obj_063_轮椅2	obj_063_轮椅2	轮椅2	chair	wheelchair	sit	838	0.702152290	0.770573531	0.826916666	0.876223322	0.905437434	0.923446635	0.928625488	0.020	0.478469785	0.702152290
am_0967_obj_063_轮椅2	obj_063_轮椅2	轮椅2	chair	wheelchair	lean	885	0.661611505	0.747514218	0.820451086	0.864125650	0.885724429	0.898733372	0.906952284	0.020	0.478469785	0.661611505
am_0967_obj_063_轮椅2	obj_063_轮椅2	轮椅2	chair	wheelchair	grasp	228	0.780640721	0.810354101	0.834630170	0.867091587	0.879460169	0.900410277	0.906909180	0.020	0.478469785	0.780640721
am_0968_obj_063_轮椅2	obj_063_轮椅2	轮椅2	chair	wheelchair	sit	862	0.736114772	0.816088052	0.858102382	0.885901971	0.900917598	0.921000579	0.928015137	0.020	0.478469785	0.736114772
am_0968_obj_063_轮椅2	obj_063_轮椅2	轮椅2	chair	wheelchair	lean	833	0.545466147	0.642910719	0.711747257	0.772763091	0.818668080	0.867463669	0.888175831	0.020	0.478469785	0.545466147
am_0968_obj_063_轮椅2	obj_063_轮椅2	轮椅2	chair	wheelchair	grasp	215	0.474844641	0.497426850	0.525084913	0.554276965	0.573730283	0.615735842	0.660873373	0.020	0.478469785	0.474844641
am_0969_obj_063_轮椅2	obj_063_轮椅2	轮椅2	chair	wheelchair	sit	818	0.702181448	0.777909910	0.841554057	0.884806652	0.911309688	0.922222858	0.928114093	0.020	0.478469785	0.702181448
am_0969_obj_063_轮椅2	obj_063_轮椅2	轮椅2	chair	wheelchair	lean	810	0.546155535	0.624526792	0.678186654	0.743120502	0.788851212	0.821957848	0.840548627	0.020	0.478469785	0.546155535
am_0969_obj_063_轮椅2	obj_063_轮椅2	轮椅2	chair	wheelchair	grasp	216	0.700391015	0.715024979	0.733690299	0.757431744	0.792275256	0.849435440	0.903027297	0.020	0.478469785	0.700391015
am_0970_obj_064_香蕉	obj_064_香蕉	香蕉	fruit	banana	grasp	4096	0.710336616	0.732715735	0.751049747	0.766948629	0.781632336	0.805409046	0.824925936	0.020	0.478469785	0.710336616
am_0971_obj_064_香蕉	obj_064_香蕉	香蕉	fruit	banana	grasp	4096	0.928690969	0.934064277	0.937993246	0.941094601	0.943195909	0.946225506	0.948240027	0.020	0.478469785	0.928690969
am_0972_obj_064_香蕉	obj_064_香蕉	香蕉	fruit	banana	grasp	4096	0.867623259	0.881552198	0.892809329	0.901888435	0.908737460	0.921550324	0.931722560	0.020	0.478469785	0.867623259
am_0973_obj_064_香蕉	obj_064_香蕉	香蕉	fruit	banana	grasp	4096	0.938689456	0.942402782	0.945101224	0.947142882	0.948185174	0.949856779	0.950000000	0.020	0.478469785	0.938689456
am_0974_obj_064_香蕉	obj_064_香蕉	香蕉	fruit	banana	grasp	4096	0.890173594	0.901115933	0.909753592	0.916954622	0.923008779	0.932548852	0.940007515	0.020	0.478469785	0.890173594
am_0975_obj_064_香蕉	obj_064_香蕉	香蕉	fruit	banana	grasp	4096	0.842871450	0.857475804	0.868704184	0.877770699	0.885835210	0.900474589	0.914473347	0.020	0.478469785	0.842871450
am_0976_obj_064_香蕉	obj_064_香蕉	香蕉	fruit	banana	grasp	4096	0.920938673	0.928482123	0.933715524	0.938677039	0.941952060	0.946935683	0.949257951	0.020	0.478469785	0.920938673
am_0977_obj_064_香蕉	obj_064_香蕉	香蕉	fruit	banana	grasp	4096	0.800541844	0.819973034	0.835767046	0.848812968	0.859863990	0.878465162	0.892253601	0.020	0.478469785	0.800541844
am_0978_obj_064_香蕉	obj_064_香蕉	香蕉	fruit	banana	grasp	4096	0.934994448	0.939059792	0.941968774	0.944003269	0.945535453	0.947746650	0.949292675	0.020	0.478469785	0.934994448
am_0979_obj_064_香蕉	obj_064_香蕉	香蕉	fruit	banana	grasp	4096	0.900552725	0.911391603	0.920127005	0.927056779	0.932474787	0.941073169	0.946436944	0.020	0.478469785	0.900552725
am_0980_obj_064_香蕉	obj_064_香蕉	香蕉	fruit	banana	grasp	4096	0.906823351	0.915821062	0.922147979	0.927539206	0.932222613	0.938327462	0.943610806	0.020	0.478469785	0.906823351
am_0981_obj_064_香蕉	obj_064_香蕉	香蕉	fruit	banana	grasp	4096	0.932406464	0.937388702	0.941255117	0.944223367	0.946503494	0.949074370	0.949935044	0.020	0.478469785	0.932406464
am_0982_obj_064_香蕉	obj_064_香蕉	香蕉	fruit	banana	grasp	4096	0.893275074	0.901841940	0.908025458	0.913164531	0.917862394	0.926441283	0.934296379	0.020	0.478469785	0.893275074
am_0983_obj_064_香蕉	obj_064_香蕉	香蕉	fruit	banana	grasp	4096	0.873742709	0.886887735	0.898043407	0.906513242	0.914075381	0.925326807	0.935246512	0.020	0.478469785	0.873742709
am_0984_obj_064_香蕉	obj_064_香蕉	香蕉	fruit	banana	grasp	4096	0.625240305	0.647529546	0.666281151	0.681975419	0.696313575	0.722524299	0.745945961	0.020	0.478469785	0.625240305
am_0985_obj_065_马桶	obj_065_马桶	马桶	toilet	toilet	open	971	0.631653467	0.678758810	0.714652091	0.746154643	0.767955158	0.803019475	0.822752447	0.020	0.478469785	0.631653467
am_0985_obj_065_马桶	obj_065_马桶	马桶	toilet	toilet	press	214	0.546925942	0.662569602	0.762276025	0.827395868	0.865764174	0.891913199	0.896365934	0.020	0.478469785	0.546925942
am_0986_obj_065_马桶	obj_065_马桶	马桶	toilet	toilet	open	950	0.693045090	0.735956581	0.774911137	0.803521396	0.821369171	0.850799928	0.863216752	0.020	0.478469785	0.693045090
am_0986_obj_065_马桶	obj_065_马桶	马桶	toilet	toilet	press	225	0.311213214	0.410631879	0.474144872	0.509365288	0.560304976	0.659452514	0.709481089	0.020	0.478469785	0.311213214
am_0987_obj_065_马桶	obj_065_马桶	马桶	toilet	toilet	open	950	0.682242496	0.724790137	0.767167349	0.802849543	0.827889214	0.868759571	0.883023908	0.020	0.478469785	0.682242496
am_0987_obj_065_马桶	obj_065_马桶	马桶	toilet	toilet	press	218	0.357495278	0.482523395	0.592264403	0.639840238	0.668422121	0.735014255	0.798587499	0.020	0.478469785	0.357495278
am_0988_obj_065_马桶	obj_065_马桶	马桶	toilet	toilet	open	1001	0.734800983	0.786456652	0.827091762	0.852003471	0.874197267	0.903347503	0.914009897	0.020	0.478469785	0.734800983
am_0988_obj_065_马桶	obj_065_马桶	马桶	toilet	toilet	press	202	0.622620744	0.763971383	0.836299478	0.859831604	0.873539928	0.884263657	0.888636808	0.020	0.478469785	0.622620744
am_0989_obj_065_马桶	obj_065_马桶	马桶	toilet	toilet	open	961	0.637047655	0.678088073	0.720022421	0.751113709	0.781434231	0.816790692	0.839661953	0.020	0.478469785	0.637047655
am_0989_obj_065_马桶	obj_065_马桶	马桶	toilet	toilet	press	224	0.590880174	0.743718045	0.853195905	0.876505004	0.884483162	0.896204795	0.899088331	0.020	0.478469785	0.590880174
am_0990_obj_065_马桶	obj_065_马桶	马桶	toilet	toilet	open	986	0.677801424	0.729497577	0.776549467	0.812906884	0.835510716	0.873233687	0.895388222	0.020	0.478469785	0.677801424
am_0990_obj_065_马桶	obj_065_马桶	马桶	toilet	toilet	press	216	0.522815629	0.668493604	0.762453910	0.816330096	0.851465920	0.889712888	0.903615280	0.020	0.478469785	0.522815629
am_0991_obj_065_马桶	obj_065_马桶	马桶	toilet	toilet	open	959	0.730413592	0.788081874	0.827479663	0.852486043	0.875359879	0.897723466	0.907695498	0.020	0.478469785	0.730413592
am_0991_obj_065_马桶	obj_065_马桶	马桶	toilet	toilet	press	232	0.522397320	0.647328535	0.728735965	0.778288936	0.810127503	0.848569914	0.876973593	0.020	0.478469785	0.522397320
am_0992_obj_065_马桶	obj_065_马桶	马桶	toilet	toilet	open	957	0.713861938	0.760435307	0.796350054	0.827222603	0.847598642	0.872777193	0.882511730	0.020	0.478469785	0.713861938
am_0992_obj_065_马桶	obj_065_马桶	马桶	toilet	toilet	press	203	0.535987360	0.653930291	0.770664017	0.822896560	0.853551172	0.892984228	0.906853799	0.020	0.478469785	0.535987360
am_0993_obj_065_马桶	obj_065_马桶	马桶	toilet	toilet	open	939	0.659863869	0.706027326	0.742567154	0.770592845	0.794476160	0.821241668	0.847217088	0.020	0.478469785	0.659863869
am_0993_obj_065_马桶	obj_065_马桶	马桶	toilet	toilet	press	213	0.543926154	0.654078274	0.745853094	0.780366098	0.793347071	0.796717401	0.797462030	0.020	0.478469785	0.543926154
am_0994_obj_065_马桶	obj_065_马桶	马桶	toilet	toilet	open	944	0.618660604	0.667072164	0.711447793	0.742856512	0.771673185	0.810039180	0.838356365	0.020	0.478469785	0.618660604
am_0994_obj_065_马桶	obj_065_马桶	马桶	toilet	toilet	press	213	0.585228232	0.740389096	0.787095177	0.820327558	0.831530984	0.836744853	0.837880168	0.020	0.478469785	0.585228232
am_0995_obj_065_马桶	obj_065_马桶	马桶	toilet	toilet	open	912	0.204457726	0.224639450	0.239069293	0.250249539	0.258543465	0.274674428	0.292343823	0.020	0.478469785	0.204457726
am_0995_obj_065_马桶	obj_065_马桶	马桶	toilet	toilet	press	223	0.267895330	0.321995288	0.367368460	0.389943816	0.404841101	0.424094512	0.441651432	0.020	0.478469785	0.267895330
am_0996_obj_065_马桶	obj_065_马桶	马桶	toilet	toilet	open	902	0.579336725	0.637428700	0.691741265	0.739152843	0.775267991	0.828397343	0.857295841	0.020	0.478469785	0.579336725
am_0996_obj_065_马桶	obj_065_马桶	马桶	toilet	toilet	press	241	0.631268227	0.767490075	0.842570383	0.869196156	0.875262114	0.880069758	0.881691812	0.020	0.478469785	0.631268227
am_0997_obj_065_马桶	obj_065_马桶	马桶	toilet	toilet	open	966	0.244695231	0.269044041	0.284251994	0.296834978	0.308926447	0.330069756	0.354768923	0.020	0.478469785	0.244695231
am_0997_obj_065_马桶	obj_065_马桶	马桶	toilet	toilet	press	223	0.042366283	0.056778063	0.062785518	0.064831440	0.066573948	0.068809540	0.070460390	0.020	0.478469785	0.042366283
am_0998_obj_065_马桶	obj_065_马桶	马桶	toilet	toilet	open	967	0.213032821	0.235489465	0.256377365	0.275078019	0.292727870	0.329654059	0.360464135	0.020	0.478469785	0.213032821
am_0998_obj_065_马桶	obj_065_马桶	马桶	toilet	toilet	press	229	0.011742370	0.014713397	0.016505527	0.017715817	0.018479991	0.019931150	0.021172743	0.020	0.478469785	0.011742370
am_0999_obj_065_马桶	obj_065_马桶	马桶	toilet	toilet	open	965	0.705796014	0.757203295	0.810150428	0.840037615	0.856274835	0.881576721	0.897106706	0.020	0.478469785	0.705796014
am_0999_obj_065_马桶	obj_065_马桶	马桶	toilet	toilet	press	220	0.537319689	0.687712092	0.774448569	0.807990484	0.832169220	0.865286046	0.882280691	0.020	0.478469785	0.537319689
