instance_id	object_id	raw_name	object_category_id	normal_class_39_id	active_affordances	num_affordances	obj_aiou_d0.020	obj_aiou_d0.030	obj_aiou_d0.040	obj_aiou_d0.050	obj_aiou_d0.060	obj_aiou_d0.080	obj_aiou_d0.100	distance_threshold	aiou_threshold	obj_aiou	correct
am_0000_obj_001_充电器	obj_001_充电器	充电器	charger	charger	grasp,plug	2	0.579119803414387	0.6140665188177895	0.6541837794327265	0.6836495551893276	0.7143909925269463	0.7625993143846339	0.7927069497558477	0.020	0.478469785	0.579119803	1
am_0001_obj_001_充电器	obj_001_充电器	充电器	charger	charger	grasp,plug	2	0.6517209532568671	0.6966536960155758	0.7351382271023787	0.7662905861716789	0.7910823687006442	0.8219629723837579	0.8391849618171799	0.020	0.478469785	0.651720953	1
am_0002_obj_001_充电器	obj_001_充电器	充电器	charger	charger	grasp,plug	2	0.6664148756938736	0.7075998958832949	0.7377519724612167	0.7717304646860328	0.798454963770742	0.8443508710887827	0.8787979823872906	0.020	0.478469785	0.666414876	1
am_0003_obj_001_充电器	obj_001_充电器	充电器	charger	charger	grasp,plug	2	0.7598590062857864	0.7984472803646515	0.8339844379855454	0.8581339231869505	0.8755237572667773	0.8994209124088093	0.9096926009794291	0.020	0.478469785	0.759859006	1
am_0004_obj_001_充电器	obj_001_充电器	充电器	charger	charger	grasp,plug	2	0.6647887195157041	0.7028418809371012	0.7321365300205177	0.7595727838253646	0.7859698839091322	0.8296759918730675	0.857656983422542	0.020	0.478469785	0.664788720	1
am_0005_obj_001_充电器	obj_001_充电器	充电器	charger	charger	grasp,plug	2	0.7052942563025315	0.7509432919399583	0.7907012806686518	0.8192274102940871	0.842046770081119	0.8734035049486868	0.8905582259581859	0.020	0.478469785	0.705294256	1
am_0006_obj_001_充电器	obj_001_充电器	充电器	charger	charger	grasp,plug	2	0.6739874284751296	0.7110129162280434	0.7439703604784849	0.7748838969383425	0.8014465813969354	0.8423462256473796	0.8692118328495004	0.020	0.478469785	0.673987428	1
am_0007_obj_001_充电器	obj_001_充电器	充电器	charger	charger	grasp,plug	2	0.7191780515342377	0.7645263982067834	0.7983546152430138	0.8331660327441346	0.8619639157962438	0.8860336655861994	0.9018210715365381	0.020	0.478469785	0.719178052	1
am_0008_obj_001_充电器	obj_001_充电器	充电器	charger	charger	grasp,plug	2	0.7133209177562987	0.7533443314967777	0.7943480522162764	0.8389361022220766	0.8700257587974844	0.8977400984662806	0.9100763960433428	0.020	0.478469785	0.713320918	1
am_0009_obj_001_充电器	obj_001_充电器	充电器	charger	charger	grasp,plug	2	0.7149755338069481	0.7552567111795083	0.7869676602799791	0.8160876661715831	0.8418657585236962	0.8691147996060128	0.8872683040908336	0.020	0.478469785	0.714975534	1
am_0010_obj_001_充电器	obj_001_充电器	充电器	charger	charger	grasp,plug	2	0.4822824517980614	0.514389106556917	0.5515573825339941	0.5905359144200528	0.6384340151835223	0.6966761974241713	0.7294831444432153	0.020	0.478469785	0.482282452	1
am_0011_obj_001_充电器	obj_001_充电器	充电器	charger	charger	grasp,plug	2	0.6402621300962836	0.6767457004268052	0.7106589942398507	0.7422953857841357	0.7720867346093436	0.8259485407442395	0.8660308315160647	0.020	0.478469785	0.640262130	1
am_0012_obj_001_充电器	obj_001_充电器	充电器	charger	charger	grasp,plug	2	0.6403795399456909	0.679435453122734	0.7121854402864669	0.7384248507175419	0.7594121310698414	0.7915601534791612	0.8163908970429862	0.020	0.478469785	0.640379540	1
am_0013_obj_001_充电器	obj_001_充电器	充电器	charger	charger	grasp,plug	2	0.6187667741475821	0.6557938772397679	0.688404827233643	0.7223806187551899	0.7554652629630878	0.812096998728592	0.8393310728295245	0.020	0.478469785	0.618766774	1
am_0014_obj_001_充电器	obj_001_充电器	充电器	charger	charger	grasp,plug	2	0.5904100774670158	0.6249552034252845	0.653372094687152	0.6793459870234618	0.6992162763969514	0.7347301700757669	0.7600201457736426	0.020	0.478469785	0.590410077	1
am_0015_obj_001_充电器	obj_001_充电器	充电器	charger	charger	grasp,plug	2	0.597610292234951	0.638114068830085	0.6814033236116621	0.7177294270724635	0.7485573329390456	0.7860974788578607	0.8129799472443355	0.020	0.478469785	0.597610292	1
am_0016_obj_002_刀具架	obj_002_刀具架	刀具架	rack	rack	place	1	0.32097814700946253	0.3927128481675966	0.4530078079618252	0.5143742030629787	0.5694793678556643	0.6445746965375665	0.699774474882716	0.020	0.478469785	0.320978147	0
am_0017_obj_002_刀具架	obj_002_刀具架	刀具架	rack	rack	place	1	0.1823936222792139	0.21601001033502584	0.23684605356294433	0.2591422051952399	0.2785067007386922	0.31617272173755584	0.3496565492643655	0.020	0.478469785	0.182393622	0
am_0018_obj_002_刀具架	obj_002_刀具架	刀具架	rack	rack	place	1	0.28617820910373803	0.3317302242995698	0.37278224677662014	0.4110645343822369	0.45723060533820536	0.5341592822347364	0.5881898283516962	0.020	0.478469785	0.286178209	0
am_0019_obj_002_刀具架	obj_002_刀具架	刀具架	rack	rack	place	1	0.32543899915542335	0.38016201217519374	0.4239352057976376	0.4639913661788417	0.5066407883807653	0.5636956940036997	0.6104158592823509	0.020	0.478469785	0.325438999	0
am_0020_obj_002_刀具架	obj_002_刀具架	刀具架	rack	rack	place	1	0.3860011930149244	0.45793644742301487	0.5191138278751026	0.5604392196942223	0.5987676920904911	0.6538738354629665	0.6918378093766331	0.020	0.478469785	0.386001193	0
am_0021_obj_002_刀具架	obj_002_刀具架	刀具架	rack	rack	place	1	0.2282572041705942	0.2587846684103611	0.27998790088120484	0.2979080912706432	0.3147717062260252	0.34892621494463716	0.37892371416625015	0.020	0.478469785	0.228257204	0
am_0022_obj_002_刀具架	obj_002_刀具架	刀具架	rack	rack	place	1	0.30631140590360745	0.34891059298514693	0.3821723878062439	0.4169769695495429	0.4527513000367792	0.5173491396833412	0.562332701082102	0.020	0.478469785	0.306311406	0
am_0023_obj_002_刀具架	obj_002_刀具架	刀具架	rack	rack	place	1	0.19441902033631359	0.22141410618250554	0.24657065805766373	0.2777383239548614	0.31293254618480587	0.4018423431601817	0.4609373549528984	0.020	0.478469785	0.194419020	0
am_0024_obj_002_刀具架	obj_002_刀具架	刀具架	rack	rack	place	1	0.23551681196614932	0.2844387961944406	0.31139293388949363	0.33559468591422054	0.3601803204807748	0.40740603924519786	0.44398290859564876	0.020	0.478469785	0.235516812	0
am_0025_obj_002_刀具架	obj_002_刀具架	刀具架	rack	rack	place	1	0.30271202921226337	0.3514239289407331	0.39199073901360465	0.4247027211361211	0.46482464588744205	0.5444866688783639	0.5959310111347798	0.020	0.478469785	0.302712029	0
am_0026_obj_002_刀具架	obj_002_刀具架	刀具架	rack	rack	place	1	0.3536484359369276	0.4066845016932034	0.4563581019614612	0.49888050653070104	0.5462413663657493	0.6234855672995863	0.6761608141255767	0.020	0.478469785	0.353648436	0
am_0027_obj_002_刀具架	obj_002_刀具架	刀具架	rack	rack	place	1	0.2915181077794836	0.3411965911473537	0.38822263298646226	0.42838370785412055	0.45634006676894917	0.5024465013875232	0.5373757417596317	0.020	0.478469785	0.291518108	0
am_0028_obj_002_刀具架	obj_002_刀具架	刀具架	rack	rack	place	1	0.32597630687189577	0.36873606296705297	0.3989780859529546	0.4280785636937504	0.45283416029779594	0.49723660214302656	0.5329364315503379	0.020	0.478469785	0.325976307	0
am_0029_obj_002_刀具架	obj_002_刀具架	刀具架	rack	rack	place	1	0.3077192741975716	0.35427581150818044	0.3927496808738045	0.4207337610069556	0.44959395024532534	0.4944841657572952	0.5353907273229039	0.020	0.478469785	0.307719274	0
am_0030_obj_002_刀具架	obj_002_刀具架	刀具架	rack	rack	place	1	0.21248867473076505	0.2583926700620005	0.287358203956007	0.3134623955674797	0.3450149256584383	0.39853949214688955	0.4375071400695599	0.020	0.478469785	0.212488675	0
am_0031_obj_002_刀具架	obj_002_刀具架	刀具架	rack	rack	place	1	0.32241126494384587	0.36764851980387026	0.4037718724192363	0.434420385980067	0.47448409144365017	0.5457662627390996	0.5969564005538033	0.020	0.478469785	0.322411265	0
am_0032_obj_003_削皮刀	obj_003_削皮刀	削皮刀	knife	peeler	grasp,cut	2	0.7948914588981724	0.8251079904727621	0.8547098852424464	0.8785527678744967	0.8976595564010506	0.9155745475368904	0.9218276794773472	0.020	0.478469785	0.794891459	1
am_0033_obj_003_削皮刀	obj_003_削皮刀	削皮刀	knife	peeler	grasp,cut	2	0.8952346080107264	0.9064574141469468	0.9113978950883492	0.9158907213187532	0.9191658765085085	0.9228766854688901	0.9242369360911613	0.020	0.478469785	0.895234608	1
am_0034_obj_003_削皮刀	obj_003_削皮刀	削皮刀	knife	peeler	grasp,cut	2	0.8669697652928987	0.8879178100562726	0.8992945433980511	0.9055952285635147	0.9109029327322791	0.9186909229101337	0.9227304657577742	0.020	0.478469785	0.866969765	1
am_0035_obj_003_削皮刀	obj_003_削皮刀	削皮刀	knife	peeler	grasp,cut	2	0.7953323024985959	0.834845502043825	0.8643369706933622	0.889587800544441	0.9062556650367136	0.9212721478143175	0.9239105962707124	0.020	0.478469785	0.795332302	1
am_0036_obj_003_削皮刀	obj_003_削皮刀	削皮刀	knife	peeler	grasp,cut	2	0.8912256360660772	0.9048820249780215	0.910866291869164	0.9154311199993883	0.9183103206898684	0.9221293474106553	0.9239302607229554	0.020	0.478469785	0.891225636	1
am_0037_obj_003_削皮刀	obj_003_削皮刀	削皮刀	knife	peeler	grasp,cut	2	0.8826893173000057	0.8990693116222043	0.9072584837813974	0.9122668777987653	0.9164841179335719	0.9218332079917424	0.9238654895858194	0.020	0.478469785	0.882689317	1
am_0038_obj_003_削皮刀	obj_003_削皮刀	削皮刀	knife	peeler	grasp,cut	2	0.8779174485117144	0.900096201425199	0.9134693745814089	0.9192332621845709	0.9211195474060516	0.9232429619566949	0.9244012268674731	0.020	0.478469785	0.877917449	1
am_0039_obj_003_削皮刀	obj_003_削皮刀	削皮刀	knife	peeler	grasp,cut	2	0.8790019760745365	0.8990921341901453	0.9102117155566558	0.9149066417440792	0.9181878501722363	0.9221792263184319	0.9240997593781681	0.020	0.478469785	0.879001976	1
am_0040_obj_003_削皮刀	obj_003_削皮刀	削皮刀	knife	peeler	grasp,cut	2	0.8610924206917685	0.8901709005194758	0.9029881491067809	0.9096383789009161	0.9143108605012029	0.9202181854498164	0.9232368868409644	0.020	0.478469785	0.861092421	1
am_0041_obj_003_削皮刀	obj_003_削皮刀	削皮刀	knife	peeler	grasp,cut	2	0.8775122865052305	0.8952605841313952	0.9027853774885968	0.908570111543866	0.9129433331765922	0.9191391204598163	0.9227072438973306	0.020	0.478469785	0.877512287	1
am_0042_obj_003_削皮刀	obj_003_削皮刀	削皮刀	knife	peeler	grasp,cut	2	0.8910216976987726	0.9035765015875653	0.9099241080419552	0.9144435366006731	0.9182944658781349	0.9220994709332755	0.9239585946929445	0.020	0.478469785	0.891021698	1
am_0043_obj_003_削皮刀	obj_003_削皮刀	削皮刀	knife	peeler	grasp,cut	2	0.847177727241263	0.8783629426284465	0.8972645147730105	0.9084494761327457	0.9138468541585143	0.9203080766335574	0.9233543295803208	0.020	0.478469785	0.847177727	1
am_0044_obj_003_削皮刀	obj_003_削皮刀	削皮刀	knife	peeler	grasp,cut	2	0.8918259000530026	0.9042367109435405	0.9126613604032979	0.916860798063036	0.9198731362457717	0.9230953344365429	0.9242461638377324	0.020	0.478469785	0.891825900	1
am_0045_obj_003_削皮刀	obj_003_削皮刀	削皮刀	knife	peeler	grasp,cut	2	0.8688004029763143	0.894802778411303	0.9094033165806132	0.9159884942194246	0.9192995917531397	0.9224175045736787	0.9239973252502416	0.020	0.478469785	0.868800403	1
am_0046_obj_003_削皮刀	obj_003_削皮刀	削皮刀	knife	peeler	grasp,cut	2	0.8890770173684028	0.9054569721769403	0.9115908380895554	0.9162282554771306	0.9194881294473418	0.9227925150254814	0.9241554002439573	0.020	0.478469785	0.889077017	1
am_0047_obj_003_削皮刀	obj_003_削皮刀	削皮刀	knife	peeler	grasp,cut	2	0.8671750810187184	0.8918406795732021	0.9078716095885261	0.9172766236261842	0.9199498791029603	0.9226377704291575	0.9240879380169758	0.020	0.478469785	0.867175081	1
am_0048_obj_004_剪刀	obj_004_剪刀	剪刀	knife	scissors	grasp,cut	2	0.8916824599591031	0.9061946084244876	0.914175736913353	0.9186839976181893	0.9211331924397113	0.9245393374465811	0.926819380714548	0.020	0.478469785	0.891682460	1
am_0049_obj_004_剪刀	obj_004_剪刀	剪刀	knife	scissors	grasp,cut	2	0.8764065911824933	0.8978904532878417	0.911656804095667	0.9209313360184195	0.9268333101197099	0.9317877709723643	0.9334300482378226	0.020	0.478469785	0.876406591	1
am_0050_obj_004_剪刀	obj_004_剪刀	剪刀	knife	scissors	grasp,cut	2	0.8550555895083909	0.8827703309289927	0.9032656913977053	0.9189620255935418	0.9295302983542479	0.9374165839268999	0.9404785281617283	0.020	0.478469785	0.855055590	1
am_0051_obj_004_剪刀	obj_004_剪刀	剪刀	knife	scissors	grasp,cut	2	0.8684780023826146	0.8871092960258294	0.9003116631564527	0.9121152182050098	0.9215945693514433	0.9322937019272471	0.9367681683406623	0.020	0.478469785	0.868478002	1
am_0052_obj_004_剪刀	obj_004_剪刀	剪刀	knife	scissors	grasp,cut	2	0.868811638409434	0.8949373753575514	0.9115434243258955	0.9236940180069018	0.9298409045728628	0.935000363205297	0.9377109481549858	0.020	0.478469785	0.868811638	1
am_0053_obj_004_剪刀	obj_004_剪刀	剪刀	knife	scissors	grasp,cut	2	0.8484484423440976	0.8661389007628044	0.8821076885663993	0.8954043188502474	0.9064221177456876	0.9187435481849344	0.9282759074088199	0.020	0.478469785	0.848448442	1
am_0054_obj_004_剪刀	obj_004_剪刀	剪刀	knife	scissors	grasp,cut	2	0.8929154891708884	0.9111932859223519	0.9221996159830277	0.9288834986148066	0.9325557664035189	0.9361842072160428	0.9385462797729244	0.020	0.478469785	0.892915489	1
am_0055_obj_004_剪刀	obj_004_剪刀	剪刀	knife	scissors	grasp,cut	2	0.8926475967349337	0.9098773613862596	0.9211024718296382	0.9289006394572762	0.9328167460941239	0.9359911071312175	0.9378173828125	0.020	0.478469785	0.892647597	1
am_0056_obj_004_剪刀	obj_004_剪刀	剪刀	knife	scissors	grasp,cut	2	0.8914782841418875	0.9140313971151914	0.9263710507147677	0.931792115591649	0.9341879618387666	0.936090087890625	0.937872314453125	0.020	0.478469785	0.891478284	1
am_0057_obj_004_剪刀	obj_004_剪刀	剪刀	knife	scissors	grasp,cut	2	0.8262117673559819	0.8564186470370012	0.8812000559824098	0.9013044042907555	0.9172602087788958	0.9315982672755976	0.9372247578465505	0.020	0.478469785	0.826211767	1
am_0058_obj_004_剪刀	obj_004_剪刀	剪刀	knife	scissors	grasp,cut	2	0.892435594652241	0.91057790544308	0.9206917849947686	0.9268328413603446	0.9305451568864764	0.9351411344276377	0.9372514897997106	0.020	0.478469785	0.892435595	1
am_0059_obj_004_剪刀	obj_004_剪刀	剪刀	knife	scissors	grasp,cut	2	0.8579251438358606	0.8865204799311227	0.9056271493388859	0.9176557671315894	0.9264493106702074	0.9346893960247697	0.9376914223269956	0.020	0.478469785	0.857925144	1
am_0060_obj_004_剪刀	obj_004_剪刀	剪刀	knife	scissors	grasp,cut	2	0.8917115129105135	0.9076901587214778	0.91999447617885	0.9276119693543048	0.932017646241652	0.9376582605648053	0.9411604674104714	0.020	0.478469785	0.891711513	1
am_0061_obj_004_剪刀	obj_004_剪刀	剪刀	knife	scissors	grasp,cut	2	0.7333466697943423	0.7565453348507936	0.775329159006771	0.7919249440470792	0.8051086705437338	0.8285336719967118	0.8564639960126755	0.020	0.478469785	0.733346670	1
am_0062_obj_004_剪刀	obj_004_剪刀	剪刀	knife	scissors	grasp,cut	2	0.8675246272690983	0.8981073127096424	0.9171608726670804	0.9282783629922307	0.9340471293988835	0.9385584984225313	0.9407356408408584	0.020	0.478469785	0.867524627	1
am_0063_obj_004_剪刀	obj_004_剪刀	剪刀	knife	scissors	grasp,cut	2	0.786779359360305	0.8109324607588351	0.8331156775103546	0.8541858071249098	0.8693725315168038	0.8937003161994077	0.9068108495569711	0.020	0.478469785	0.786779359	1
am_0064_obj_005_勺子	obj_005_勺子	勺子	spoon	spoon	grasp,shovel	2	0.9099273920116353	0.9198989754527396	0.9269030382468958	0.930922031855846	0.9332566137210498	0.9371991838727678	0.9417523465175861	0.020	0.478469785	0.909927392	1
am_0065_obj_005_勺子	obj_005_勺子	勺子	spoon	spoon	grasp,shovel	2	0.8852134326666119	0.8966728644932873	0.9059803212297983	0.9151879522140685	0.9219722603593682	0.9274680331478309	0.9285917852029382	0.020	0.478469785	0.885213433	1
am_0066_obj_005_勺子	obj_005_勺子	勺子	spoon	spoon	grasp,shovel	2	0.9141742429978831	0.9206994749124547	0.9247312163373237	0.9268672977177488	0.9279302396243674	0.9292034986893262	0.9310990767045455	0.020	0.478469785	0.914174243	1
am_0067_obj_005_勺子	obj_005_勺子	勺子	spoon	spoon	grasp,shovel	2	0.9072942829896695	0.9172697867300671	0.9259535768712734	0.9324775837854855	0.9360329031663885	0.9401648048462907	0.9446643587534364	0.020	0.478469785	0.907294283	1
am_0068_obj_005_勺子	obj_005_勺子	勺子	spoon	spoon	grasp,shovel	2	0.9035173671148373	0.9121287648363623	0.9182636161589293	0.9237954304561243	0.9256827586044589	0.9273447723236541	0.9282558458741359	0.020	0.478469785	0.903517367	1
am_0069_obj_005_勺子	obj_005_勺子	勺子	spoon	spoon	grasp,shovel	2	0.9037970675318643	0.9118674228702309	0.9198866168369737	0.9269966611024194	0.93119491493926	0.9340494753061255	0.9380755127625688	0.020	0.478469785	0.903797068	1
am_0070_obj_005_勺子	obj_005_勺子	勺子	spoon	spoon	grasp,shovel	2	0.9126559286152748	0.918933600580278	0.9250782633036232	0.9277230031657608	0.9287422949546844	0.9309510131646093	0.9330861919150801	0.020	0.478469785	0.912655929	1
am_0071_obj_005_勺子	obj_005_勺子	勺子	spoon	spoon	grasp,shovel	2	0.8955792277618058	0.905598909214139	0.917065397575717	0.926459623879737	0.9311779960924604	0.934608327757216	0.9377904378358091	0.020	0.478469785	0.895579228	1
am_0072_obj_005_勺子	obj_005_勺子	勺子	spoon	spoon	grasp,shovel	2	0.8987235029699219	0.9100546623856429	0.9202784356103986	0.9260876492033487	0.9298869131064389	0.9326100866779004	0.9350931291560207	0.020	0.478469785	0.898723503	1
am_0073_obj_005_勺子	obj_005_勺子	勺子	spoon	spoon	grasp,shovel	2	0.8961598118388201	0.9085132590230971	0.919984897625981	0.9304003126283875	0.9371177565809824	0.9431203711408073	0.9462152944711539	0.020	0.478469785	0.896159812	1
am_0074_obj_005_勺子	obj_005_勺子	勺子	spoon	spoon	grasp,shovel	2	0.9006472481703443	0.9095021330197026	0.9176624619931779	0.9251779618031273	0.9320590212184094	0.9418111931309169	0.9457870263725948	0.020	0.478469785	0.900647248	1
am_0075_obj_005_勺子	obj_005_勺子	勺子	spoon	spoon	grasp,shovel	2	0.9111485440809564	0.9188069216959861	0.9245686474074191	0.927764138495154	0.9293093406713551	0.9313187240006088	0.9337832744469804	0.020	0.478469785	0.911148544	1
am_0076_obj_005_勺子	obj_005_勺子	勺子	spoon	spoon	grasp,shovel	2	0.8911684188952498	0.9029486056649225	0.9152751696261304	0.9254174928081706	0.9322922592964349	0.9375718245967742	0.9416998061176124	0.020	0.478469785	0.891168419	1
am_0077_obj_005_勺子	obj_005_勺子	勺子	spoon	spoon	grasp,shovel	2	0.9067211800473937	0.9152272620754736	0.9209453147877598	0.9248173679476164	0.9273307006263198	0.9313806610118718	0.9347813527674346	0.020	0.478469785	0.906721180	1
am_0078_obj_005_勺子	obj_005_勺子	勺子	spoon	spoon	grasp,shovel	2	0.9015236489020597	0.9100240929181689	0.9174639910831035	0.9233148714152231	0.9277657464293604	0.9312701989467604	0.9336409843806044	0.020	0.478469785	0.901523649	1
am_0079_obj_005_勺子	obj_005_勺子	勺子	spoon	spoon	grasp,shovel	2	0.9149923696650543	0.9203807697957103	0.924378044214671	0.9259301006719796	0.9269090629794493	0.9282466297190153	0.9298643794745506	0.020	0.478469785	0.914992370	1
am_0080_obj_006_勺子2	obj_006_勺子2	勺子2	spoon	spoon	grasp,shovel	2	0.9129435673118245	0.9207008270877653	0.924647549270666	0.9264065719130915	0.9271423914178604	0.928125	0.92900390625	0.020	0.478469785	0.912943567	1
am_0081_obj_006_勺子2	obj_006_勺子2	勺子2	spoon	spoon	grasp,shovel	2	0.9042969358584629	0.9154480655268512	0.9214390824528885	0.9245537196569309	0.926342557807243	0.9280102483827064	0.9290405273437501	0.020	0.478469785	0.904296936	1
am_0082_obj_006_勺子2	obj_006_勺子2	勺子2	spoon	spoon	grasp,shovel	2	0.8987993627164681	0.9089280114187972	0.9164631750295242	0.9219625634589794	0.9251168172427573	0.9280162050874733	0.92916259765625	0.020	0.478469785	0.898799363	1
am_0083_obj_006_勺子2	obj_006_勺子2	勺子2	spoon	spoon	grasp,shovel	2	0.8976905578425944	0.9093293176286797	0.9168931548534717	0.9224253157184017	0.925896641668221	0.9281250000000001	0.929058837890625	0.020	0.478469785	0.897690558	1
am_0084_obj_006_勺子2	obj_006_勺子2	勺子2	spoon	spoon	grasp,shovel	2	0.901695136235648	0.9134374013291868	0.9205300987437277	0.9250508885074205	0.9266307495229078	0.9280179166740065	0.92896728515625	0.020	0.478469785	0.901695136	1
am_0085_obj_006_勺子2	obj_006_勺子2	勺子2	spoon	spoon	grasp,shovel	2	0.8710799458422211	0.8768020693938439	0.8795743908004299	0.8811812138300116	0.8821184732276061	0.8830612294281657	0.8839008485932354	0.020	0.478469785	0.871079946	1
am_0086_obj_006_勺子2	obj_006_勺子2	勺子2	spoon	spoon	grasp,shovel	2	0.9034921244081262	0.9149622482512725	0.9224410569336459	0.9255631690504811	0.9268600040396712	0.928163320228071	0.929119873046875	0.020	0.478469785	0.903492124	1
am_0087_obj_006_勺子2	obj_006_勺子2	勺子2	spoon	spoon	grasp,shovel	2	0.9113350651706347	0.9200206945749813	0.9237571109587867	0.9257234759775496	0.9268110490076531	0.9279806885319232	0.9288330078125	0.020	0.478469785	0.911335065	1
am_0088_obj_006_勺子2	obj_006_勺子2	勺子2	spoon	spoon	grasp,shovel	2	0.9025502596032782	0.9120842709598795	0.9187168979778435	0.9231658411232301	0.9255570202367729	0.9279124646165591	0.9290687001487012	0.020	0.478469785	0.902550260	1
am_0089_obj_006_勺子2	obj_006_勺子2	勺子2	spoon	spoon	grasp,shovel	2	0.9110125294207458	0.9196882964700905	0.9237737218825737	0.9258470553298824	0.9270664531242873	0.9282817341607331	0.9291137695312499	0.020	0.478469785	0.911012529	1
am_0090_obj_006_勺子2	obj_006_勺子2	勺子2	spoon	spoon	grasp,shovel	2	0.9087543621353236	0.9168904106004583	0.9214074797713314	0.924453408734408	0.925963775741194	0.927661109998764	0.928741455078125	0.020	0.478469785	0.908754362	1
am_0091_obj_006_勺子2	obj_006_勺子2	勺子2	spoon	spoon	grasp,shovel	2	0.9013585982017644	0.9104872962119234	0.9172493588368881	0.9225264064180457	0.9251607067004661	0.9277545431477712	0.92880859375	0.020	0.478469785	0.901358598	1
am_0092_obj_006_勺子2	obj_006_勺子2	勺子2	spoon	spoon	grasp,shovel	2	0.9072517508448468	0.916381737729697	0.9214610705063013	0.9248833334029616	0.9263999896709965	0.9281610989539171	0.9290527343749999	0.020	0.478469785	0.907251751	1
am_0093_obj_006_勺子2	obj_006_勺子2	勺子2	spoon	spoon	grasp,shovel	2	0.9165667054704982	0.9228879846674571	0.9256858925104763	0.9268124312242816	0.9274676060572462	0.928253173828125	0.9291259765625	0.020	0.478469785	0.916566705	1
am_0094_obj_006_勺子2	obj_006_勺子2	勺子2	spoon	spoon	grasp,shovel	2	0.9176198173220573	0.9219660133339165	0.9241700310529832	0.925460900323562	0.9261930984094842	0.9272339287732905	0.9282288018201654	0.020	0.478469785	0.917619817	1
am_0095_obj_006_勺子2	obj_006_勺子2	勺子2	spoon	spoon	grasp,shovel	2	0.9064512688320785	0.9130813910692758	0.9157102661593146	0.917032550444732	0.917917866897026	0.9188835629569725	0.9196587094413474	0.020	0.478469785	0.906451269	1
am_0096_obj_007_勺子3	obj_007_勺子3	勺子3	spoon	spoon	grasp,shovel	2	0.924497898325706	0.9309022438195719	0.9356852250885531	0.9406146472013449	0.9447620143378831	0.948468017578125	0.948968505859375	0.020	0.478469785	0.924497898	1
am_0097_obj_007_勺子3	obj_007_勺子3	勺子3	spoon	spoon	grasp,shovel	2	0.9217562488649227	0.922076416015625	0.922320556640625	0.9226013183593751	0.922845458984375	0.92347412109375	0.92396240234375	0.020	0.478469785	0.921756249	1
am_0098_obj_007_勺子3	obj_007_勺子3	勺子3	spoon	spoon	grasp,shovel	2	0.9165580627624019	0.9197800912205576	0.9215929532381162	0.9226485366379416	0.9230917454529293	0.9235887072332974	0.9241789221653538	0.020	0.478469785	0.916558063	1
am_0099_obj_007_勺子3	obj_007_勺子3	勺子3	spoon	spoon	grasp,shovel	2	0.9216853779255889	0.9222696048158032	0.92259521484375	0.9228881835937499	0.9231323242187499	0.92349853515625	0.923956298828125	0.020	0.478469785	0.921685378	1
am_0100_obj_007_勺子3	obj_007_勺子3	勺子3	spoon	spoon	grasp,shovel	2	0.921888479593128	0.9233454637292295	0.9238781934039135	0.9242924854710621	0.9246965194247383	0.9257085816473023	0.9268328346290025	0.020	0.478469785	0.921888480	1
am_0101_obj_007_勺子3	obj_007_勺子3	勺子3	spoon	spoon	grasp,shovel	2	0.9388743628938534	0.9419755003132131	0.9440453582114362	0.9452930354649418	0.9462873332480484	0.9481538781797252	0.948931884765625	0.020	0.478469785	0.938874363	1
am_0102_obj_007_勺子3	obj_007_勺子3	勺子3	spoon	spoon	grasp,shovel	2	0.9197862039714874	0.922494721009153	0.923409216867205	0.9240042366130339	0.9246940806432423	0.92700842610283	0.9312909294577205	0.020	0.478469785	0.919786204	1
am_0103_obj_007_勺子3	obj_007_勺子3	勺子3	spoon	spoon	grasp,shovel	2	0.921766159880041	0.922039794921875	0.9222656250000001	0.9225830078125	0.9228515625	0.9234558105468751	0.9239440917968751	0.020	0.478469785	0.921766160	1
am_0104_obj_007_勺子3	obj_007_勺子3	勺子3	spoon	spoon	grasp,shovel	2	0.9304440383139796	0.9334587999331303	0.9360238731003423	0.9393712276799406	0.9426392588274033	0.9466399940005498	0.9486121638775555	0.020	0.478469785	0.930444038	1
am_0105_obj_007_勺子3	obj_007_勺子3	勺子3	spoon	spoon	grasp,shovel	2	0.9203619682293342	0.9220598464715677	0.9223876953125	0.9226623535156251	0.922869873046875	0.923388671875	0.9239135742187501	0.020	0.478469785	0.920361968	1
am_0106_obj_007_勺子3	obj_007_勺子3	勺子3	spoon	spoon	grasp,shovel	2	0.9206872799165946	0.9219847115011555	0.9223999023437499	0.922650146484375	0.922918701171875	0.923516845703125	0.9239746093750001	0.020	0.478469785	0.920687280	1
am_0107_obj_007_勺子3	obj_007_勺子3	勺子3	spoon	spoon	grasp,shovel	2	0.919680477293968	0.9218585030630164	0.922332763671875	0.922540283203125	0.9227661132812499	0.9232849121093749	0.92381591796875	0.020	0.478469785	0.919680477	1
am_0108_obj_007_勺子3	obj_007_勺子3	勺子3	spoon	spoon	grasp,shovel	2	0.9191082637023356	0.9206087846419175	0.9220241878566553	0.9226296210293562	0.922894287109375	0.923388671875	0.92391357421875	0.020	0.478469785	0.919108264	1
am_0109_obj_007_勺子3	obj_007_勺子3	勺子3	spoon	spoon	grasp,shovel	2	0.9162164981226952	0.9215632948497793	0.9236704794481515	0.9242088757260307	0.9247177021155196	0.9262203592649648	0.9300006149406719	0.020	0.478469785	0.916216498	1
am_0110_obj_007_勺子3	obj_007_勺子3	勺子3	spoon	spoon	grasp,shovel	2	0.9208249556708792	0.92198742742266	0.9223080784729977	0.922560153713474	0.922788646649932	0.9232912133825019	0.9239290364583335	0.020	0.478469785	0.920824956	1
am_0111_obj_007_勺子3	obj_007_勺子3	勺子3	spoon	spoon	grasp,shovel	2	0.9224272522541687	0.9242221922757912	0.9248196577383865	0.9255126085532162	0.926178953486336	0.928309146826866	0.9321246457567403	0.020	0.478469785	0.922427252	1
am_0112_obj_008_医疗箱	obj_008_医疗箱	医疗箱	bag	bag	grasp,contain,open	3	0.49155877758442507	0.5301385584103016	0.5649347976047188	0.5924635406149026	0.6235430170810704	0.6726880977623036	0.7116007129941048	0.020	0.478469785	0.491558778	1
am_0113_obj_008_医疗箱	obj_008_医疗箱	医疗箱	bag	bag	grasp,contain,open	3	0.5251304402594061	0.5712694572436358	0.6094529014489581	0.6345296196027873	0.6573265434035247	0.6978499145596567	0.728143372700211	0.020	0.478469785	0.525130440	1
am_0114_obj_008_医疗箱	obj_008_医疗箱	医疗箱	bag	bag	grasp,contain,open	3	0.5087624627594753	0.5511562519046991	0.5837079177676993	0.607175554230541	0.629128990194435	0.6621163397102502	0.6942159365041737	0.020	0.478469785	0.508762463	1
am_0115_obj_008_医疗箱	obj_008_医疗箱	医疗箱	bag	bag	grasp,contain,open	3	0.5056203013037096	0.5528742472369506	0.5856357948162497	0.6150363496714362	0.648019888225968	0.6893868887802906	0.7327751497927159	0.020	0.478469785	0.505620301	1
am_0116_obj_008_医疗箱	obj_008_医疗箱	医疗箱	bag	bag	grasp,contain,open	3	0.48428830314213744	0.5345641993388313	0.5698329285235593	0.59982451375509	0.6240950663648189	0.6687852488547302	0.7004577428558786	0.020	0.478469785	0.484288303	1
am_0117_obj_008_医疗箱	obj_008_医疗箱	医疗箱	bag	bag	grasp,contain,open	3	0.5385507025057078	0.5949019064479261	0.6299280304033438	0.6580656423731098	0.684582224579389	0.7182134672160561	0.7457468750751529	0.020	0.478469785	0.538550703	1
am_0118_obj_008_医疗箱	obj_008_医疗箱	医疗箱	bag	bag	grasp,contain,open	3	0.41746593208164656	0.45571653010023044	0.4920967515531973	0.5196519316286016	0.5484726915980609	0.5977452874619505	0.6329359575693091	0.020	0.478469785	0.417465932	0
am_0119_obj_008_医疗箱	obj_008_医疗箱	医疗箱	bag	bag	grasp,contain,open	3	0.471461472075555	0.512905465689547	0.5488582767896282	0.5774756510038603	0.603386931183767	0.6441170196683111	0.6803930960779828	0.020	0.478469785	0.471461472	0
am_0120_obj_008_医疗箱	obj_008_医疗箱	医疗箱	bag	bag	grasp,contain,open	3	0.5660545145314394	0.6162741342861318	0.6556509887778704	0.6872840602956121	0.7095975179627022	0.7506773721578298	0.7819554333763546	0.020	0.478469785	0.566054515	1
am_0121_obj_008_医疗箱	obj_008_医疗箱	医疗箱	bag	bag	grasp,contain,open	3	0.4694868031348778	0.5083035846577934	0.536119010619588	0.5557158664591771	0.5706147999243105	0.5993181147223021	0.6233977684178699	0.020	0.478469785	0.469486803	0
am_0122_obj_008_医疗箱	obj_008_医疗箱	医疗箱	bag	bag	grasp,contain,open	3	0.5004051853777268	0.5448543210267888	0.5799771871837115	0.6071933770526029	0.6337037469468285	0.6702079624377578	0.702245765906166	0.020	0.478469785	0.500405185	1
am_0123_obj_008_医疗箱	obj_008_医疗箱	医疗箱	bag	bag	grasp,contain,open	3	0.49431968052480196	0.537014386102101	0.5746931789047028	0.5962923710972595	0.6178013921667059	0.650673604671521	0.6820126894409887	0.020	0.478469785	0.494319681	1
am_0124_obj_008_医疗箱	obj_008_医疗箱	医疗箱	bag	bag	grasp,contain,open	3	0.5430618911394564	0.5886425589335046	0.6302368628207566	0.6559945345541282	0.6844586950348525	0.7230106788936795	0.7537009559488498	0.020	0.478469785	0.543061891	1
am_0125_obj_008_医疗箱	obj_008_医疗箱	医疗箱	bag	bag	grasp,contain,open	3	0.3973760206521559	0.42806936908702836	0.4516993563986735	0.4701796515106986	0.48636433184781364	0.5128829094312678	0.5316471024182431	0.020	0.478469785	0.397376021	0
am_0126_obj_008_医疗箱	obj_008_医疗箱	医疗箱	bag	bag	grasp,contain,open	3	0.2616517490723963	0.28741195223960886	0.3108655377330229	0.3318038849068701	0.352509334988735	0.392715913740052	0.4309964483914051	0.020	0.478469785	0.261651749	0
am_0127_obj_008_医疗箱	obj_008_医疗箱	医疗箱	bag	bag	grasp,contain,open	3	0.2384564923221444	0.26138149355251755	0.2817350849637202	0.29827715822180906	0.3123251473199337	0.34052669138025715	0.3676718022258354	0.020	0.478469785	0.238456492	0
am_0128_obj_009_叉子	obj_009_叉子	叉子	fork	fork	grasp,insert	2	0.9179625111701744	0.9203037205306761	0.92093505859375	0.921282958984375	0.9216674804687499	0.9223388671874999	0.9231506347656251	0.020	0.478469785	0.917962511	1
am_0129_obj_009_叉子	obj_009_叉子	叉子	fork	fork	grasp,insert	2	0.9150099773265621	0.9199989076037249	0.9212423335280373	0.92164306640625	0.921954345703125	0.922564697265625	0.92314453125	0.020	0.478469785	0.915009977	1
am_0130_obj_009_叉子	obj_009_叉子	叉子	fork	fork	grasp,insert	2	0.9175599045118419	0.9202375107717755	0.920880126953125	0.9212646484375	0.92161865234375	0.922314453125	0.92301025390625	0.020	0.478469785	0.917559905	1
am_0131_obj_009_叉子	obj_009_叉子	叉子	fork	fork	grasp,insert	2	0.9172053386334754	0.9198231176688616	0.9208750900712985	0.92144775390625	0.92181396484375	0.922369384765625	0.923065185546875	0.020	0.478469785	0.917205339	1
am_0132_obj_009_叉子	obj_009_叉子	叉子	fork	fork	grasp,insert	2	0.9192519453095571	0.9205443811041202	0.921014404296875	0.921380615234375	0.921746826171875	0.92236328125	0.92310791015625	0.020	0.478469785	0.919251945	1
am_0133_obj_009_叉子	obj_009_叉子	叉子	fork	fork	grasp,insert	2	0.9178952215781608	0.9201370744774318	0.9210277633300445	0.9214111328125	0.92178955078125	0.922607421875	0.923223876953125	0.020	0.478469785	0.917895222	1
am_0134_obj_009_叉子	obj_009_叉子	叉子	fork	fork	grasp,insert	2	0.9127218615886364	0.9183819209153059	0.9206529532827188	0.92113037109375	0.9215454101562499	0.922247314453125	0.922833251953125	0.020	0.478469785	0.912721862	1
am_0135_obj_009_叉子	obj_009_叉子	叉子	fork	fork	grasp,insert	2	0.9173361379601801	0.9198351754477023	0.9209294655164688	0.9214207648434237	0.921832275390625	0.922552490234375	0.923248291015625	0.020	0.478469785	0.917336138	1
am_0136_obj_009_叉子	obj_009_叉子	叉子	fork	fork	grasp,insert	2	0.9074804095558413	0.9167772302433611	0.9199931122227644	0.9211507975260416	0.921661376953125	0.922454833984375	0.923004150390625	0.020	0.478469785	0.907480410	1
am_0137_obj_009_叉子	obj_009_叉子	叉子	fork	fork	grasp,insert	2	0.9158629043975232	0.9192922548993715	0.9207515237395164	0.9212707519531249	0.92166748046875	0.9224365234375	0.923016357421875	0.020	0.478469785	0.915862904	1
am_0138_obj_009_叉子	obj_009_叉子	叉子	fork	fork	grasp,insert	2	0.9179310011353972	0.9202740031384938	0.921063232421875	0.92142333984375	0.921832275390625	0.9224365234375	0.923028564453125	0.020	0.478469785	0.917931001	1
am_0139_obj_009_叉子	obj_009_叉子	叉子	fork	fork	grasp,insert	2	0.8424377420946073	0.8524736556576293	0.8592982149287222	0.8647588521311362	0.8686722316830103	0.8730859025890545	0.8756511867089415	0.020	0.478469785	0.842437742	1
am_0140_obj_009_叉子	obj_009_叉子	叉子	fork	fork	grasp,insert	2	0.9089973327175773	0.9175298699485402	0.9205337008533061	0.921337890625	0.92176513671875	0.92236328125	0.92310791015625	0.020	0.478469785	0.908997333	1
am_0141_obj_009_叉子	obj_009_叉子	叉子	fork	fork	grasp,insert	2	0.8802131755115439	0.890281837526037	0.8950427640756133	0.8983720099401877	0.9001390872920376	0.9017517979828747	0.9025076985156812	0.020	0.478469785	0.880213176	1
am_0142_obj_009_叉子	obj_009_叉子	叉子	fork	fork	grasp,insert	2	0.9170807413533024	0.9201409070544646	0.9209716796875	0.92132568359375	0.92169189453125	0.9224609375	0.923040771484375	0.020	0.478469785	0.917080741	1
am_0143_obj_009_叉子	obj_009_叉子	叉子	fork	fork	grasp,insert	2	0.9180064277065585	0.9200803628735871	0.9206481933593751	0.9210205078125	0.921417236328125	0.92218017578125	0.922882080078125	0.020	0.478469785	0.918006428	1
am_0144_obj_010_开关	obj_010_开关	开关	button	switch	press	1	0.36461253596511695	0.3885518651713897	0.410956979658727	0.43026446145398617	0.4461628288700134	0.47956541326391866	0.5050179601198217	0.020	0.478469785	0.364612536	0
am_0145_obj_010_开关	obj_010_开关	开关	button	switch	press	1	0.44710699607413185	0.48382559906674727	0.5109199972553726	0.5359387087018221	0.558469756610633	0.5971053480969842	0.6323791169613555	0.020	0.478469785	0.447106996	0
am_0146_obj_010_开关	obj_010_开关	开关	button	switch	press	1	0.42963973165247904	0.45760320546092464	0.4834276192837019	0.5049298793938191	0.5219938195777526	0.5567979757378321	0.5824736493770118	0.020	0.478469785	0.429639732	0
am_0147_obj_010_开关	obj_010_开关	开关	button	switch	press	1	0.4877004264375441	0.5312514469699072	0.5636871485082077	0.5898172543225151	0.6088181159633699	0.6449842780381172	0.6714227003014432	0.020	0.478469785	0.487700426	1
am_0148_obj_010_开关	obj_010_开关	开关	button	switch	press	1	0.14379471496164212	0.15448612133351242	0.16234552314213258	0.16903228643733545	0.17525339490974093	0.19194739343393055	0.21027512799256468	0.020	0.478469785	0.143794715	0
am_0149_obj_010_开关	obj_010_开关	开关	button	switch	press	1	0.6475936473002503	0.7005388255647343	0.7324142612583795	0.756355413771346	0.7734846564369591	0.8082676418789105	0.8298160156885475	0.020	0.478469785	0.647593647	1
am_0150_obj_010_开关	obj_010_开关	开关	button	switch	press	1	0.646448882560356	0.6833108450998735	0.7152728459548717	0.7437339691557765	0.7652552720618171	0.8016459137864971	0.8286642407795444	0.020	0.478469785	0.646448883	1
am_0151_obj_010_开关	obj_010_开关	开关	button	switch	press	1	0.12705625142268842	0.13545493799663624	0.14073746237943638	0.14658800587856508	0.15134403463226415	0.1615729947965066	0.17230288068246372	0.020	0.478469785	0.127056251	0
am_0152_obj_010_开关	obj_010_开关	开关	button	switch	press	1	0.5802808380832594	0.6289112878007594	0.6713573964211732	0.7022437869185214	0.7309916995202637	0.7630603691747662	0.7846070829708975	0.020	0.478469785	0.580280838	1
am_0153_obj_010_开关	obj_010_开关	开关	button	switch	press	1	0.5362567994278722	0.5743299520864861	0.6066851012833945	0.6310007261364803	0.6485232224803268	0.6772507996762767	0.7050581204984995	0.020	0.478469785	0.536256799	1
am_0154_obj_010_开关	obj_010_开关	开关	button	switch	press	1	0.5591722880082104	0.5971021296863306	0.6350143684882793	0.6649815722037374	0.695829554573887	0.7420991649486288	0.77034946996068	0.020	0.478469785	0.559172288	1
am_0155_obj_010_开关	obj_010_开关	开关	button	switch	press	1	0.16546654872903757	0.17701833215425494	0.1882496315574976	0.19732758826890603	0.2073712464047246	0.2264047871761088	0.24530194608266748	0.020	0.478469785	0.165466549	0
am_0156_obj_010_开关	obj_010_开关	开关	button	switch	press	1	0.23261703069023457	0.24900455515503736	0.25974769243341445	0.2719841807748699	0.2840599476093869	0.3106925639534465	0.33737152764221656	0.020	0.478469785	0.232617031	0
am_0157_obj_010_开关	obj_010_开关	开关	button	switch	press	1	0.355074677525626	0.37918603188204925	0.40460311615856115	0.4295811405827381	0.4482554471613803	0.482176067212284	0.5057882886295845	0.020	0.478469785	0.355074678	0
am_0158_obj_010_开关	obj_010_开关	开关	button	switch	press	1	0.10105889223008954	0.10746081423685931	0.11168299423896619	0.11648576718412754	0.12075906604083272	0.13002201423934667	0.1434104922690757	0.020	0.478469785	0.101058892	0
am_0159_obj_010_开关	obj_010_开关	开关	button	switch	press	1	0.4849431869089762	0.523140335188117	0.5531954397925233	0.5818137450914076	0.6038323034977016	0.648983032641075	0.6798271429925806	0.020	0.478469785	0.484943187	1
am_0160_obj_011_托盘	obj_011_托盘	托盘	plate	plate	grasp,place	2	0.8078516160982306	0.8517781947571603	0.8803629940421184	0.8978006461742423	0.911775662496851	0.9274151901442287	0.9353167043941429	0.020	0.478469785	0.807851616	1
am_0161_obj_011_托盘	obj_011_托盘	托盘	plate	plate	grasp,place	2	0.7922255352442139	0.8365283275857438	0.8704378956071495	0.8969695580409236	0.9117952852848781	0.9288230642314144	0.9378922185682649	0.020	0.478469785	0.792225535	1
am_0162_obj_011_托盘	obj_011_托盘	托盘	plate	plate	grasp,place	2	0.7952565159428362	0.8318984073492743	0.8627824914765949	0.8855286921203345	0.902548879452308	0.9237563140920233	0.9356379322004219	0.020	0.478469785	0.795256516	1
am_0163_obj_011_托盘	obj_011_托盘	托盘	plate	plate	grasp,place	2	0.7593274225858095	0.8014452685039779	0.8340882754506949	0.861876082891017	0.8820995332952062	0.909338996580136	0.9254921271275968	0.020	0.478469785	0.759327423	1
am_0164_obj_011_托盘	obj_011_托盘	托盘	plate	plate	grasp,place	2	0.773816574388991	0.8157859366752	0.8455459351643957	0.8712909212879724	0.8900332701657356	0.9149341445702923	0.9290739224819519	0.020	0.478469785	0.773816574	1
am_0165_obj_011_托盘	obj_011_托盘	托盘	plate	plate	grasp,place	2	0.821024323321342	0.8615498071741445	0.8875894012906282	0.904312000248602	0.9145393622571911	0.9295524807687436	0.9374471615113005	0.020	0.478469785	0.821024323	1
am_0166_obj_011_托盘	obj_011_托盘	托盘	plate	plate	grasp,place	2	0.7171756598472669	0.7592158438173976	0.7913310947997707	0.8204232524374431	0.8438896393686499	0.8805781927814701	0.9044307793914714	0.020	0.478469785	0.717175660	1
am_0167_obj_011_托盘	obj_011_托盘	托盘	plate	plate	grasp,place	2	0.6715413447674674	0.708304930806096	0.7409313767718362	0.7668067481480497	0.7919014702763685	0.8288981225978044	0.8552978517134542	0.020	0.478469785	0.671541345	1
am_0168_obj_011_托盘	obj_011_托盘	托盘	plate	plate	grasp,place	2	0.7808019503948382	0.8287193951272914	0.8580885652131091	0.8830873734900266	0.9015632942510964	0.9243694797458675	0.9355797697878541	0.020	0.478469785	0.780801950	1
am_0169_obj_011_托盘	obj_011_托盘	托盘	plate	plate	grasp,place	2	0.7928798538360503	0.8319799318499735	0.8610256018485316	0.8814619626380533	0.8973901726044355	0.9177092482623559	0.9284764693659742	0.020	0.478469785	0.792879854	1
am_0170_obj_011_托盘	obj_011_托盘	托盘	plate	plate	grasp,place	2	0.796818520056157	0.8382863601747711	0.8678746969480133	0.8907474135218452	0.9053973695964557	0.9260043439123868	0.9370439377640318	0.020	0.478469785	0.796818520	1
am_0171_obj_011_托盘	obj_011_托盘	托盘	plate	plate	grasp,place	2	0.7757803452683338	0.8205127278634927	0.8551998827844893	0.8836594381533842	0.8998239451473427	0.922785562391601	0.9351734587946167	0.020	0.478469785	0.775780345	1
am_0172_obj_011_托盘	obj_011_托盘	托盘	plate	plate	grasp,place	2	0.7717419310029743	0.8137449405727499	0.8456325214333241	0.8715211536355978	0.8913081518907033	0.9160945241473278	0.9318165685090491	0.020	0.478469785	0.771741931	1
am_0173_obj_011_托盘	obj_011_托盘	托盘	plate	plate	grasp,place	2	0.8072525242369852	0.8470987657614168	0.8777770847252545	0.8979164782802926	0.9118365370171098	0.9288297883957459	0.9365041439241345	0.020	0.478469785	0.807252524	1
am_0174_obj_011_托盘	obj_011_托盘	托盘	plate	plate	grasp,place	2	0.7850350727452758	0.825854329278312	0.8569298045023661	0.8818358621269988	0.9009011920759915	0.9227815414903182	0.9354350453977844	0.020	0.478469785	0.785035073	1
am_0175_obj_011_托盘	obj_011_托盘	托盘	plate	plate	grasp,place	2	0.7543296239849684	0.7977728365407701	0.8336703554599836	0.8593013775485666	0.8768274004515724	0.904772233267862	0.9226261261224589	0.020	0.478469785	0.754329624	1
am_0176_obj_012_抹布	obj_012_抹布	抹布	cleaning	cleaning	grasp,drag	2	0.9360146178927007	0.938118058173615	0.9398591614285746	0.9411135758004963	0.9423140226420096	0.9442728008417924	0.9459920192982451	0.020	0.478469785	0.936014618	1
am_0177_obj_012_抹布	obj_012_抹布	抹布	cleaning	cleaning	grasp,drag	2	0.9098127578734716	0.9174910850079292	0.9239134943957084	0.929323885317741	0.9334853285948574	0.9398611757494204	0.9446179363128193	0.020	0.478469785	0.909812758	1
am_0178_obj_012_抹布	obj_012_抹布	抹布	cleaning	cleaning	grasp,drag	2	0.9221250996819017	0.9263217591739539	0.9301470035865964	0.9332956332367186	0.9357653588326578	0.9403849074016608	0.943715214525634	0.020	0.478469785	0.922125100	1
am_0179_obj_012_抹布	obj_012_抹布	抹布	cleaning	cleaning	grasp,drag	2	0.9381114107365291	0.940773626635342	0.9428246738632832	0.9444851588247982	0.9457839991314043	0.9478872843178117	0.949313393528969	0.020	0.478469785	0.938111411	1
am_0180_obj_012_抹布	obj_012_抹布	抹布	cleaning	cleaning	grasp,drag	2	0.942940087201287	0.9442061394660082	0.945319813910422	0.9463349188541392	0.9474642868152533	0.9490064620355412	0.9498080133555926	0.020	0.478469785	0.942940087	1
am_0181_obj_012_抹布	obj_012_抹布	抹布	cleaning	cleaning	grasp,drag	2	0.8910742234898761	0.8990118117706487	0.9058504193871719	0.9120880839029957	0.9172478384698726	0.9263977773193622	0.9351288047269677	0.020	0.478469785	0.891074223	1
am_0182_obj_012_抹布	obj_012_抹布	抹布	cleaning	cleaning	grasp,drag	2	0.8997307238796657	0.9067025161176464	0.9124557536819109	0.9174606178047715	0.9219130879493431	0.9296797533024999	0.9359090418175813	0.020	0.478469785	0.899730724	1
am_0183_obj_012_抹布	obj_012_抹布	抹布	cleaning	cleaning	grasp,drag	2	0.9063062327049379	0.9128756715298462	0.9182247413993531	0.9225482778267522	0.9265790657756483	0.9338602196030537	0.939927251400754	0.020	0.478469785	0.906306233	1
am_0184_obj_012_抹布	obj_012_抹布	抹布	cleaning	cleaning	grasp,drag	2	0.9394470198497226	0.9418232654872137	0.9436099293768463	0.9449906827406034	0.9462368404254651	0.9479834539813856	0.9494141340168436	0.020	0.478469785	0.939447020	1
am_0185_obj_012_抹布	obj_012_抹布	抹布	cleaning	cleaning	grasp,drag	2	0.9326309836892828	0.9353388314032419	0.9376698245202306	0.9394301581896678	0.9409280495244265	0.943747938999536	0.9458695880866441	0.020	0.478469785	0.932630984	1
am_0186_obj_012_抹布	obj_012_抹布	抹布	cleaning	cleaning	grasp,drag	2	0.945411681573731	0.9467277530008887	0.947755976399627	0.9484800657399994	0.9490644038294169	0.9497464200477327	0.95	0.020	0.478469785	0.945411682	1
am_0187_obj_012_抹布	obj_012_抹布	抹布	cleaning	cleaning	grasp,drag	2	0.8974111890896009	0.9049517684713371	0.9110226445844904	0.9162477221536187	0.920740849595276	0.928295828621005	0.9347149111570573	0.020	0.478469785	0.897411189	1
am_0188_obj_012_抹布	obj_012_抹布	抹布	cleaning	cleaning	grasp,drag	2	0.8793541345682938	0.8883420928765624	0.8960956468554101	0.9024276168854535	0.9081349524487756	0.9187732488445102	0.9276014912544186	0.020	0.478469785	0.879354135	1
am_0189_obj_012_抹布	obj_012_抹布	抹布	cleaning	cleaning	grasp,drag	2	0.9461002098918683	0.9471052571558769	0.947777100378485	0.948344733242134	0.9488005578800558	0.9494624426605505	0.9498906067677946	0.020	0.478469785	0.946100210	1
am_0190_obj_012_抹布	obj_012_抹布	抹布	cleaning	cleaning	grasp,drag	2	0.9255939527806751	0.9295303261901878	0.9327482111649776	0.9357338346136489	0.9382945364191964	0.9420983080661753	0.9452820507488935	0.020	0.478469785	0.925593953	1
am_0191_obj_012_抹布	obj_012_抹布	抹布	cleaning	cleaning	grasp,drag	2	0.9424819778679234	0.9440881562759773	0.9452582266000581	0.9461980906399414	0.9472110511393395	0.9485879856349984	0.9495748299319728	0.020	0.478469785	0.942481978	1
am_0192_obj_013_果酱	obj_013_果酱	果酱	bottle	bottle	grasp,open,pour	3	0.7097864441123888	0.7637470480868789	0.7992329174508431	0.8259591950027252	0.8413907516576521	0.8689328447827925	0.8851141493776509	0.020	0.478469785	0.709786444	1
am_0193_obj_013_果酱	obj_013_果酱	果酱	bottle	bottle	grasp,open,pour	3	0.7344365074390006	0.7793042479932089	0.8072004854168089	0.8276396853744036	0.8418596495888653	0.861071438370943	0.8776939596368948	0.020	0.478469785	0.734436507	1
am_0194_obj_013_果酱	obj_013_果酱	果酱	bottle	bottle	grasp,open,pour	3	0.4035556087738903	0.44084822307545096	0.4773889288659165	0.5114350594617939	0.5412820824499146	0.5987564524074319	0.6472477723556299	0.020	0.478469785	0.403555609	0
am_0195_obj_013_果酱	obj_013_果酱	果酱	bottle	bottle	grasp,open,pour	3	0.7493538338605946	0.8002946377564167	0.8410797147284678	0.8606201221849226	0.871773996618558	0.8889941959740391	0.9004658030735088	0.020	0.478469785	0.749353834	1
am_0196_obj_013_果酱	obj_013_果酱	果酱	bottle	bottle	grasp,open,pour	3	0.476717511795673	0.5125879080917835	0.5491169974819662	0.5778800932614664	0.6006716419363842	0.6365705553596639	0.6639665315860016	0.020	0.478469785	0.476717512	0
am_0197_obj_013_果酱	obj_013_果酱	果酱	bottle	bottle	grasp,open,pour	3	0.7282542125658876	0.7794564193736194	0.8087419243536837	0.8288595964869453	0.8439651553033084	0.8645400474750042	0.8806848972920637	0.020	0.478469785	0.728254213	1
am_0198_obj_013_果酱	obj_013_果酱	果酱	bottle	bottle	grasp,open,pour	3	0.7189377912633598	0.766480237173817	0.7954176396008842	0.8136905133582791	0.8255717922162424	0.8468748854825892	0.8692521989485344	0.020	0.478469785	0.718937791	1
am_0199_obj_013_果酱	obj_013_果酱	果酱	bottle	bottle	grasp,open,pour	3	0.713375241260246	0.7603871712141365	0.7921583128601514	0.8149947132901469	0.8283656687461437	0.8528186589215306	0.8708608413148348	0.020	0.478469785	0.713375241	1
am_0200_obj_013_果酱	obj_013_果酱	果酱	bottle	bottle	grasp,open,pour	3	0.7516056286439833	0.8086146968600433	0.8437410505697279	0.8656475074141471	0.8774083341034619	0.8934205073235764	0.9041042827929431	0.020	0.478469785	0.751605629	1
am_0201_obj_013_果酱	obj_013_果酱	果酱	bottle	bottle	grasp,open,pour	3	0.6606622768458349	0.7111186213055722	0.7555705852263727	0.7860271438522961	0.8064212396073941	0.8377926443894519	0.8652525778870083	0.020	0.478469785	0.660662277	1
am_0202_obj_013_果酱	obj_013_果酱	果酱	bottle	bottle	grasp,open,pour	3	0.6991600966840011	0.7446833307953412	0.7790325474155066	0.8050499947639543	0.8234313479824035	0.8505195841308892	0.8712063261440551	0.020	0.478469785	0.699160097	1
am_0203_obj_013_果酱	obj_013_果酱	果酱	bottle	bottle	grasp,open,pour	3	0.16571413552696398	0.17932621450081765	0.19432616020892576	0.2084096376503843	0.22443938514460904	0.25609614038481326	0.28261721202987405	0.020	0.478469785	0.165714136	0
am_0204_obj_013_果酱	obj_013_果酱	果酱	bottle	bottle	grasp,open,pour	3	0.7296056158788989	0.782431082082386	0.8180731519964866	0.8380530158783531	0.8508450936367299	0.8700995240058095	0.8869534326836336	0.020	0.478469785	0.729605616	1
am_0205_obj_013_果酱	obj_013_果酱	果酱	bottle	bottle	grasp,open,pour	3	0.45686836242811585	0.49467799232391513	0.5295207485282861	0.5608843331754761	0.5851797851901096	0.6240689692777595	0.6549377471866388	0.020	0.478469785	0.456868362	0
am_0206_obj_013_果酱	obj_013_果酱	果酱	bottle	bottle	grasp,open,pour	3	0.5830834740528675	0.638492474632408	0.6866309470721893	0.7159708448415806	0.7365380824841833	0.7694320718721123	0.7969628817776355	0.020	0.478469785	0.583083474	1
am_0207_obj_013_果酱	obj_013_果酱	果酱	bottle	bottle	grasp,open,pour	3	0.3286746985557314	0.3550696951319505	0.383235041919258	0.4076416347837381	0.43763512376718766	0.4991591765784626	0.5614713238981318	0.020	0.478469785	0.328674699	0
am_0208_obj_014_水杯	obj_014_水杯	水杯	open_container	cup	grasp,contain	2	0.8273484031087277	0.8572876637513989	0.8735637051963284	0.8853180496743069	0.895078036565432	0.9107625206028303	0.9197991394251611	0.020	0.478469785	0.827348403	1
am_0209_obj_014_水杯	obj_014_水杯	水杯	open_container	cup	grasp,contain	2	0.8162697951530689	0.8477002233451345	0.8664855212207796	0.8794673019257093	0.8884642292743286	0.9021943128172037	0.9120277979858384	0.020	0.478469785	0.816269795	1
am_0210_obj_014_水杯	obj_014_水杯	水杯	open_container	cup	grasp,contain	2	0.8204306730664066	0.8532679425426838	0.8734879143214216	0.8867511154724474	0.8974179779926534	0.9124378770383945	0.9203639173803164	0.020	0.478469785	0.820430673	1
am_0211_obj_014_水杯	obj_014_水杯	水杯	open_container	cup	grasp,contain	2	0.7952324089196827	0.8249519168652075	0.8498325463966272	0.8642201628586542	0.8760744631691817	0.8928626109540133	0.9064441102407912	0.020	0.478469785	0.795232409	1
am_0212_obj_014_水杯	obj_014_水杯	水杯	open_container	cup	grasp,contain	2	0.777899781780396	0.8120971941904678	0.8376058375217815	0.8536544245102617	0.8691418146789219	0.8890953033407207	0.9010878524022614	0.020	0.478469785	0.777899782	1
am_0213_obj_014_水杯	obj_014_水杯	水杯	open_container	cup	grasp,contain	2	0.829301940011248	0.8549953562314674	0.8694772709184915	0.8819009704816846	0.8921007954187414	0.9062260854754394	0.9150806878962816	0.020	0.478469785	0.829301940	1
am_0214_obj_014_水杯	obj_014_水杯	水杯	open_container	cup	grasp,contain	2	0.7608492860500955	0.7923562330957084	0.8142325646468742	0.831730773128057	0.8454490514933735	0.8688249895514006	0.886210594381551	0.020	0.478469785	0.760849286	1
am_0215_obj_014_水杯	obj_014_水杯	水杯	open_container	cup	grasp,contain	2	0.783806899057828	0.8138228916577461	0.8394157959474673	0.8576807795152521	0.8725899800733539	0.8903798112818594	0.9051233592069776	0.020	0.478469785	0.783806899	1
am_0216_obj_014_水杯	obj_014_水杯	水杯	open_container	cup	grasp,contain	2	0.8025614097361926	0.8361113374561997	0.8595380264209105	0.8740579683205854	0.8882697055945388	0.9025718412149619	0.9116740456530467	0.020	0.478469785	0.802561410	1
am_0217_obj_014_水杯	obj_014_水杯	水杯	open_container	cup	grasp,contain	2	0.7884994348301985	0.8210742397883166	0.8476284380843115	0.8656954604303897	0.8797333873555722	0.8995218138629101	0.9087820426410441	0.020	0.478469785	0.788499435	1
am_0218_obj_014_水杯	obj_014_水杯	水杯	open_container	cup	grasp,contain	2	0.8112624081395061	0.8409701743962941	0.8634063217436267	0.8788222366217032	0.8910657903809538	0.9078431406077667	0.9185389252093217	0.020	0.478469785	0.811262408	1
am_0219_obj_014_水杯	obj_014_水杯	水杯	open_container	cup	grasp,contain	2	0.7951585249808057	0.8248543903596701	0.8414754611462909	0.8567649342392932	0.869112216242232	0.8868780797210951	0.8981108252775942	0.020	0.478469785	0.795158525	1
am_0220_obj_014_水杯	obj_014_水杯	水杯	open_container	cup	grasp,contain	2	0.82699163124063	0.8576779648515416	0.8745802731510912	0.8888133778417288	0.896488939456445	0.9116066723970306	0.9200602755159413	0.020	0.478469785	0.826991631	1
am_0221_obj_014_水杯	obj_014_水杯	水杯	open_container	cup	grasp,contain	2	0.78176608962188	0.8125868133151279	0.8317836314038388	0.8486951761804011	0.861883046769957	0.8822833331625143	0.8961543617986398	0.020	0.478469785	0.781766090	1
am_0222_obj_014_水杯	obj_014_水杯	水杯	open_container	cup	grasp,contain	2	0.7778850275367017	0.8083805085818021	0.829016403741438	0.8461682789034517	0.8586873196809517	0.8816856080753139	0.8982054079755157	0.020	0.478469785	0.777885028	1
am_0223_obj_014_水杯	obj_014_水杯	水杯	open_container	cup	grasp,contain	2	0.7736257856162472	0.8032453274841218	0.8250062648680947	0.8400617566713799	0.8533864409268315	0.8750691676311533	0.8950959515774515	0.020	0.478469785	0.773625786	1
am_0224_obj_015_水果刀	obj_015_水果刀	水果刀	knife	fruit_knife	grasp,cut	2	0.9034016725715335	0.914580318602161	0.9215342656327745	0.9240787790411603	0.9253808033496458	0.92689208984375	0.928167724609375	0.020	0.478469785	0.903401673	1
am_0225_obj_015_水果刀	obj_015_水果刀	水果刀	knife	fruit_knife	grasp,cut	2	0.908807710383994	0.9210867171662838	0.9244629799536412	0.925091552734375	0.92562255859375	0.927020263671875	0.928173828125	0.020	0.478469785	0.908807710	1
am_0226_obj_015_水果刀	obj_015_水果刀	水果刀	knife	fruit_knife	grasp,cut	2	0.9057596916904191	0.9177616258430685	0.9223207320562745	0.9244135784370651	0.9256362784622061	0.92711181640625	0.92835693359375	0.020	0.478469785	0.905759692	1
am_0227_obj_015_水果刀	obj_015_水果刀	水果刀	knife	fruit_knife	grasp,cut	2	0.8695314844497317	0.8854295285219134	0.8983854603092655	0.9095270911663678	0.9179556715038523	0.9262072693952319	0.9281066894531249	0.020	0.478469785	0.869531484	1
am_0228_obj_015_水果刀	obj_015_水果刀	水果刀	knife	fruit_knife	grasp,cut	2	0.9028750175077085	0.917582604020124	0.9226945399499821	0.9238057372720047	0.9243855712563797	0.9256612060220046	0.9269734618813796	0.020	0.478469785	0.902875018	1
am_0229_obj_015_水果刀	obj_015_水果刀	水果刀	knife	fruit_knife	grasp,cut	2	0.9134332785352229	0.9207763186669852	0.9236523418196863	0.9249021254153538	0.925488061123207	0.926995849609375	0.928167724609375	0.020	0.478469785	0.913433279	1
am_0230_obj_015_水果刀	obj_015_水果刀	水果刀	knife	fruit_knife	grasp,cut	2	0.8914112300476247	0.9097394126198142	0.921498021985274	0.9246081721979401	0.9254884888525723	0.9270080566406249	0.928173828125	0.020	0.478469785	0.891411230	1
am_0231_obj_015_水果刀	obj_015_水果刀	水果刀	knife	fruit_knife	grasp,cut	2	0.9072287922038244	0.9195909440980787	0.9240863691160945	0.9249530011561462	0.92548828125	0.9267822265625001	0.928143310546875	0.020	0.478469785	0.907228792	1
am_0232_obj_015_水果刀	obj_015_水果刀	水果刀	knife	fruit_knife	grasp,cut	2	0.8431910273216006	0.8705976783490859	0.8957218509207638	0.9128617804136108	0.9214005662191525	0.9267348007328253	0.928118896484375	0.020	0.478469785	0.843191027	1
am_0233_obj_015_水果刀	obj_015_水果刀	水果刀	knife	fruit_knife	grasp,cut	2	0.9136872553631289	0.9215336361926327	0.9240555795706245	0.9250262947823085	0.92562255859375	0.927020263671875	0.928240966796875	0.020	0.478469785	0.913687255	1
am_0234_obj_015_水果刀	obj_015_水果刀	水果刀	knife	fruit_knife	grasp,cut	2	0.9049678087897064	0.915729988676875	0.9213175122915247	0.9239342554779396	0.9252907946813751	0.926953125	0.928143310546875	0.020	0.478469785	0.904967809	1
am_0235_obj_015_水果刀	obj_015_水果刀	水果刀	knife	fruit_knife	grasp,cut	2	0.9128404446087707	0.9209394125624033	0.9240205371812102	0.924951171875	0.925439453125	0.926873779296875	0.92801513671875	0.020	0.478469785	0.912840445	1
am_0236_obj_015_水果刀	obj_015_水果刀	水果刀	knife	fruit_knife	grasp,cut	2	0.9033489758512573	0.9159565105426503	0.9216717347221819	0.9245560608943446	0.9255538942701941	0.9271700591043709	0.9284502362871503	0.020	0.478469785	0.903348976	1
am_0237_obj_015_水果刀	obj_015_水果刀	水果刀	knife	fruit_knife	grasp,cut	2	0.9146731456722863	0.9216715607946732	0.9240976425734179	0.9249044660696727	0.92547607421875	0.926812744140625	0.92802734375	0.020	0.478469785	0.914673146	1
am_0238_obj_015_水果刀	obj_015_水果刀	水果刀	knife	fruit_knife	grasp,cut	2	0.8954444459966744	0.9114822993400777	0.919551815726894	0.9230565955516236	0.9249185059772173	0.9269775390624999	0.9282775878906251	0.020	0.478469785	0.895444446	1
am_0239_obj_015_水果刀	obj_015_水果刀	水果刀	knife	fruit_knife	grasp,cut	2	0.911881919121578	0.9200682696927291	0.9232825167208822	0.9247963922350964	0.9255966421274038	0.9269823418288934	0.9283154568142362	0.020	0.478469785	0.911881919	1
am_0240_obj_016_水果刀2	obj_016_水果刀2	水果刀2	knife	fruit_knife	grasp,cut	2	0.860687879687248	0.8826047584919535	0.901003398063654	0.9134079691560091	0.920338350713944	0.9259749461346252	0.9281248988105447	0.020	0.478469785	0.860687880	1
am_0241_obj_016_水果刀2	obj_016_水果刀2	水果刀2	knife	fruit_knife	grasp,cut	2	0.8676123951506606	0.888103770648859	0.9017457279147191	0.9092022751229158	0.9146756839352717	0.9207107610271997	0.9255156007363519	0.020	0.478469785	0.867612395	1
am_0242_obj_016_水果刀2	obj_016_水果刀2	水果刀2	knife	fruit_knife	grasp,cut	2	0.8906778063039316	0.9057503727340522	0.9126935254503663	0.9163944233979844	0.9191561327048126	0.9240975695450537	0.9272632255433545	0.020	0.478469785	0.890677806	1
am_0243_obj_016_水果刀2	obj_016_水果刀2	水果刀2	knife	fruit_knife	grasp,cut	2	0.9042869339412717	0.915501873283656	0.9210516335784867	0.9235531864351375	0.9248037584432656	0.9264659746137787	0.9275355040439608	0.020	0.478469785	0.904286934	1
am_0244_obj_016_水果刀2	obj_016_水果刀2	水果刀2	knife	fruit_knife	grasp,cut	2	0.9129523304056825	0.9199651819495485	0.9226759219026479	0.9241750545506837	0.9252543421907128	0.9267717934594366	0.9282173442405108	0.020	0.478469785	0.912952330	1
am_0245_obj_016_水果刀2	obj_016_水果刀2	水果刀2	knife	fruit_knife	grasp,cut	2	0.8817487910040165	0.8975844038710914	0.9113035176260655	0.9209768324542189	0.9253405654321352	0.92718505859375	0.92803955078125	0.020	0.478469785	0.881748791	1
am_0246_obj_016_水果刀2	obj_016_水果刀2	水果刀2	knife	fruit_knife	grasp,cut	2	0.8910442988613265	0.9104445278893875	0.9193831039791291	0.9225785854413984	0.9241620329042516	0.9266445808305619	0.928144431103624	0.020	0.478469785	0.891044299	1
am_0247_obj_016_水果刀2	obj_016_水果刀2	水果刀2	knife	fruit_knife	grasp,cut	2	0.8904378180477572	0.9053158953929943	0.9122606218618143	0.9161841011293367	0.9193635983333419	0.9239794771490012	0.9270791751446902	0.020	0.478469785	0.890437818	1
am_0248_obj_016_水果刀2	obj_016_水果刀2	水果刀2	knife	fruit_knife	grasp,cut	2	0.8893560921810735	0.9054821929457697	0.9119937230627828	0.9157493361064133	0.9187194155685205	0.9235610440673474	0.9273651916619252	0.020	0.478469785	0.889356092	1
am_0249_obj_016_水果刀2	obj_016_水果刀2	水果刀2	knife	fruit_knife	grasp,cut	2	0.9066293532026997	0.9140815738768486	0.9176946653027336	0.9199094684005411	0.9218785135182291	0.9251567336405939	0.9278809430783723	0.020	0.478469785	0.906629353	1
am_0250_obj_016_水果刀2	obj_016_水果刀2	水果刀2	knife	fruit_knife	grasp,cut	2	0.8722277564104985	0.8874651927342442	0.897257062142949	0.9035000735158798	0.9082479533982598	0.9150502149448522	0.9199397394302291	0.020	0.478469785	0.872227756	1
am_0251_obj_016_水果刀2	obj_016_水果刀2	水果刀2	knife	fruit_knife	grasp,cut	2	0.8765271336655543	0.8949768327992398	0.9049355977883757	0.9109429827217272	0.9152992911924969	0.9216131113925259	0.9257230254456953	0.020	0.478469785	0.876527134	1
am_0252_obj_016_水果刀2	obj_016_水果刀2	水果刀2	knife	fruit_knife	grasp,cut	2	0.9066455722942786	0.917168216120791	0.9218097857952081	0.9235920606445478	0.9248986574427022	0.9265241099305243	0.9282241603406768	0.020	0.478469785	0.906645572	1
am_0253_obj_016_水果刀2	obj_016_水果刀2	水果刀2	knife	fruit_knife	grasp,cut	2	0.8773624005068921	0.8991815483604405	0.9148905125746025	0.9221991263634115	0.9245414569013728	0.92662505486694	0.9280517578125	0.020	0.478469785	0.877362401	1
am_0254_obj_016_水果刀2	obj_016_水果刀2	水果刀2	knife	fruit_knife	grasp,cut	2	0.8938231863197956	0.9015069650900309	0.9065558065966168	0.9108664603055472	0.9146831257928785	0.9212567382106869	0.9265986521017517	0.020	0.478469785	0.893823186	1
am_0255_obj_016_水果刀2	obj_016_水果刀2	水果刀2	knife	fruit_knife	grasp,cut	2	0.8850503549624118	0.9011403830651792	0.9085896383486969	0.9129243988460694	0.9164260209703952	0.9221316020694836	0.9261756833364183	0.020	0.478469785	0.885050355	1
am_0256_obj_017_洒水壶	obj_017_洒水壶	洒水壶	kettle	kettle	grasp,pour,contain	3	0.7682739472813349	0.8186799435436353	0.8523795890283669	0.8840533843517484	0.9077284328327742	0.9250290226339034	0.9302684089281831	0.020	0.478469785	0.768273947	1
am_0257_obj_017_洒水壶	obj_017_洒水壶	洒水壶	kettle	kettle	grasp,pour,contain	3	0.8397835917138607	0.8658712982618519	0.8775964670420952	0.8813186296881854	0.8833175870397443	0.8853302478383044	0.8875857259726887	0.020	0.478469785	0.839783592	1
am_0258_obj_017_洒水壶	obj_017_洒水壶	洒水壶	kettle	kettle	grasp,pour,contain	3	0.8477671905887174	0.8849219966375076	0.9053435659706116	0.9136363406839946	0.9162284618807456	0.9180515203814122	0.9201063706418289	0.020	0.478469785	0.847767191	1
am_0259_obj_017_洒水壶	obj_017_洒水壶	洒水壶	kettle	kettle	grasp,pour,contain	3	0.8595459625826684	0.8978439521668817	0.9145293458717232	0.9241518537797374	0.9287818608339055	0.9317331863903248	0.9340033427086993	0.020	0.478469785	0.859545963	1
am_0260_obj_017_洒水壶	obj_017_洒水壶	洒水壶	kettle	kettle	grasp,pour,contain	3	0.8695546401256115	0.9016819408637528	0.9183816521625059	0.924552554294865	0.9266062687619391	0.9287889354814395	0.9310092623867418	0.020	0.478469785	0.869554640	1
am_0261_obj_017_洒水壶	obj_017_洒水壶	洒水壶	kettle	kettle	grasp,pour,contain	3	0.8490869259177302	0.8874111432925473	0.9107246726371571	0.9211000743076821	0.9250683196006113	0.9275971329692775	0.9297252254171942	0.020	0.478469785	0.849086926	1
am_0262_obj_017_洒水壶	obj_017_洒水壶	洒水壶	kettle	kettle	grasp,pour,contain	3	0.8644923283835203	0.9004177807285773	0.919086297907883	0.927314422154821	0.9296274297143592	0.9322989476988144	0.9343960932693419	0.020	0.478469785	0.864492328	1
am_0263_obj_017_洒水壶	obj_017_洒水壶	洒水壶	kettle	kettle	grasp,pour,contain	3	0.8095604380756724	0.8499283233390441	0.881176753731688	0.8991953397106004	0.9073690868821246	0.9125368882737873	0.9150187531885593	0.020	0.478469785	0.809560438	1
am_0264_obj_017_洒水壶	obj_017_洒水壶	洒水壶	kettle	kettle	grasp,pour,contain	3	0.8268808564561093	0.8564974848386603	0.8766427288154709	0.8875020375054491	0.8949439700403454	0.9023058456447076	0.9072664627958315	0.020	0.478469785	0.826880856	1
am_0265_obj_017_洒水壶	obj_017_洒水壶	洒水壶	kettle	kettle	grasp,pour,contain	3	0.8881572329621338	0.9134312348436541	0.9231474059949215	0.9254574547666742	0.9264144331258738	0.928170610401243	0.9304614632658262	0.020	0.478469785	0.888157233	1
am_0266_obj_017_洒水壶	obj_017_洒水壶	洒水壶	kettle	kettle	grasp,pour,contain	3	0.8474810564614897	0.8827367873031897	0.9029347892564538	0.9123392106903924	0.9151101320773577	0.9175787503117258	0.9196048613689155	0.020	0.478469785	0.847481056	1
am_0267_obj_017_洒水壶	obj_017_洒水壶	洒水壶	kettle	kettle	grasp,pour,contain	3	0.7716385975436562	0.8053566655176806	0.8251147226886539	0.835734602278753	0.8426985786687035	0.8488945689125033	0.852415535984155	0.020	0.478469785	0.771638598	1
am_0268_obj_017_洒水壶	obj_017_洒水壶	洒水壶	kettle	kettle	grasp,pour,contain	3	0.848706719462278	0.8774986501032819	0.88880517356487	0.8934984487407888	0.8962292655099922	0.8998948846804522	0.9035336541509773	0.020	0.478469785	0.848706719	1
am_0269_obj_017_洒水壶	obj_017_洒水壶	洒水壶	kettle	kettle	grasp,pour,contain	3	0.7997789328020675	0.8375852477495433	0.8657726418978946	0.8835859391673974	0.8925928474489235	0.8979301658966953	0.9001884666779453	0.020	0.478469785	0.799778933	1
am_0270_obj_017_洒水壶	obj_017_洒水壶	洒水壶	kettle	kettle	grasp,pour,contain	3	0.8737039877163243	0.8997948982917863	0.9174211050799078	0.92434981892222	0.9274649602520961	0.9302219101086161	0.9322502761983834	0.020	0.478469785	0.873703988	1
am_0271_obj_017_洒水壶	obj_017_洒水壶	洒水壶	kettle	kettle	grasp,pour,contain	3	0.8616069128620768	0.8828206071917742	0.8926936982765494	0.8974105488629309	0.8999116195613232	0.9026501201524506	0.904691794719923	0.020	0.478469785	0.861606913	1
am_0272_obj_018_洒水壶2	obj_018_洒水壶2	洒水壶2	spray_bottle	spray_bottle	sprinkle,grasp,press,pull,contain	5	0.5454499143374847	0.5797153674500566	0.6183342600282511	0.6556497983778409	0.6991227022387503	0.7624669760959517	0.8080705136590213	0.020	0.478469785	0.545449914	1
am_0273_obj_018_洒水壶2	obj_018_洒水壶2	洒水壶2	spray_bottle	spray_bottle	sprinkle,grasp,press,pull,contain	5	0.7154646500410274	0.7512975531363875	0.7789891981135478	0.8005296540395672	0.8149851162809896	0.8523781256455539	0.8795578089462847	0.020	0.478469785	0.715464650	1
am_0274_obj_018_洒水壶2	obj_018_洒水壶2	洒水壶2	spray_bottle	spray_bottle	sprinkle,grasp,press,pull,contain	5	0.7025169675599084	0.7328872613274139	0.7598339840163026	0.7838778142988884	0.7995813812371896	0.8326852298810057	0.8693326865069316	0.020	0.478469785	0.702516968	1
am_0275_obj_018_洒水壶2	obj_018_洒水壶2	洒水壶2	spray_bottle	spray_bottle	sprinkle,grasp,press,pull,contain	5	0.6635235683775219	0.6914731843415018	0.7180034247459327	0.7425112423517305	0.7617747218519174	0.793736914879178	0.8236522274162315	0.020	0.478469785	0.663523568	1
am_0276_obj_018_洒水壶2	obj_018_洒水壶2	洒水壶2	spray_bottle	spray_bottle	sprinkle,grasp,press,pull,contain	5	0.6543694365355897	0.703095221307042	0.7455090983660432	0.7780216518244402	0.8061731833399401	0.846821106542788	0.8602133647363972	0.020	0.478469785	0.654369437	1
am_0277_obj_018_洒水壶2	obj_018_洒水壶2	洒水壶2	spray_bottle	spray_bottle	sprinkle,grasp,press,pull,contain	5	0.6990470003633537	0.7287211015108375	0.7516502481380212	0.7766908246380881	0.7967622828143353	0.8360949663033832	0.8608916273348463	0.020	0.478469785	0.699047000	1
am_0278_obj_018_洒水壶2	obj_018_洒水壶2	洒水壶2	spray_bottle	spray_bottle	sprinkle,grasp,press,pull,contain	5	0.6172200155846352	0.6475889954162609	0.6779122463883611	0.7024693092852703	0.7262967672092253	0.7625384163592988	0.7919541283556549	0.020	0.478469785	0.617220016	1
am_0279_obj_018_洒水壶2	obj_018_洒水壶2	洒水壶2	spray_bottle	spray_bottle	sprinkle,grasp,press,pull,contain	5	0.584970685553394	0.6345894981586215	0.686630365485331	0.7299847522111056	0.7674010021305231	0.829961661880293	0.8641741721104739	0.020	0.478469785	0.584970686	1
am_0280_obj_018_洒水壶2	obj_018_洒水壶2	洒水壶2	spray_bottle	spray_bottle	sprinkle,grasp,press,pull,contain	5	0.6088328083639766	0.6379339286582097	0.6600256235636554	0.6790014802819714	0.6900574416812498	0.7102300571604003	0.736597267642374	0.020	0.478469785	0.608832808	1
am_0281_obj_018_洒水壶2	obj_018_洒水壶2	洒水壶2	spray_bottle	spray_bottle	sprinkle,grasp,press,pull,contain	5	0.6872515446854031	0.7143147349493263	0.7388705396233333	0.7618399357084116	0.7794706625186757	0.814863098177349	0.8419211284533692	0.020	0.478469785	0.687251545	1
am_0282_obj_018_洒水壶2	obj_018_洒水壶2	洒水壶2	spray_bottle	spray_bottle	sprinkle,grasp,press,pull,contain	5	0.650754833009685	0.7020368851630849	0.7453595278853672	0.775786623667174	0.8026300710000769	0.8431733826679804	0.8721798476184427	0.020	0.478469785	0.650754833	1
am_0283_obj_018_洒水壶2	obj_018_洒水壶2	洒水壶2	spray_bottle	spray_bottle	sprinkle,grasp,press,pull,contain	5	0.6748363822989855	0.6976599482536949	0.7237944119145174	0.7495157848616427	0.7692276779793134	0.8081268834367046	0.8454706450096257	0.020	0.478469785	0.674836382	1
am_0284_obj_018_洒水壶2	obj_018_洒水壶2	洒水壶2	spray_bottle	spray_bottle	sprinkle,grasp,press,pull,contain	5	0.6462338763466164	0.6885577862168545	0.7278488455923326	0.7614400393033375	0.7907717583098302	0.8450456091847416	0.8802031567662727	0.020	0.478469785	0.646233876	1
am_0285_obj_018_洒水壶2	obj_018_洒水壶2	洒水壶2	spray_bottle	spray_bottle	sprinkle,grasp,press,pull,contain	5	0.517735198355467	0.5411605533941375	0.5666438382625975	0.5936256608850561	0.6217599516851197	0.6807830384616904	0.7328139944944013	0.020	0.478469785	0.517735198	1
am_0286_obj_018_洒水壶2	obj_018_洒水壶2	洒水壶2	spray_bottle	spray_bottle	sprinkle,grasp,press,pull,contain	5	0.5222979525733777	0.5535270602952326	0.5813491746726831	0.6135630533204474	0.6429884648876102	0.7015767678065965	0.7515577291596208	0.020	0.478469785	0.522297953	1
am_0287_obj_018_洒水壶2	obj_018_洒水壶2	洒水壶2	spray_bottle	spray_bottle	sprinkle,grasp,press,pull,contain	5	0.545213839642446	0.5740432065143061	0.6078247590280856	0.6449602422811124	0.6796141149684376	0.7358935483256699	0.7777592795719802	0.020	0.478469785	0.545213840	1
am_0288_obj_019_盆栽	obj_019_盆栽	盆栽	open_container	plant_pot	grasp,contain	2	0.6681758717424997	0.740777252969804	0.7806462880117926	0.8068758979508105	0.8231311656313889	0.8466370889741539	0.8619081080391557	0.020	0.478469785	0.668175872	1
am_0289_obj_019_盆栽	obj_019_盆栽	盆栽	open_container	plant_pot	grasp,contain	2	0.6019671460439795	0.6812554089162421	0.733466200872508	0.7842417308292569	0.8235417232984406	0.8619326842618169	0.8849670201217458	0.020	0.478469785	0.601967146	1
am_0290_obj_019_盆栽	obj_019_盆栽	盆栽	open_container	plant_pot	grasp,contain	2	0.49670707239780204	0.5724658156763185	0.6262598281657876	0.6772311234483483	0.7147559895460274	0.7724880522525132	0.7982502465851382	0.020	0.478469785	0.496707072	1
am_0291_obj_019_盆栽	obj_019_盆栽	盆栽	open_container	plant_pot	grasp,contain	2	0.4515300550548409	0.5139684394054385	0.5571686649141597	0.6004409909520754	0.6466257429042718	0.7356359573969642	0.7974704781075701	0.020	0.478469785	0.451530055	0
am_0292_obj_019_盆栽	obj_019_盆栽	盆栽	open_container	plant_pot	grasp,contain	2	0.5344140605625867	0.6340405095561499	0.6943433141145006	0.7530752754126964	0.8076801592557356	0.8669238866045039	0.8902965838608909	0.020	0.478469785	0.534414061	1
am_0293_obj_019_盆栽	obj_019_盆栽	盆栽	open_container	plant_pot	grasp,contain	2	0.6387901767051738	0.7200878827255053	0.7743822206956339	0.8101239675792121	0.8327971881779321	0.8550114223202068	0.8647400566398273	0.020	0.478469785	0.638790177	1
am_0294_obj_019_盆栽	obj_019_盆栽	盆栽	open_container	plant_pot	grasp,contain	2	0.6130808622824908	0.7105203428519582	0.7662503144470416	0.8092428045332198	0.8405344272453111	0.8684407547627121	0.877718697849738	0.020	0.478469785	0.613080862	1
am_0295_obj_019_盆栽	obj_019_盆栽	盆栽	open_container	plant_pot	grasp,contain	2	0.6244059199249867	0.6972108993110682	0.7446382759126647	0.7791942360877673	0.8105296875088239	0.8405580733490976	0.853855592052659	0.020	0.478469785	0.624405920	1
am_0296_obj_019_盆栽	obj_019_盆栽	盆栽	open_container	plant_pot	grasp,contain	2	0.5584115817353561	0.6185092232898375	0.6659277869958309	0.7119943650892704	0.7540369559078781	0.806355639421116	0.8591229094741617	0.020	0.478469785	0.558411582	1
am_0297_obj_019_盆栽	obj_019_盆栽	盆栽	open_container	plant_pot	grasp,contain	2	0.5662544491870459	0.6375319404141785	0.6814708480446575	0.7246925431196587	0.7646334722385324	0.8142367608988388	0.8453521971054566	0.020	0.478469785	0.566254449	1
am_0298_obj_019_盆栽	obj_019_盆栽	盆栽	open_container	plant_pot	grasp,contain	2	0.5725163969647759	0.6475344264262557	0.6935757755560453	0.7346732837229037	0.7671400361514493	0.8181570079069915	0.8454217816106981	0.020	0.478469785	0.572516397	1
am_0299_obj_019_盆栽	obj_019_盆栽	盆栽	open_container	plant_pot	grasp,contain	2	0.5186176257290225	0.5761789028875401	0.6105813628623588	0.6399807471207195	0.6649912054089945	0.7106307705953965	0.7346499786259064	0.020	0.478469785	0.518617626	1
am_0300_obj_019_盆栽	obj_019_盆栽	盆栽	open_container	plant_pot	grasp,contain	2	0.4612000500482329	0.5296327346158055	0.577738210556695	0.620512490658246	0.6601152596795307	0.7197660452944389	0.7548323794231646	0.020	0.478469785	0.461200050	0
am_0301_obj_019_盆栽	obj_019_盆栽	盆栽	open_container	plant_pot	grasp,contain	2	0.7190967002415913	0.8109730642370894	0.8530001189393926	0.8815707650463662	0.8955341152680267	0.9116236401714334	0.9184250490999522	0.020	0.478469785	0.719096700	1
am_0302_obj_019_盆栽	obj_019_盆栽	盆栽	open_container	plant_pot	grasp,contain	2	0.6072677807834854	0.6702219076800054	0.7077626940590696	0.7430548983626913	0.768430369702364	0.809759490132599	0.8361849845945541	0.020	0.478469785	0.607267781	1
am_0303_obj_019_盆栽	obj_019_盆栽	盆栽	open_container	plant_pot	grasp,contain	2	0.5774526880543221	0.6509228512517298	0.6940742063061964	0.731750351003122	0.7667376290410028	0.8116233900845309	0.8344765399323646	0.020	0.478469785	0.577452688	1
am_0304_obj_020_盘子	obj_020_盘子	盘子	plate	plate	grasp,place	2	0.8116399373724776	0.8599696676565038	0.8877053200765395	0.9043016340145638	0.9150015959234499	0.9228044721889169	0.9265757523626303	0.020	0.478469785	0.811639937	1
am_0305_obj_020_盘子	obj_020_盘子	盘子	plate	plate	grasp,place	2	0.8009698496971065	0.8509742793526752	0.8800808160018434	0.8962196859085112	0.9081160293827466	0.920532088009422	0.9256971131593805	0.020	0.478469785	0.800969850	1
am_0306_obj_020_盘子	obj_020_盘子	盘子	plate	plate	grasp,place	2	0.790709921779451	0.8385041335901362	0.8680629729552038	0.8881646451053338	0.9054821402911669	0.921912687796152	0.9263431567742876	0.020	0.478469785	0.790709922	1
am_0307_obj_020_盘子	obj_020_盘子	盘子	plate	plate	grasp,place	2	0.8319170974371815	0.8697755310444745	0.8949042531331983	0.9071942764551616	0.9150024570581534	0.922245209672379	0.9266572626329082	0.020	0.478469785	0.831917097	1
am_0308_obj_020_盘子	obj_020_盘子	盘子	plate	plate	grasp,place	2	0.772820898487095	0.8214861582446891	0.858668178441886	0.8897176457393196	0.9054111799520025	0.922065227411681	0.926157053256027	0.020	0.478469785	0.772820898	1
am_0309_obj_020_盘子	obj_020_盘子	盘子	plate	plate	grasp,place	2	0.7930610264399558	0.8279447080678461	0.8545086824029431	0.8720126730834886	0.884659369390695	0.9039387841802871	0.9183451617279879	0.020	0.478469785	0.793061026	1
am_0310_obj_020_盘子	obj_020_盘子	盘子	plate	plate	grasp,place	2	0.7847632591634768	0.8354601440717697	0.8649965682134959	0.8830860656376451	0.8964442073916385	0.9125827915937919	0.921888997884224	0.020	0.478469785	0.784763259	1
am_0311_obj_020_盘子	obj_020_盘子	盘子	plate	plate	grasp,place	2	0.8147836390212371	0.857430452682488	0.8872304614434423	0.9044469174327967	0.914827892387895	0.923556949079021	0.9267219730774614	0.020	0.478469785	0.814783639	1
am_0312_obj_020_盘子	obj_020_盘子	盘子	plate	plate	grasp,place	2	0.766175405750304	0.8183895202985503	0.8537890128282499	0.8798826938998195	0.8968310920388769	0.9171462633253653	0.9254449918586329	0.020	0.478469785	0.766175406	1
am_0313_obj_020_盘子	obj_020_盘子	盘子	plate	plate	grasp,place	2	0.7922609570344799	0.8324722999676183	0.8639828432098975	0.8868640111032179	0.9004868307454829	0.9187353367444615	0.9260826926348075	0.020	0.478469785	0.792260957	1
am_0314_obj_020_盘子	obj_020_盘子	盘子	plate	plate	grasp,place	2	0.846429539951562	0.8846089931867376	0.9088522671925385	0.916485150241791	0.920538063636045	0.9243783441697357	0.92662353515625	0.020	0.478469785	0.846429540	1
am_0315_obj_020_盘子	obj_020_盘子	盘子	plate	plate	grasp,place	2	0.6418857267553923	0.6894459174660387	0.7313159081192617	0.7696683145384261	0.8003595922164148	0.8483894677441646	0.8818304870724136	0.020	0.478469785	0.641885727	1
am_0316_obj_020_盘子	obj_020_盘子	盘子	plate	plate	grasp,place	2	0.8131627528000832	0.8538403398997214	0.8782763202205239	0.8925347691141725	0.9069260344944423	0.9192677119163952	0.9254133509436779	0.020	0.478469785	0.813162753	1
am_0317_obj_020_盘子	obj_020_盘子	盘子	plate	plate	grasp,place	2	0.7798103897584912	0.8250885927776159	0.8585411193670867	0.8820445048055812	0.8970434740822124	0.9164412618159071	0.9252878134166043	0.020	0.478469785	0.779810390	1
am_0318_obj_020_盘子	obj_020_盘子	盘子	plate	plate	grasp,place	2	0.8069923389720401	0.8493822160330371	0.8728408751761373	0.8876730099957939	0.9005700520413482	0.9151525435160914	0.9239250785584197	0.020	0.478469785	0.806992339	1
am_0319_obj_020_盘子	obj_020_盘子	盘子	plate	plate	grasp,place	2	0.7678761049147107	0.8132398740435127	0.8490957988001783	0.8774696272255026	0.8973025273442379	0.9193024821503304	0.9263834758009949	0.020	0.478469785	0.767876105	1
am_0320_obj_021_盘子2	obj_021_盘子2	盘子2	plate	plate	grasp,place	2	0.8534311413039977	0.8944149086618522	0.9121399560455943	0.9210002375577886	0.924776500680122	0.928093487949445	0.931024169921875	0.020	0.478469785	0.853431141	1
am_0321_obj_021_盘子2	obj_021_盘子2	盘子2	plate	plate	grasp,place	2	0.8209168493210468	0.8663951725659718	0.8958393275045371	0.9124355130706201	0.9207789527923443	0.9276126455528515	0.930987548828125	0.020	0.478469785	0.820916849	1
am_0322_obj_021_盘子2	obj_021_盘子2	盘子2	plate	plate	grasp,place	2	0.768473633357774	0.8172228734264273	0.8521438016953378	0.8772156727850083	0.891633654247748	0.9131551862572747	0.9253298606629132	0.020	0.478469785	0.768473633	1
am_0323_obj_021_盘子2	obj_021_盘子2	盘子2	plate	plate	grasp,place	2	0.7861153128619929	0.8331513131253981	0.8690123693493002	0.8909528660421919	0.9054548450967824	0.9224180923047236	0.9297660743317915	0.020	0.478469785	0.786115313	1
am_0324_obj_021_盘子2	obj_021_盘子2	盘子2	plate	plate	grasp,place	2	0.7815158703738613	0.8326542917922679	0.8695759556279986	0.8914901023112587	0.9079607767227535	0.9233812199409217	0.9301653715945842	0.020	0.478469785	0.781515870	1
am_0325_obj_021_盘子2	obj_021_盘子2	盘子2	plate	plate	grasp,place	2	0.8451745068101105	0.887152291869906	0.9094081948046304	0.9188310133404729	0.9235290874727908	0.9276664596597124	0.9306091308593749	0.020	0.478469785	0.845174507	1
am_0326_obj_021_盘子2	obj_021_盘子2	盘子2	plate	plate	grasp,place	2	0.8185049167490174	0.8672614918511639	0.891887994516763	0.9075212174755631	0.9173932101415935	0.9258352802681914	0.9305168615301498	0.020	0.478469785	0.818504917	1
am_0327_obj_021_盘子2	obj_021_盘子2	盘子2	plate	plate	grasp,place	2	0.8367810584684021	0.8774895444869381	0.9018685793133338	0.9150814539079105	0.9209318985444837	0.9275741225701746	0.9305661630820468	0.020	0.478469785	0.836781058	1
am_0328_obj_021_盘子2	obj_021_盘子2	盘子2	plate	plate	grasp,place	2	0.833967982595882	0.8764110622591359	0.9036617801171399	0.9157707401725801	0.9218701858765439	0.9280294747688169	0.9312377929687501	0.020	0.478469785	0.833967983	1
am_0329_obj_021_盘子2	obj_021_盘子2	盘子2	plate	plate	grasp,place	2	0.8265812542360984	0.8736983891941106	0.9019987177401994	0.9164363817823642	0.9235524869902633	0.9276792626410514	0.9305664062500001	0.020	0.478469785	0.826581254	1
am_0330_obj_021_盘子2	obj_021_盘子2	盘子2	plate	plate	grasp,place	2	0.8179390489333986	0.8639040502404863	0.8911942765218304	0.9080444150091318	0.9183760884824437	0.9275984331531606	0.9307793301924571	0.020	0.478469785	0.817939049	1
am_0331_obj_021_盘子2	obj_021_盘子2	盘子2	plate	plate	grasp,place	2	0.8102203423642624	0.8528881899203716	0.8849228707073881	0.9012898196950837	0.9128803560167559	0.9252700249054673	0.9307585276063004	0.020	0.478469785	0.810220342	1
am_0332_obj_021_盘子2	obj_021_盘子2	盘子2	plate	plate	grasp,place	2	0.8166587300183497	0.8576873103863862	0.8855583888445919	0.9039402087818107	0.9156560009560362	0.9263785270027461	0.930839063552821	0.020	0.478469785	0.816658730	1
am_0333_obj_021_盘子2	obj_021_盘子2	盘子2	plate	plate	grasp,place	2	0.8208737916314901	0.8639664255502703	0.8915672905242681	0.9078900071317137	0.9181463771570273	0.9274162852933487	0.9308823911704232	0.020	0.478469785	0.820873792	1
am_0334_obj_021_盘子2	obj_021_盘子2	盘子2	plate	plate	grasp,place	2	0.8528679225489794	0.8892564206031173	0.9102007902361895	0.9197121445266394	0.9240194331026137	0.9279092445700188	0.93072509765625	0.020	0.478469785	0.852867923	1
am_0335_obj_021_盘子2	obj_021_盘子2	盘子2	plate	plate	grasp,place	2	0.8360829786270612	0.8784375373401675	0.9020668764155936	0.9152856607339123	0.9221859186340959	0.9277892924033414	0.9311008079300767	0.020	0.478469785	0.836082979	1
am_0336_obj_022_碗	obj_022_碗	碗	open_container	bowl	grasp,contain	2	0.850287490233679	0.8906018644298122	0.912742516439087	0.9233105514995994	0.9287387198858705	0.9334910337365934	0.9357406410174867	0.020	0.478469785	0.850287490	1
am_0337_obj_022_碗	obj_022_碗	碗	open_container	bowl	grasp,contain	2	0.8316945954006656	0.8745850308450842	0.8993522387629351	0.914416003018707	0.9232362066378861	0.9313651092284443	0.9345116860522606	0.020	0.478469785	0.831694595	1
am_0338_obj_022_碗	obj_022_碗	碗	open_container	bowl	grasp,contain	2	0.779202162848827	0.8295068807793546	0.8636565195978206	0.8854605111695951	0.8981940419810541	0.9123690068245125	0.9177381308392727	0.020	0.478469785	0.779202163	1
am_0339_obj_022_碗	obj_022_碗	碗	open_container	bowl	grasp,contain	2	0.8581039206412409	0.896864096862038	0.9158065162529412	0.9241982240859148	0.9288947251996447	0.9325916104003782	0.9348423474900266	0.020	0.478469785	0.858103921	1
am_0340_obj_022_碗	obj_022_碗	碗	open_container	bowl	grasp,contain	2	0.8512281669813937	0.8898612704530574	0.9117749719205658	0.9237705274666472	0.9287536061296051	0.9332222944165272	0.9351806640625	0.020	0.478469785	0.851228167	1
am_0341_obj_022_碗	obj_022_碗	碗	open_container	bowl	grasp,contain	2	0.8384473613886677	0.877261762093013	0.8986900290409825	0.9125371910201954	0.9210722370981486	0.9297287196979475	0.9353057537827243	0.020	0.478469785	0.838447361	1
am_0342_obj_022_碗	obj_022_碗	碗	open_container	bowl	grasp,contain	2	0.7973535668130773	0.8414923073740423	0.8745242013745411	0.8948332592235191	0.910253168930583	0.9275528314440457	0.9347430650896976	0.020	0.478469785	0.797353567	1
am_0343_obj_022_碗	obj_022_碗	碗	open_container	bowl	grasp,contain	2	0.8403775320681137	0.8900460597396449	0.9122220171690208	0.9230553790481322	0.9281560005953686	0.9330935141998231	0.9355026498279599	0.020	0.478469785	0.840377532	1
am_0344_obj_022_碗	obj_022_碗	碗	open_container	bowl	grasp,contain	2	0.7736916921167576	0.830282891912941	0.8703065777948233	0.8944133671386625	0.9134284564457216	0.9308152408734116	0.9354849205348079	0.020	0.478469785	0.773691692	1
am_0345_obj_022_碗	obj_022_碗	碗	open_container	bowl	grasp,contain	2	0.7575735821174882	0.8096050795237738	0.8407640994183538	0.8652641474981957	0.8805277042661078	0.8945474485618049	0.900075612325367	0.020	0.478469785	0.757573582	1
am_0346_obj_022_碗	obj_022_碗	碗	open_container	bowl	grasp,contain	2	0.8607654409099724	0.9016038852098831	0.9194759689011165	0.925608602508112	0.9296250214702186	0.933508063998686	0.9355593501895296	0.020	0.478469785	0.860765441	1
am_0347_obj_022_碗	obj_022_碗	碗	open_container	bowl	grasp,contain	2	0.6860653436470512	0.7367419912183446	0.7751598584896688	0.8041044090227567	0.825407139977733	0.8551273250475084	0.8682895887463418	0.020	0.478469785	0.686065344	1
am_0348_obj_022_碗	obj_022_碗	碗	open_container	bowl	grasp,contain	2	0.8070041383709676	0.8577542459590043	0.8895883654537928	0.9077770125521529	0.9183571839894946	0.9288161541022376	0.9343584640887606	0.020	0.478469785	0.807004138	1
am_0349_obj_022_碗	obj_022_碗	碗	open_container	bowl	grasp,contain	2	0.8037329713935215	0.8593175100019868	0.8913769611668096	0.9101573393509255	0.9213384854343151	0.9316564047730698	0.9351332397950514	0.020	0.478469785	0.803732971	1
am_0350_obj_022_碗	obj_022_碗	碗	open_container	bowl	grasp,contain	2	0.8039787318142783	0.8530508824849558	0.8832929909114544	0.9036725428386188	0.9163436342362552	0.9288199159984813	0.9348292354414994	0.020	0.478469785	0.803978732	1
am_0351_obj_022_碗	obj_022_碗	碗	open_container	bowl	grasp,contain	2	0.6899915786711492	0.7399261207424181	0.7824057178699084	0.8176581642114753	0.8448263609151752	0.8842385085186112	0.9058606526844328	0.020	0.478469785	0.689991579	1
am_0352_obj_023_碗2	obj_023_碗2	碗2	open_container	bowl	grasp,contain	2	0.7710142769982091	0.8109816573873755	0.8391402780473711	0.8603128562186908	0.8786222259211981	0.9072239290656934	0.9219528263036402	0.020	0.478469785	0.771014277	1
am_0353_obj_023_碗2	obj_023_碗2	碗2	open_container	bowl	grasp,contain	2	0.790278521007652	0.8330384448221246	0.8643810727918222	0.8824754891880735	0.8989663778808729	0.9193962033597316	0.929308318641922	0.020	0.478469785	0.790278521	1
am_0354_obj_023_碗2	obj_023_碗2	碗2	open_container	bowl	grasp,contain	2	0.8007733093660276	0.8384294499200116	0.8671619571345802	0.885799840488448	0.899596565521664	0.918979535949569	0.9285687210006908	0.020	0.478469785	0.800773309	1
am_0355_obj_023_碗2	obj_023_碗2	碗2	open_container	bowl	grasp,contain	2	0.7979309002721509	0.8373625594738858	0.8643689909391681	0.8821998743411206	0.8972956655088287	0.9143781972137361	0.9243587283088389	0.020	0.478469785	0.797930900	1
am_0356_obj_023_碗2	obj_023_碗2	碗2	open_container	bowl	grasp,contain	2	0.7539690844203162	0.791502269896653	0.8191569918648474	0.843347795289423	0.8623415422848661	0.8879656976159745	0.9037379214536125	0.020	0.478469785	0.753969084	1
am_0357_obj_023_碗2	obj_023_碗2	碗2	open_container	bowl	grasp,contain	2	0.8107819459129373	0.8514746015397189	0.8807682143100619	0.8988432076944479	0.910095443926269	0.9239839350978923	0.9298378474089946	0.020	0.478469785	0.810781946	1
am_0358_obj_023_碗2	obj_023_碗2	碗2	open_container	bowl	grasp,contain	2	0.831048906984132	0.8663325695041104	0.8925441358139738	0.909320721372272	0.917941046556202	0.9281137405935952	0.9334969149863357	0.020	0.478469785	0.831048907	1
am_0359_obj_023_碗2	obj_023_碗2	碗2	open_container	bowl	grasp,contain	2	0.8226373377973919	0.8619525777243058	0.8841303665662821	0.9010719090138978	0.9108911091697716	0.9243602134832078	0.9316190282598463	0.020	0.478469785	0.822637338	1
am_0360_obj_023_碗2	obj_023_碗2	碗2	open_container	bowl	grasp,contain	2	0.7860785674426103	0.8215440360057982	0.8475685380205191	0.8672387281123186	0.8790306144542029	0.8958720463938594	0.9113352962987974	0.020	0.478469785	0.786078567	1
am_0361_obj_023_碗2	obj_023_碗2	碗2	open_container	bowl	grasp,contain	2	0.8160454675339344	0.8567617410250896	0.8859159623553406	0.9051513396146744	0.9146319013397277	0.9253291685980995	0.9301975645185443	0.020	0.478469785	0.816045468	1
am_0362_obj_023_碗2	obj_023_碗2	碗2	open_container	bowl	grasp,contain	2	0.7841809455549208	0.8266312520939461	0.8580167578598558	0.8827107810035927	0.9010123405741968	0.9206315472456333	0.9296012405779459	0.020	0.478469785	0.784180946	1
am_0363_obj_023_碗2	obj_023_碗2	碗2	open_container	bowl	grasp,contain	2	0.712777716507444	0.761221721410883	0.7996146404574649	0.8300507256347238	0.8534024320651812	0.8918049264300056	0.9138912259057761	0.020	0.478469785	0.712777717	1
am_0364_obj_023_碗2	obj_023_碗2	碗2	open_container	bowl	grasp,contain	2	0.7268699254004334	0.7695295982386479	0.8017134248733317	0.8292877730543669	0.8479198868897966	0.8718687141023973	0.8885643853324232	0.020	0.478469785	0.726869925	1
am_0365_obj_023_碗2	obj_023_碗2	碗2	open_container	bowl	grasp,contain	2	0.8367145442954205	0.8746307106537723	0.8979168331502869	0.9122363284792238	0.9202646173980673	0.9289203701827173	0.933220906222963	0.020	0.478469785	0.836714544	1
am_0366_obj_023_碗2	obj_023_碗2	碗2	open_container	bowl	grasp,contain	2	0.8120156397531175	0.8498586917967581	0.8768273515459033	0.893060461514336	0.9039663555622438	0.9182824184002625	0.9265337557618971	0.020	0.478469785	0.812015640	1
am_0367_obj_023_碗2	obj_023_碗2	碗2	open_container	bowl	grasp,contain	2	0.7594019117633415	0.801789202150395	0.8374185486538503	0.8627139202782066	0.8824506610392793	0.9057219089743485	0.9205251207208877	0.020	0.478469785	0.759401912	1
am_0368_obj_024_筷子	obj_024_筷子	筷子	chopsticks	chopsticks	grasp	1	0.8308270209400547	0.8556256165253362	0.8772657183679577	0.8946737051847762	0.9091345290615589	0.9280188991153577	0.9351953920333086	0.020	0.478469785	0.830827021	1
am_0369_obj_024_筷子	obj_024_筷子	筷子	chopsticks	chopsticks	grasp	1	0.8624101130065116	0.8834544344847199	0.8997833132864077	0.9088365902369169	0.9149930994530431	0.9286650109211869	0.9402690073320066	0.020	0.478469785	0.862410113	1
am_0370_obj_024_筷子	obj_024_筷子	筷子	chopsticks	chopsticks	grasp	1	0.8944759309668561	0.9122817641934772	0.9243140425202316	0.9313283681671723	0.9356295124857242	0.9409916316748115	0.9445801271328204	0.020	0.478469785	0.894475931	1
am_0371_obj_024_筷子	obj_024_筷子	筷子	chopsticks	chopsticks	grasp	1	0.8098699192209435	0.8412195352916829	0.8689907199108378	0.8879442280856565	0.9001705287103645	0.9119162121227479	0.920685918320612	0.020	0.478469785	0.809869919	1
am_0372_obj_024_筷子	obj_024_筷子	筷子	chopsticks	chopsticks	grasp	1	0.8201949431260227	0.8396590740559766	0.8592116154471752	0.8776051547732872	0.8936403691199599	0.9188271689144278	0.9356386267567561	0.020	0.478469785	0.820194943	1
am_0373_obj_024_筷子	obj_024_筷子	筷子	chopsticks	chopsticks	grasp	1	0.8116797960207283	0.8407427516828113	0.8672305917467508	0.8894736039980607	0.9070087009690875	0.9267612701474862	0.9343026917427609	0.020	0.478469785	0.811679796	1
am_0374_obj_024_筷子	obj_024_筷子	筷子	chopsticks	chopsticks	grasp	1	0.8341388582661027	0.8595837116386165	0.8794199205466968	0.8930651381652475	0.9020458192416114	0.9165888446597428	0.9300240660530539	0.020	0.478469785	0.834138858	1
am_0375_obj_024_筷子	obj_024_筷子	筷子	chopsticks	chopsticks	grasp	1	0.7916805122522886	0.8157643227330504	0.8399513036129896	0.8608849603956544	0.8781128194210549	0.9018104224850154	0.9152008616154662	0.020	0.478469785	0.791680512	1
am_0376_obj_024_筷子	obj_024_筷子	筷子	chopsticks	chopsticks	grasp	1	0.8596547517960339	0.8786307970846193	0.8942937790746782	0.9053380577817987	0.9117206632580794	0.9233156577337283	0.9346175449606922	0.020	0.478469785	0.859654752	1
am_0377_obj_024_筷子	obj_024_筷子	筷子	chopsticks	chopsticks	grasp	1	0.8512543232744628	0.8727026494480532	0.8893219228368228	0.9029023325994657	0.9126232653099742	0.9257861347001579	0.9345345050242875	0.020	0.478469785	0.851254323	1
am_0378_obj_024_筷子	obj_024_筷子	筷子	chopsticks	chopsticks	grasp	1	0.8889029701390637	0.9089879784736444	0.9227340603574191	0.9320666052757437	0.9367434318974311	0.9415183568365514	0.9446740858505563	0.020	0.478469785	0.888902970	1
am_0379_obj_024_筷子	obj_024_筷子	筷子	chopsticks	chopsticks	grasp	1	0.8622563287940554	0.8847349112727068	0.9015452257947791	0.9141169312400107	0.9213901211442443	0.9308539496270358	0.9378345578176284	0.020	0.478469785	0.862256329	1
am_0380_obj_024_筷子	obj_024_筷子	筷子	chopsticks	chopsticks	grasp	1	0.8010259755201472	0.8221521783854664	0.8433650165131764	0.8617851513359145	0.8772877039383493	0.9040541712575731	0.9207632315877303	0.020	0.478469785	0.801025976	1
am_0381_obj_024_筷子	obj_024_筷子	筷子	chopsticks	chopsticks	grasp	1	0.8220397866007672	0.8439520321679472	0.8646712926445763	0.8831668985579665	0.8976575206831857	0.9179361103565888	0.929700793485762	0.020	0.478469785	0.822039787	1
am_0382_obj_024_筷子	obj_024_筷子	筷子	chopsticks	chopsticks	grasp	1	0.8019650116595407	0.8319730377419567	0.8599518844401741	0.8793940382491394	0.8939865867962075	0.9113746510067087	0.9204126534465761	0.020	0.478469785	0.801965012	1
am_0383_obj_024_筷子	obj_024_筷子	筷子	chopsticks	chopsticks	grasp	1	0.7818172132258081	0.8007931923323344	0.8197224081360511	0.8382283113690345	0.8554125088092865	0.8851366343238899	0.9088037613429863	0.020	0.478469785	0.781817213	1
am_0384_obj_025_筷子2	obj_025_筷子2	筷子2	chopsticks	chopsticks	grasp	1	0.95	0.95	0.95	0.95	0.95	0.95	0.95	0.020	0.478469785	0.950000000	1
am_0385_obj_025_筷子2	obj_025_筷子2	筷子2	chopsticks	chopsticks	grasp	1	0.95	0.95	0.95	0.95	0.95	0.95	0.95	0.020	0.478469785	0.950000000	1
am_0386_obj_025_筷子2	obj_025_筷子2	筷子2	chopsticks	chopsticks	grasp	1	0.95	0.95	0.95	0.95	0.95	0.95	0.95	0.020	0.478469785	0.950000000	1
am_0387_obj_025_筷子2	obj_025_筷子2	筷子2	chopsticks	chopsticks	grasp	1	0.95	0.95	0.95	0.95	0.95	0.95	0.95	0.020	0.478469785	0.950000000	1
am_0388_obj_025_筷子2	obj_025_筷子2	筷子2	chopsticks	chopsticks	grasp	1	0.95	0.95	0.95	0.95	0.95	0.95	0.95	0.020	0.478469785	0.950000000	1
am_0389_obj_025_筷子2	obj_025_筷子2	筷子2	chopsticks	chopsticks	grasp	1	0.95	0.95	0.95	0.95	0.95	0.95	0.95	0.020	0.478469785	0.950000000	1
am_0390_obj_025_筷子2	obj_025_筷子2	筷子2	chopsticks	chopsticks	grasp	1	0.95	0.95	0.95	0.95	0.95	0.95	0.95	0.020	0.478469785	0.950000000	1
am_0391_obj_025_筷子2	obj_025_筷子2	筷子2	chopsticks	chopsticks	grasp	1	0.95	0.95	0.95	0.95	0.95	0.95	0.95	0.020	0.478469785	0.950000000	1
am_0392_obj_025_筷子2	obj_025_筷子2	筷子2	chopsticks	chopsticks	grasp	1	0.95	0.95	0.95	0.95	0.95	0.95	0.95	0.020	0.478469785	0.950000000	1
am_0393_obj_025_筷子2	obj_025_筷子2	筷子2	chopsticks	chopsticks	grasp	1	0.944642530594401	0.9479990194862852	0.9495439469320066	0.9499860568878974	0.95	0.95	0.95	0.020	0.478469785	0.944642531	1
am_0394_obj_025_筷子2	obj_025_筷子2	筷子2	chopsticks	chopsticks	grasp	1	0.95	0.95	0.95	0.95	0.95	0.95	0.95	0.020	0.478469785	0.950000000	1
am_0395_obj_025_筷子2	obj_025_筷子2	筷子2	chopsticks	chopsticks	grasp	1	0.95	0.95	0.95	0.95	0.95	0.95	0.95	0.020	0.478469785	0.950000000	1
am_0396_obj_025_筷子2	obj_025_筷子2	筷子2	chopsticks	chopsticks	grasp	1	0.95	0.95	0.95	0.95	0.95	0.95	0.95	0.020	0.478469785	0.950000000	1
am_0397_obj_025_筷子2	obj_025_筷子2	筷子2	chopsticks	chopsticks	grasp	1	0.95	0.95	0.95	0.95	0.95	0.95	0.95	0.020	0.478469785	0.950000000	1
am_0398_obj_025_筷子2	obj_025_筷子2	筷子2	chopsticks	chopsticks	grasp	1	0.95	0.95	0.95	0.95	0.95	0.95	0.95	0.020	0.478469785	0.950000000	1
am_0399_obj_025_筷子2	obj_025_筷子2	筷子2	chopsticks	chopsticks	grasp	1	0.95	0.95	0.95	0.95	0.95	0.95	0.95	0.020	0.478469785	0.950000000	1
am_0400_obj_026_粘毛器	obj_026_粘毛器	粘毛器	lint_roller	lint_roller	grasp,stick	2	0.792725502597474	0.8473934945934954	0.8777812308335343	0.8968766912741791	0.9115551963329549	0.9247048221180332	0.9288356978557628	0.020	0.478469785	0.792725503	1
am_0401_obj_026_粘毛器	obj_026_粘毛器	粘毛器	lint_roller	lint_roller	grasp,stick	2	0.7731942874278575	0.8214209814560782	0.8573862329550029	0.8865507115493856	0.9063032966761557	0.9239843369565364	0.9291387858250474	0.020	0.478469785	0.773194287	1
am_0402_obj_026_粘毛器	obj_026_粘毛器	粘毛器	lint_roller	lint_roller	grasp,stick	2	0.7905854818869111	0.8362468139152417	0.8698181750617933	0.8950193662093348	0.9107588035791493	0.9243317914003637	0.9287440548391215	0.020	0.478469785	0.790585482	1
am_0403_obj_026_粘毛器	obj_026_粘毛器	粘毛器	lint_roller	lint_roller	grasp,stick	2	0.8083023699455893	0.8502639464465485	0.8793610230403126	0.9023982010051134	0.915490846134863	0.9254912536156624	0.9288431828978374	0.020	0.478469785	0.808302370	1
am_0404_obj_026_粘毛器	obj_026_粘毛器	粘毛器	lint_roller	lint_roller	grasp,stick	2	0.7765307159608081	0.8244774390785334	0.8595634056158828	0.8834098582324533	0.9025674454614624	0.9212066275014541	0.9280454412848929	0.020	0.478469785	0.776530716	1
am_0405_obj_026_粘毛器	obj_026_粘毛器	粘毛器	lint_roller	lint_roller	grasp,stick	2	0.803862246950262	0.8460710085738086	0.8770783280736618	0.8989526848116702	0.9134725602647855	0.924812185181381	0.9290639188981092	0.020	0.478469785	0.803862247	1
am_0406_obj_026_粘毛器	obj_026_粘毛器	粘毛器	lint_roller	lint_roller	grasp,stick	2	0.7997981639973716	0.8506787522205239	0.8788052427044921	0.8991324298456271	0.9144511883468058	0.9260798891495117	0.929412841796875	0.020	0.478469785	0.799798164	1
am_0407_obj_026_粘毛器	obj_026_粘毛器	粘毛器	lint_roller	lint_roller	grasp,stick	2	0.824742669928384	0.8640105204581162	0.8909811443124811	0.9091296981726904	0.9199507608324666	0.9264416392885824	0.9289916992187499	0.020	0.478469785	0.824742670	1
am_0408_obj_026_粘毛器	obj_026_粘毛器	粘毛器	lint_roller	lint_roller	grasp,stick	2	0.7926770632632706	0.8378083293145167	0.8681493818906706	0.8915772608750716	0.9048420529984367	0.9222685795716794	0.9282758656014712	0.020	0.478469785	0.792677063	1
am_0409_obj_026_粘毛器	obj_026_粘毛器	粘毛器	lint_roller	lint_roller	grasp,stick	2	0.78256453200453	0.831190101082425	0.8665346474170248	0.8941569579502205	0.9104937585281061	0.9230299862921655	0.9284455509853832	0.020	0.478469785	0.782564532	1
am_0410_obj_026_粘毛器	obj_026_粘毛器	粘毛器	lint_roller	lint_roller	grasp,stick	2	0.7470238557359917	0.8075206431593254	0.8469584896025685	0.880350597204296	0.9034138322218926	0.9249238050603803	0.9293127508111338	0.020	0.478469785	0.747023856	1
am_0411_obj_026_粘毛器	obj_026_粘毛器	粘毛器	lint_roller	lint_roller	grasp,stick	2	0.7734488727711777	0.8210066879704452	0.8586813637506063	0.884343584811067	0.9036611545174478	0.9225332570417972	0.9286241550414183	0.020	0.478469785	0.773448873	1
am_0412_obj_026_粘毛器	obj_026_粘毛器	粘毛器	lint_roller	lint_roller	grasp,stick	2	0.8052513846596954	0.8535507704604114	0.8832181819968568	0.902209149763589	0.914851689756071	0.9260640781308342	0.9292236328125001	0.020	0.478469785	0.805251385	1
am_0413_obj_026_粘毛器	obj_026_粘毛器	粘毛器	lint_roller	lint_roller	grasp,stick	2	0.800654910138966	0.8483245460811168	0.87902192904671	0.8980889297902388	0.9118419185896007	0.9246732627143079	0.9291144992061138	0.020	0.478469785	0.800654910	1
am_0414_obj_026_粘毛器	obj_026_粘毛器	粘毛器	lint_roller	lint_roller	grasp,stick	2	0.7668870935778588	0.8164750171286992	0.8511534763744485	0.8770020386966995	0.897906343973234	0.9183698058512051	0.9275953372746082	0.020	0.478469785	0.766887094	1
am_0415_obj_027_纸巾	obj_027_纸巾	纸巾	tissue	tissue	grasp	1	0.9404527526567824	0.9429987803038118	0.9452826642461872	0.9472336115913281	0.9485556057866183	0.949698795180723	0.95	0.020	0.478469785	0.940452753	1
am_0416_obj_027_纸巾	obj_027_纸巾	纸巾	tissue	tissue	grasp	1	0.9164377391246885	0.9229482152115736	0.9286954065841213	0.9332461668130648	0.936702114027239	0.9423270044104731	0.9460024062566262	0.020	0.478469785	0.916437739	1
am_0417_obj_027_纸巾	obj_027_纸巾	纸巾	tissue	tissue	grasp	1	0.9282519557124781	0.9330538942782507	0.9369221625847836	0.9404719047758094	0.9430031990617186	0.9466423830509978	0.9490282685512368	0.020	0.478469785	0.928251956	1
am_0418_obj_027_纸巾	obj_027_纸巾	纸巾	tissue	tissue	grasp	1	0.9421621527654563	0.9445416947560542	0.946598758001938	0.9479147478181407	0.9487823409357674	0.9496993987975951	0.95	0.020	0.478469785	0.942162153	1
am_0419_obj_027_纸巾	obj_027_纸巾	纸巾	tissue	tissue	grasp	1	0.9418475667460253	0.9443724927031066	0.9466099520962358	0.9476916620033575	0.9487696709585121	0.9496793937627513	0.95	0.020	0.478469785	0.941847567	1
am_0420_obj_027_纸巾	obj_027_纸巾	纸巾	tissue	tissue	grasp	1	0.9322433022916765	0.9361744889332229	0.9393425716902465	0.9417228218154502	0.9437433826453077	0.9462919350187444	0.9479438954415047	0.020	0.478469785	0.932243302	1
am_0421_obj_027_纸巾	obj_027_纸巾	纸巾	tissue	tissue	grasp	1	0.9320851255646607	0.9365222005803939	0.9403569125075821	0.9432645376882579	0.9453236662562705	0.948048746098555	0.9493064516129032	0.020	0.478469785	0.932085126	1
am_0422_obj_027_纸巾	obj_027_纸巾	纸巾	tissue	tissue	grasp	1	0.9375694342696578	0.940322560103333	0.9429371100903511	0.9446729001288725	0.9459213106521913	0.947880714501968	0.9488117283950617	0.020	0.478469785	0.937569434	1
am_0423_obj_027_纸巾	obj_027_纸巾	纸巾	tissue	tissue	grasp	1	0.9212972648083511	0.9270613062537351	0.9326552247492315	0.936817496930616	0.940591402355467	0.9454481172228961	0.9480503830393028	0.020	0.478469785	0.921297265	1
am_0424_obj_027_纸巾	obj_027_纸巾	纸巾	tissue	tissue	grasp	1	0.9191571550927108	0.9256186356743914	0.9319334156812505	0.936469953719687	0.9399681657928252	0.9451484454428976	0.9481801381245273	0.020	0.478469785	0.919157155	1
am_0425_obj_027_纸巾	obj_027_纸巾	纸巾	tissue	tissue	grasp	1	0.9406765604187466	0.9432806604762112	0.9453266931155065	0.9467221314224925	0.9479077796691506	0.9495657209033006	0.9499416569428238	0.020	0.478469785	0.940676560	1
am_0426_obj_027_纸巾	obj_027_纸巾	纸巾	tissue	tissue	grasp	1	0.9072028566465209	0.9150302427857977	0.9222356185748053	0.9284164840266588	0.9333421222098268	0.9402946830208782	0.9450971082999932	0.020	0.478469785	0.907202857	1
am_0427_obj_027_纸巾	obj_027_纸巾	纸巾	tissue	tissue	grasp	1	0.938207408335121	0.9406755592802103	0.9429739019098349	0.9449048749587687	0.9464093357271095	0.9486054528361014	0.9494106403313157	0.020	0.478469785	0.938207408	1
am_0428_obj_027_纸巾	obj_027_纸巾	纸巾	tissue	tissue	grasp	1	0.9428692265196513	0.9445940083429003	0.945975988102101	0.9467343484528566	0.9477444624527284	0.9488799778761061	0.9495931537598205	0.020	0.478469785	0.942869227	1
am_0429_obj_027_纸巾	obj_027_纸巾	纸巾	tissue	tissue	grasp	1	0.8959440812993293	0.9054942884089909	0.9136634752795999	0.9199747813112678	0.9255010226903538	0.933678515708198	0.9399286551311601	0.020	0.478469785	0.895944081	1
am_0430_obj_028_药瓶	obj_028_药瓶	药瓶	bottle	bottle	grasp,open,pour	3	0.6344696452679354	0.6894489647458314	0.7286304273087056	0.75394279436891	0.7700835403679877	0.7920421857939979	0.7983484884226998	0.020	0.478469785	0.634469645	1
am_0431_obj_028_药瓶	obj_028_药瓶	药瓶	bottle	bottle	grasp,open,pour	3	0.7169736684221749	0.7597892887783146	0.7980988079372516	0.8253793942484484	0.8433192735915758	0.8654880646971191	0.8770076596544678	0.020	0.478469785	0.716973668	1
am_0432_obj_028_药瓶	obj_028_药瓶	药瓶	bottle	bottle	grasp,open,pour	3	0.574103028256526	0.6047057116402984	0.629552000937832	0.6451826885048569	0.6571491526195125	0.6731127025210428	0.6824384832386728	0.020	0.478469785	0.574103028	1
am_0433_obj_028_药瓶	obj_028_药瓶	药瓶	bottle	bottle	grasp,open,pour	3	0.6522364494772451	0.6890243514709837	0.7115252058759243	0.7232292718749042	0.7294560603674758	0.7370157115684823	0.7407726013992253	0.020	0.478469785	0.652236449	1
am_0434_obj_028_药瓶	obj_028_药瓶	药瓶	bottle	bottle	grasp,open,pour	3	0.7220522905087252	0.7746807071704227	0.8125866744478835	0.8359460507307895	0.855335261738002	0.8839166402266421	0.8970448248805382	0.020	0.478469785	0.722052291	1
am_0435_obj_028_药瓶	obj_028_药瓶	药瓶	bottle	bottle	grasp,open,pour	3	0.49034094156044467	0.5286785430275799	0.565244333599647	0.591091498739229	0.6117849661471066	0.6352010655022596	0.6472571941389959	0.020	0.478469785	0.490340942	1
am_0436_obj_028_药瓶	obj_028_药瓶	药瓶	bottle	bottle	grasp,open,pour	3	0.8158272609600855	0.8585892133855483	0.88122686816783	0.8946085486844945	0.9047310053912873	0.9156534972264655	0.9189954461102127	0.020	0.478469785	0.815827261	1
am_0437_obj_028_药瓶	obj_028_药瓶	药瓶	bottle	bottle	grasp,open,pour	3	0.721364865806864	0.7764487812439033	0.8153310539962373	0.8379276607747794	0.8499166240297423	0.8639143337275721	0.8689961179101963	0.020	0.478469785	0.721364866	1
am_0438_obj_028_药瓶	obj_028_药瓶	药瓶	bottle	bottle	grasp,open,pour	3	0.8125861143775516	0.8568527839901394	0.8823286936813406	0.8956278596314244	0.9050318811094549	0.9159968213733372	0.9192533352025783	0.020	0.478469785	0.812586114	1
am_0439_obj_028_药瓶	obj_028_药瓶	药瓶	bottle	bottle	grasp,open,pour	3	0.7773631971330138	0.8238775457389024	0.8541319841232268	0.874331185115	0.8887305822177279	0.9086836434978404	0.9158064393897213	0.020	0.478469785	0.777363197	1
am_0440_obj_028_药瓶	obj_028_药瓶	药瓶	bottle	bottle	grasp,open,pour	3	0.3812240161248106	0.40427476554537334	0.42454609930573567	0.43920638429094216	0.4488594857097114	0.4627404230994923	0.47094466727081485	0.020	0.478469785	0.381224016	0
am_0441_obj_028_药瓶	obj_028_药瓶	药瓶	bottle	bottle	grasp,open,pour	3	0.2721245849901903	0.28560174054309934	0.29826758433670103	0.30911723342630976	0.3178239484383927	0.33280352467376234	0.34342833582073556	0.020	0.478469785	0.272124585	0
am_0442_obj_028_药瓶	obj_028_药瓶	药瓶	bottle	bottle	grasp,open,pour	3	0.7744189777750918	0.8226290668424893	0.8554507184101646	0.8717121397298793	0.8835575334343743	0.9011963318062804	0.9060242720714049	0.020	0.478469785	0.774418978	1
am_0443_obj_028_药瓶	obj_028_药瓶	药瓶	bottle	bottle	grasp,open,pour	3	0.7846357210575219	0.8323292778872086	0.8611860618573258	0.8783607854616305	0.890779044594138	0.9080245566934672	0.914969105031421	0.020	0.478469785	0.784635721	1
am_0444_obj_028_药瓶	obj_028_药瓶	药瓶	bottle	bottle	grasp,open,pour	3	0.7718988116682697	0.8187150876818362	0.8565211367437722	0.8785496127901853	0.8916502960184914	0.9073791345386558	0.9133511778075122	0.020	0.478469785	0.771898812	1
am_0445_obj_029_菜刀	obj_029_菜刀	菜刀	knife	kitchen_knife	grasp,cut	2	0.9102841302732019	0.91792820593858	0.92274001862561	0.925442043993572	0.9269756901937151	0.9283289850191273	0.9295715332031249	0.020	0.478469785	0.910284130	1
am_0446_obj_029_菜刀	obj_029_菜刀	菜刀	knife	kitchen_knife	grasp,cut	2	0.894114435289288	0.9061369679255313	0.9145226885102433	0.9196990026764307	0.9234055274567878	0.9274193107656434	0.9292928370507315	0.020	0.478469785	0.894114435	1
am_0447_obj_029_菜刀	obj_029_菜刀	菜刀	knife	kitchen_knife	grasp,cut	2	0.9076986173226005	0.9174749725915158	0.922306882656208	0.9251367610791708	0.9268432110391818	0.9286411791794105	0.9297681868986853	0.020	0.478469785	0.907698617	1
am_0448_obj_029_菜刀	obj_029_菜刀	菜刀	knife	kitchen_knife	grasp,cut	2	0.8819565818752413	0.8971166539443223	0.9070143783017139	0.9145754265436687	0.9203596851009457	0.9267954625994372	0.9293719432861787	0.020	0.478469785	0.881956582	1
am_0449_obj_029_菜刀	obj_029_菜刀	菜刀	knife	kitchen_knife	grasp,cut	2	0.9113698124983032	0.9182652123171389	0.9224089764352876	0.9252591095043347	0.9268652650263178	0.9286047756462787	0.929840087890625	0.020	0.478469785	0.911369812	1
am_0450_obj_029_菜刀	obj_029_菜刀	菜刀	knife	kitchen_knife	grasp,cut	2	0.9118515748360494	0.9175512280579478	0.9218127704927157	0.9252550308095916	0.927154279081438	0.9287353515625	0.929736328125	0.020	0.478469785	0.911851575	1
am_0451_obj_029_菜刀	obj_029_菜刀	菜刀	knife	kitchen_knife	grasp,cut	2	0.902132857319141	0.9134452697656068	0.9192591590218929	0.9229849542487587	0.9256951197091525	0.928388117857563	0.929827880859375	0.020	0.478469785	0.902132857	1
am_0452_obj_029_菜刀	obj_029_菜刀	菜刀	knife	kitchen_knife	grasp,cut	2	0.9074757469799337	0.9176474101528052	0.9228417293310534	0.9254957864435636	0.9270106896581465	0.9285853326753772	0.92979736328125	0.020	0.478469785	0.907475747	1
am_0453_obj_029_菜刀	obj_029_菜刀	菜刀	knife	kitchen_knife	grasp,cut	2	0.9124896675652969	0.9200507784032939	0.9239725694242543	0.9261698118002122	0.9274096352198893	0.9287744947136584	0.929913330078125	0.020	0.478469785	0.912489668	1
am_0454_obj_029_菜刀	obj_029_菜刀	菜刀	knife	kitchen_knife	grasp,cut	2	0.8904218941016006	0.9032462674527866	0.9099765131136082	0.9158005400933471	0.9207067663911452	0.9272776497912394	0.9298955519085066	0.020	0.478469785	0.890421894	1
am_0455_obj_029_菜刀	obj_029_菜刀	菜刀	knife	kitchen_knife	grasp,cut	2	0.9032782853857302	0.9134532553292798	0.9200178821251629	0.9237273321488526	0.9261159092035685	0.9284614419243378	0.9296508789062501	0.020	0.478469785	0.903278285	1
am_0456_obj_029_菜刀	obj_029_菜刀	菜刀	knife	kitchen_knife	grasp,cut	2	0.8918744820660485	0.9062990998148055	0.9155944998347698	0.9216401972877832	0.9248303239101641	0.928158413070134	0.9296973537829427	0.020	0.478469785	0.891874482	1
am_0457_obj_029_菜刀	obj_029_菜刀	菜刀	knife	kitchen_knife	grasp,cut	2	0.8826223473572239	0.899814488671346	0.9113584919635789	0.9189577803111091	0.923664189493144	0.9275578386927721	0.929549543636321	0.020	0.478469785	0.882622347	1
am_0458_obj_029_菜刀	obj_029_菜刀	菜刀	knife	kitchen_knife	grasp,cut	2	0.9109182828564355	0.9205244609586604	0.9247526995923683	0.926421698780516	0.9272569179863461	0.9283386230468751	0.9293579101562499	0.020	0.478469785	0.910918283	1
am_0459_obj_029_菜刀	obj_029_菜刀	菜刀	knife	kitchen_knife	grasp,cut	2	0.8829829163322203	0.89778248770847	0.9077319805152353	0.9152925607414539	0.9204149548855303	0.9267992083641223	0.9296677685689255	0.020	0.478469785	0.882982916	1
am_0460_obj_030_菜板	obj_030_菜板	菜板	cutting_board	cutting_board	place	1	0.3557035647848465	0.37948166228629837	0.4011639062315833	0.4266869753364612	0.4741123157513343	0.5943585017192929	0.6319573351443684	0.020	0.478469785	0.355703565	0
am_0461_obj_030_菜板	obj_030_菜板	菜板	cutting_board	cutting_board	place	1	0.3279865693565912	0.3494504846418862	0.37022893360337955	0.3929923877908228	0.4402120033835826	0.5235534763097798	0.5611237104147219	0.020	0.478469785	0.327986569	0
am_0462_obj_030_菜板	obj_030_菜板	菜板	cutting_board	cutting_board	place	1	0.39328873828190336	0.42579145923442585	0.45671704329013385	0.49680262428158406	0.603342362445565	0.8285740253908033	0.8745447698340708	0.020	0.478469785	0.393288738	0
am_0463_obj_030_菜板	obj_030_菜板	菜板	cutting_board	cutting_board	place	1	0.39658084320770526	0.4239911798925394	0.45497727963506424	0.5000946803658685	0.6100946242529206	0.8062332444272367	0.8602960305149072	0.020	0.478469785	0.396580843	0
am_0464_obj_030_菜板	obj_030_菜板	菜板	cutting_board	cutting_board	place	1	0.4258249994657192	0.458962423829377	0.4941214251775371	0.5359657387681325	0.6181248771605483	0.8240676481197091	0.8744659628704161	0.020	0.478469785	0.425824999	0
am_0465_obj_030_菜板	obj_030_菜板	菜板	cutting_board	cutting_board	place	1	0.39900218307561414	0.42676007449270187	0.45681671577652194	0.49367276023395074	0.5624360054626704	0.8138308362710189	0.8627655902879713	0.020	0.478469785	0.399002183	0
am_0466_obj_030_菜板	obj_030_菜板	菜板	cutting_board	cutting_board	place	1	0.4065232930219489	0.4397768189133625	0.46819950644062186	0.5065669456300773	0.5873667764992139	0.8240104887879445	0.8806297695401188	0.020	0.478469785	0.406523293	0
am_0467_obj_030_菜板	obj_030_菜板	菜板	cutting_board	cutting_board	place	1	0.3897190764299658	0.4155453165431922	0.4404966918918404	0.47007887647734004	0.5321566433132634	0.7086594932813861	0.7655136147064387	0.020	0.478469785	0.389719076	0
am_0468_obj_030_菜板	obj_030_菜板	菜板	cutting_board	cutting_board	place	1	0.4040066616870817	0.43526145818422507	0.46886465168243807	0.5152420495586043	0.6256755155027236	0.8412980646094093	0.887376475706356	0.020	0.478469785	0.404006662	0
am_0469_obj_030_菜板	obj_030_菜板	菜板	cutting_board	cutting_board	place	1	0.36689608358041825	0.389388648396823	0.41212202111188667	0.44421439505359545	0.5244561769818691	0.6386735069441917	0.6812444530260451	0.020	0.478469785	0.366896084	0
am_0470_obj_030_菜板	obj_030_菜板	菜板	cutting_board	cutting_board	place	1	0.359261546378945	0.3811184865737679	0.4041616222334571	0.42785632832839476	0.4697472800984636	0.6758524290097155	0.7375862240785558	0.020	0.478469785	0.359261546	0
am_0471_obj_030_菜板	obj_030_菜板	菜板	cutting_board	cutting_board	place	1	0.312296478360684	0.33386681568452603	0.3528898472311274	0.3730535257069806	0.40683087861198935	0.5840313364970955	0.6355960829530177	0.020	0.478469785	0.312296478	0
am_0472_obj_030_菜板	obj_030_菜板	菜板	cutting_board	cutting_board	place	1	0.38890682545709915	0.4190951560655204	0.44717114291628335	0.4849163374600688	0.5776279385314698	0.8161256248375676	0.8702516743524227	0.020	0.478469785	0.388906825	0
am_0473_obj_030_菜板	obj_030_菜板	菜板	cutting_board	cutting_board	place	1	0.364222854287341	0.3879076793026136	0.41160516808043185	0.44480206382279197	0.5293614235486819	0.6257287931289881	0.6768209311224752	0.020	0.478469785	0.364222854	0
am_0474_obj_030_菜板	obj_030_菜板	菜板	cutting_board	cutting_board	place	1	0.3788301356524749	0.409466184364065	0.43852229542226706	0.47684871853138455	0.5754938625926405	0.8019746348624247	0.854919896006443	0.020	0.478469785	0.378830136	0
am_0475_obj_031_衬衫	obj_031_衬衫	衬衫	clothing	clothing	grasp	1	0.884680707669073	0.8935740300208949	0.9018105070893345	0.9091678466565408	0.9146031246653521	0.9239448324658378	0.9303459637780309	0.020	0.478469785	0.884680708	1
am_0476_obj_031_衬衫	obj_031_衬衫	衬衫	clothing	clothing	grasp	1	0.6915078186597563	0.7111252109006687	0.7302848324837918	0.7490654591555923	0.7661163664769155	0.8024446744503523	0.8372540819774612	0.020	0.478469785	0.691507819	1
am_0477_obj_031_衬衫	obj_031_衬衫	衬衫	clothing	clothing	grasp	1	0.5791047797002127	0.5993378589946656	0.6208648632288107	0.6413563421605118	0.6610368345205403	0.7002206175683505	0.7375779431792937	0.020	0.478469785	0.579104780	1
am_0478_obj_031_衬衫	obj_031_衬衫	衬衫	clothing	clothing	grasp	1	0.814119422938964	0.8314234189955207	0.8475673830596777	0.860873675109219	0.8719982384852418	0.8925773125073209	0.9053880458793412	0.020	0.478469785	0.814119423	1
am_0479_obj_031_衬衫	obj_031_衬衫	衬衫	clothing	clothing	grasp	1	0.724684032369273	0.7434783390913497	0.7610666937257958	0.7788843963813394	0.7954444414344084	0.8256996232105115	0.8513858762044328	0.020	0.478469785	0.724684032	1
am_0480_obj_031_衬衫	obj_031_衬衫	衬衫	clothing	clothing	grasp	1	0.6489626323808667	0.6698127608833772	0.6887189509499384	0.7072115485669785	0.7250485062995389	0.7624660664155944	0.7979527616425609	0.020	0.478469785	0.648962632	1
am_0481_obj_031_衬衫	obj_031_衬衫	衬衫	clothing	clothing	grasp	1	0.6865631181492413	0.7072900505964094	0.726463476670521	0.7449594688610114	0.7624550598972158	0.7972417799099449	0.8330853735172065	0.020	0.478469785	0.686563118	1
am_0482_obj_031_衬衫	obj_031_衬衫	衬衫	clothing	clothing	grasp	1	0.704389297067273	0.7259019375136563	0.7459178480877809	0.765269603459376	0.78401379279666	0.8175309296017819	0.8489234211964716	0.020	0.478469785	0.704389297	1
am_0483_obj_031_衬衫	obj_031_衬衫	衬衫	clothing	clothing	grasp	1	0.5737344498572138	0.593373892740209	0.6140706624213815	0.634353565382036	0.6523274026975895	0.6873420549180158	0.726742993089208	0.020	0.478469785	0.573734450	1
am_0484_obj_031_衬衫	obj_031_衬衫	衬衫	clothing	clothing	grasp	1	0.8374951566088388	0.8510289393973343	0.8631654947757333	0.8736904319343182	0.8840871251256365	0.9031595537346563	0.9168158609216789	0.020	0.478469785	0.837495157	1
am_0485_obj_031_衬衫	obj_031_衬衫	衬衫	clothing	clothing	grasp	1	0.7723423391104033	0.7892377983449144	0.805400765785192	0.8196463719028758	0.8329235365763974	0.8570414649483118	0.8752307221756667	0.020	0.478469785	0.772342339	1
am_0486_obj_031_衬衫	obj_031_衬衫	衬衫	clothing	clothing	grasp	1	0.47473305182943043	0.49313857964688834	0.5123058913176702	0.5320180644371912	0.5512761821503306	0.5934787870350402	0.6370837722783461	0.020	0.478469785	0.474733052	0
am_0487_obj_031_衬衫	obj_031_衬衫	衬衫	clothing	clothing	grasp	1	0.6705242955413551	0.6899000676482145	0.7099109548781583	0.7295865884853427	0.7483443320740125	0.783707878537405	0.8107510653971396	0.020	0.478469785	0.670524296	1
am_0488_obj_031_衬衫	obj_031_衬衫	衬衫	clothing	clothing	grasp	1	0.69346131772774	0.7136493097614927	0.7318412709540805	0.7499218339814018	0.7678923402621485	0.8033498294634157	0.836097756003302	0.020	0.478469785	0.693461318	1
am_0489_obj_031_衬衫	obj_031_衬衫	衬衫	clothing	clothing	grasp	1	0.6105937888491653	0.6313131034155898	0.6511624326014536	0.6706912239983517	0.6890534757744827	0.7239619890390951	0.7579746552813248	0.020	0.478469785	0.610593789	1
am_0490_obj_032_连帽衫	obj_032_连帽衫	连帽衫	clothing	clothing	grasp	1	0.9322326492289521	0.9355603408931931	0.9383275400358517	0.9407851470961847	0.9425368421120366	0.9454180064308682	0.947161936560935	0.020	0.478469785	0.932232649	1
am_0491_obj_032_连帽衫	obj_032_连帽衫	连帽衫	clothing	clothing	grasp	1	0.9198138251837233	0.9259539304431417	0.9313582876635011	0.9358028169075366	0.9393380180569745	0.9434147373988508	0.9459317032040472	0.020	0.478469785	0.919813825	1
am_0492_obj_032_连帽衫	obj_032_连帽衫	连帽衫	clothing	clothing	grasp	1	0.8452558519204466	0.8574227469337579	0.8690129532101333	0.8790456362273295	0.8878150116983535	0.9029738967732733	0.9152317037504668	0.020	0.478469785	0.845255852	1
am_0493_obj_032_连帽衫	obj_032_连帽衫	连帽衫	clothing	clothing	grasp	1	0.8210833797221877	0.8376781052645743	0.8536074638499423	0.8666231296902238	0.8778112736340014	0.8976445230623264	0.9128998212159924	0.020	0.478469785	0.821083380	1
am_0494_obj_032_连帽衫	obj_032_连帽衫	连帽衫	clothing	clothing	grasp	1	0.8866316839067541	0.8982775392809822	0.9092316582447177	0.919337980127988	0.9253099763215553	0.9352780455192067	0.943317726231386	0.020	0.478469785	0.886631684	1
am_0495_obj_032_连帽衫	obj_032_连帽衫	连帽衫	clothing	clothing	grasp	1	0.8712331752298994	0.8818151797962759	0.8918675993231704	0.9006643135286982	0.9079863300048961	0.9189120599073053	0.9270542689549653	0.020	0.478469785	0.871233175	1
am_0496_obj_032_连帽衫	obj_032_连帽衫	连帽衫	clothing	clothing	grasp	1	0.9312080939721191	0.9355382573728216	0.9393697986913644	0.9427323482711959	0.945190809792356	0.9487791134485348	0.9499615236629474	0.020	0.478469785	0.931208094	1
am_0497_obj_032_连帽衫	obj_032_连帽衫	连帽衫	clothing	clothing	grasp	1	0.936880293481831	0.9404767193873186	0.9434646459345037	0.9451228880051019	0.9465199662233561	0.9484234816165424	0.9496156310057655	0.020	0.478469785	0.936880293	1
am_0498_obj_032_连帽衫	obj_032_连帽衫	连帽衫	clothing	clothing	grasp	1	0.9195197337773848	0.9249968278374803	0.9297609797464309	0.9340764160216153	0.9375881350490725	0.9432492883285889	0.9471618625277161	0.020	0.478469785	0.919519734	1
am_0499_obj_032_连帽衫	obj_032_连帽衫	连帽衫	clothing	clothing	grasp	1	0.913621431057364	0.9199436848085918	0.9252931997206503	0.9299417087957288	0.9341021775238975	0.939648187879661	0.9431439555745408	0.020	0.478469785	0.913621431	1
am_0500_obj_032_连帽衫	obj_032_连帽衫	连帽衫	clothing	clothing	grasp	1	0.936859609181704	0.9402985525623844	0.9433007666858575	0.9459357230343833	0.9476470588235294	0.9489806496199031	0.9498593035525854	0.020	0.478469785	0.936859609	1
am_0501_obj_032_连帽衫	obj_032_连帽衫	连帽衫	clothing	clothing	grasp	1	0.9259541913931493	0.9306935017969435	0.9349969198233428	0.938941850003151	0.9414884915330045	0.9459730412390135	0.9484731270358306	0.020	0.478469785	0.925954191	1
am_0502_obj_032_连帽衫	obj_032_连帽衫	连帽衫	clothing	clothing	grasp	1	0.9396827444927354	0.9417960453792041	0.9436579629367573	0.9452226447610311	0.9465502713158511	0.9483480825958702	0.9497269417475728	0.020	0.478469785	0.939682744	1
am_0503_obj_032_连帽衫	obj_032_连帽衫	连帽衫	clothing	clothing	grasp	1	0.7540403640174818	0.7773097167150383	0.8010669834557346	0.8237889215324543	0.8423754702053474	0.8719384269298501	0.8947545106302695	0.020	0.478469785	0.754040364	1
am_0504_obj_032_连帽衫	obj_032_连帽衫	连帽衫	clothing	clothing	grasp	1	0.8103564208995163	0.8237098598263897	0.8359534132944393	0.848092630657395	0.8597910336924016	0.8797641085831988	0.8970512797890784	0.020	0.478469785	0.810356421	1
am_0505_obj_033_遥控器	obj_033_遥控器	遥控器	button	remote	press,grasp	2	0.847119089879373	0.8690879093152686	0.8834374770891915	0.8975915044432021	0.9090145155307188	0.9228090740736443	0.9315057465213663	0.020	0.478469785	0.847119090	1
am_0506_obj_033_遥控器	obj_033_遥控器	遥控器	button	remote	press,grasp	2	0.6557923596194183	0.681509634522922	0.7113986673275785	0.7532894466941475	0.801796435419996	0.8629537864916674	0.882685375518498	0.020	0.478469785	0.655792360	1
am_0507_obj_033_遥控器	obj_033_遥控器	遥控器	button	remote	press,grasp	2	0.6866067987714357	0.7135007200770207	0.747345061627678	0.8087379869222082	0.8476411571478314	0.8741436479879165	0.8894574839884886	0.020	0.478469785	0.686606799	1
am_0508_obj_033_遥控器	obj_033_遥控器	遥控器	button	remote	press,grasp	2	0.7749235177652487	0.803241191756352	0.8276214875479936	0.8601954000843572	0.8906696720215919	0.9186651581300862	0.9294019670031444	0.020	0.478469785	0.774923518	1
am_0509_obj_033_遥控器	obj_033_遥控器	遥控器	button	remote	press,grasp	2	0.6121899716826005	0.6380414386063147	0.6657538210247644	0.7335189889664877	0.8124591101922574	0.8907419009360427	0.9092084970517459	0.020	0.478469785	0.612189972	1
am_0510_obj_033_遥控器	obj_033_遥控器	遥控器	button	remote	press,grasp	2	0.7770738654475964	0.8062760372827038	0.8327329733642992	0.860139282087474	0.881186519143728	0.9018010261296748	0.9144244590984867	0.020	0.478469785	0.777073865	1
am_0511_obj_033_遥控器	obj_033_遥控器	遥控器	button	remote	press,grasp	2	0.7149120730809819	0.7393720131115851	0.7607117318937647	0.7999616238456031	0.845083733458771	0.8831950276198224	0.897217587630856	0.020	0.478469785	0.714912073	1
am_0512_obj_033_遥控器	obj_033_遥控器	遥控器	button	remote	press,grasp	2	0.811562133265272	0.8414843577027629	0.8638592111031005	0.8831006688262766	0.8983489067334722	0.9150742733399365	0.9256620448897469	0.020	0.478469785	0.811562133	1
am_0513_obj_033_遥控器	obj_033_遥控器	遥控器	button	remote	press,grasp	2	0.7947082152118634	0.823480471937708	0.848645125238898	0.8697391239561391	0.887167941813063	0.9093105119525888	0.9218595482959382	0.020	0.478469785	0.794708215	1
am_0514_obj_033_遥控器	obj_033_遥控器	遥控器	button	remote	press,grasp	2	0.7327735445055688	0.7590645414053612	0.7905876308244429	0.8316650481899666	0.8667060371680215	0.8923357807658214	0.9044317531682362	0.020	0.478469785	0.732773545	1
am_0515_obj_033_遥控器	obj_033_遥控器	遥控器	button	remote	press,grasp	2	0.632851287013006	0.6550054407375874	0.6853902503821875	0.7428718207126019	0.7973821293828989	0.8402241194811555	0.8599048410665333	0.020	0.478469785	0.632851287	1
am_0516_obj_033_遥控器	obj_033_遥控器	遥控器	button	remote	press,grasp	2	0.5493880361596747	0.5756277074515067	0.6049765721096041	0.6734920563586144	0.7654977162602303	0.8713882092553951	0.9003369265978405	0.020	0.478469785	0.549388036	1
am_0517_obj_033_遥控器	obj_033_遥控器	遥控器	button	remote	press,grasp	2	0.5917751976075175	0.6183230359663395	0.6464901353739474	0.7121291730611368	0.7851811149100429	0.8636103343938109	0.8846144657623918	0.020	0.478469785	0.591775198	1
am_0518_obj_033_遥控器	obj_033_遥控器	遥控器	button	remote	press,grasp	2	0.7561896554490173	0.7882605158958469	0.8144068887286019	0.8411352554108912	0.8669945751845376	0.8963943435395774	0.9103882192426136	0.020	0.478469785	0.756189655	1
am_0519_obj_033_遥控器	obj_033_遥控器	遥控器	button	remote	press,grasp	2	0.6253766565908349	0.6479604957179917	0.6731741809022302	0.7246964999838754	0.7862681920997836	0.8479701482649014	0.8705107413441815	0.020	0.478469785	0.625376657	1
am_0520_obj_034_铁锅	obj_034_铁锅	铁锅	open_container	pan	grasp,contain	2	0.9180597913724882	0.9226410050172413	0.9242665922632871	0.9249729138401814	0.9251983877071042	0.925482177734375	0.925897216796875	0.020	0.478469785	0.918059791	1
am_0521_obj_034_铁锅	obj_034_铁锅	铁锅	open_container	pan	grasp,contain	2	0.9175611236147303	0.9229981519465867	0.9246403193345125	0.925048828125	0.925152587890625	0.92547607421875	0.9258544921875	0.020	0.478469785	0.917561124	1
am_0522_obj_034_铁锅	obj_034_铁锅	铁锅	open_container	pan	grasp,contain	2	0.9179297905987998	0.923512308678174	0.9247396690885628	0.9250768963620959	0.92520751953125	0.9255310058593751	0.92601318359375	0.020	0.478469785	0.917929791	1
am_0523_obj_034_铁锅	obj_034_铁锅	铁锅	open_container	pan	grasp,contain	2	0.9153865540080484	0.9219883812993842	0.9245600421094327	0.9250350037940569	0.9251220703125	0.925384521484375	0.92587890625	0.020	0.478469785	0.915386554	1
am_0524_obj_034_铁锅	obj_034_铁锅	铁锅	open_container	pan	grasp,contain	2	0.9192748578053047	0.9236635681221115	0.9246927064286469	0.925048828125	0.92518310546875	0.925457763671875	0.926007080078125	0.020	0.478469785	0.919274858	1
am_0525_obj_034_铁锅	obj_034_铁锅	铁锅	open_container	pan	grasp,contain	2	0.9151437464349634	0.9225527653677421	0.9246325545495196	0.92506103515625	0.925189208984375	0.925390625	0.925762939453125	0.020	0.478469785	0.915143746	1
am_0526_obj_034_铁锅	obj_034_铁锅	铁锅	open_container	pan	grasp,contain	2	0.9133936476753223	0.9224238558299956	0.9243407321635226	0.9250167758101322	0.925152587890625	0.925390625	0.925762939453125	0.020	0.478469785	0.913393648	1
am_0527_obj_034_铁锅	obj_034_铁锅	铁锅	open_container	pan	grasp,contain	2	0.8990826130451737	0.9149149700540421	0.9199553705696073	0.924204147140072	0.9251314662608439	0.925469970703125	0.9259521484375	0.020	0.478469785	0.899082613	1
am_0528_obj_034_铁锅	obj_034_铁锅	铁锅	open_container	pan	grasp,contain	2	0.9143045076540366	0.9200781243341773	0.9227036704199325	0.9242647039976342	0.9249428824924097	0.925390625	0.92578125	0.020	0.478469785	0.914304508	1
am_0529_obj_034_铁锅	obj_034_铁锅	铁锅	open_container	pan	grasp,contain	2	0.8441669944264149	0.8743048086040826	0.8966094014107462	0.9135330353280129	0.9225674147033973	0.92554931640625	0.9259033203125	0.020	0.478469785	0.844166994	1
am_0530_obj_034_铁锅	obj_034_铁锅	铁锅	open_container	pan	grasp,contain	2	0.9182891136332223	0.9228527706816061	0.924510412361907	0.9250900435825213	0.9252197265625	0.92552490234375	0.925921630859375	0.020	0.478469785	0.918289114	1
am_0531_obj_034_铁锅	obj_034_铁锅	铁锅	open_container	pan	grasp,contain	2	0.9145690373246388	0.9212262255676735	0.9236078857755277	0.9245152522694894	0.9250143090109484	0.92554931640625	0.92615966796875	0.020	0.478469785	0.914569037	1
am_0532_obj_034_铁锅	obj_034_铁锅	铁锅	open_container	pan	grasp,contain	2	0.9066340631381273	0.9194741330121443	0.9236851911085695	0.9250180992281019	0.925146484375	0.9254211425781249	0.925921630859375	0.020	0.478469785	0.906634063	1
am_0533_obj_034_铁锅	obj_034_铁锅	铁锅	open_container	pan	grasp,contain	2	0.9061856510598639	0.9162753484662289	0.9221299217814105	0.9247674984391928	0.925177001953125	0.9254150390625	0.92579345703125	0.020	0.478469785	0.906185651	1
am_0534_obj_034_铁锅	obj_034_铁锅	铁锅	open_container	pan	grasp,contain	2	0.9069048019340544	0.9178020229016255	0.9238333174172803	0.9247187730863935	0.9251903838394953	0.925445556640625	0.925885009765625	0.020	0.478469785	0.906904802	1
am_0535_obj_035_锅铲	obj_035_锅铲	锅铲	spatula	spatula	grasp,shovel	2	0.9020428705772179	0.9090103956547325	0.9135371603305483	0.9171058533114589	0.9203762995884961	0.924617531293852	0.9271010820703909	0.020	0.478469785	0.902042871	1
am_0536_obj_035_锅铲	obj_035_锅铲	锅铲	spatula	spatula	grasp,shovel	2	0.8844625223848472	0.8942937668019514	0.9008375430841039	0.9072725864699962	0.911678170900138	0.9169931080544944	0.9224678439877649	0.020	0.478469785	0.884462522	1
am_0537_obj_035_锅铲	obj_035_锅铲	锅铲	spatula	spatula	grasp,shovel	2	0.8900346434931344	0.8992370983106241	0.9076416865464386	0.9133787591516553	0.9186431614824295	0.9246083650417549	0.9279733441149485	0.020	0.478469785	0.890034643	1
am_0538_obj_035_锅铲	obj_035_锅铲	锅铲	spatula	spatula	grasp,shovel	2	0.9052701821280928	0.913143926171472	0.9178315485999855	0.9212802522114366	0.9238953633632956	0.9278277717733678	0.934093365236083	0.020	0.478469785	0.905270182	1
am_0539_obj_035_锅铲	obj_035_锅铲	锅铲	spatula	spatula	grasp,shovel	2	0.9068931528370399	0.9126362909931522	0.9166628387042084	0.9200588125872593	0.9224595515793036	0.9248582559528249	0.9260725830348491	0.020	0.478469785	0.906893153	1
am_0540_obj_035_锅铲	obj_035_锅铲	锅铲	spatula	spatula	grasp,shovel	2	0.8971082213453763	0.9020437093230288	0.9062103476535532	0.9105213147306596	0.9149264790184657	0.9216316011518619	0.9252776467342525	0.020	0.478469785	0.897108221	1
am_0541_obj_035_锅铲	obj_035_锅铲	锅铲	spatula	spatula	grasp,shovel	2	0.8987315516561045	0.9084037920005024	0.9165153339714487	0.9230316200246962	0.9289083342239289	0.9381849183476683	0.9453115726682413	0.020	0.478469785	0.898731552	1
am_0542_obj_035_锅铲	obj_035_锅铲	锅铲	spatula	spatula	grasp,shovel	2	0.9013091399544322	0.9110259524815578	0.9171828569093387	0.9213313832385167	0.9241259276493781	0.9286769344033343	0.932200900601035	0.020	0.478469785	0.901309140	1
am_0543_obj_035_锅铲	obj_035_锅铲	锅铲	spatula	spatula	grasp,shovel	2	0.9013117835115123	0.9070931649311528	0.9120085788814214	0.9165178455928513	0.9200859615546406	0.9249898744436098	0.927026321056157	0.020	0.478469785	0.901311784	1
am_0544_obj_035_锅铲	obj_035_锅铲	锅铲	spatula	spatula	grasp,shovel	2	0.9022835535366993	0.9094607833225994	0.9142780161140682	0.9183375665412505	0.9209114328994987	0.9240023150833969	0.9253477017039371	0.020	0.478469785	0.902283554	1
am_0545_obj_035_锅铲	obj_035_锅铲	锅铲	spatula	spatula	grasp,shovel	2	0.8923444703405565	0.9023978683850801	0.9100387741524358	0.9168410952840234	0.922800325597225	0.930859584898139	0.9387328217144404	0.020	0.478469785	0.892344470	1
am_0546_obj_035_锅铲	obj_035_锅铲	锅铲	spatula	spatula	grasp,shovel	2	0.8960550808935135	0.9062905340727412	0.913838035260672	0.9187581702364505	0.9223867945266437	0.9254023967875413	0.9268192587212402	0.020	0.478469785	0.896055081	1
am_0547_obj_035_锅铲	obj_035_锅铲	锅铲	spatula	spatula	grasp,shovel	2	0.8985650293046807	0.9052936164621047	0.9100337517125943	0.9150930197953168	0.9186954685921396	0.9237628925045879	0.9258486943687305	0.020	0.478469785	0.898565029	1
am_0548_obj_035_锅铲	obj_035_锅铲	锅铲	spatula	spatula	grasp,shovel	2	0.9004000496572742	0.9111453737815445	0.9198643106556299	0.9244107922530118	0.928483813054525	0.9370680504510058	0.9474327439871524	0.020	0.478469785	0.900400050	1
am_0549_obj_035_锅铲	obj_035_锅铲	锅铲	spatula	spatula	grasp,shovel	2	0.9010884697598169	0.9107379489064422	0.916045515284315	0.9218506895314984	0.9256387564421549	0.9305316189397421	0.9346926406226936	0.020	0.478469785	0.901088470	1
am_0550_obj_036_锅铲2	obj_036_锅铲2	锅铲2	spatula	spatula	grasp,shovel	2	0.8834114943232468	0.9003835553352495	0.9100371468156861	0.9181797832327342	0.92212954362072	0.9257582285598409	0.9271583876986684	0.020	0.478469785	0.883411494	1
am_0551_obj_036_锅铲2	obj_036_锅铲2	锅铲2	spatula	spatula	grasp,shovel	2	0.9041184039933348	0.9157907931851426	0.9212112779723339	0.9236896984764971	0.9247531445790169	0.92596435546875	0.926953125	0.020	0.478469785	0.904118404	1
am_0552_obj_036_锅铲2	obj_036_锅铲2	锅铲2	spatula	spatula	grasp,shovel	2	0.8799611236766169	0.8975223078842112	0.9104142102201289	0.9154957642844298	0.91905228139751	0.9239251899947944	0.9269978560362737	0.020	0.478469785	0.879961124	1
am_0553_obj_036_锅铲2	obj_036_锅铲2	锅铲2	spatula	spatula	grasp,shovel	2	0.8790615375345544	0.8934642550428127	0.9061517088537682	0.9144329415908812	0.9207316404340591	0.925534561365966	0.9272873727290147	0.020	0.478469785	0.879061538	1
am_0554_obj_036_锅铲2	obj_036_锅铲2	锅铲2	spatula	spatula	grasp,shovel	2	0.8789196962834321	0.8964572402330964	0.9074622372458074	0.9150190329512271	0.9191090903637438	0.9253990802857144	0.9271332792940454	0.020	0.478469785	0.878919696	1
am_0555_obj_036_锅铲2	obj_036_锅铲2	锅铲2	spatula	spatula	grasp,shovel	2	0.8985314709981027	0.9106767627484045	0.9180350991545102	0.9224540483722024	0.9246358398662093	0.9260527934296645	0.927099609375	0.020	0.478469785	0.898531471	1
am_0556_obj_036_锅铲2	obj_036_锅铲2	锅铲2	spatula	spatula	grasp,shovel	2	0.8985319278003046	0.9093350894141812	0.9162573378153274	0.9208782558585035	0.9236060959207115	0.9260407050043599	0.927008056640625	0.020	0.478469785	0.898531928	1
am_0557_obj_036_锅铲2	obj_036_锅铲2	锅铲2	spatula	spatula	grasp,shovel	2	0.8986221338204781	0.9103509243765466	0.9183719454813715	0.921481293227724	0.9235492175983143	0.9257269560455561	0.926947021484375	0.020	0.478469785	0.898622134	1
am_0558_obj_036_锅铲2	obj_036_锅铲2	锅铲2	spatula	spatula	grasp,shovel	2	0.8941721312889437	0.9058732369851834	0.9129144369405824	0.9194944548180555	0.922719639927609	0.9260317962722873	0.9270690917968749	0.020	0.478469785	0.894172131	1
am_0559_obj_036_锅铲2	obj_036_锅铲2	锅铲2	spatula	spatula	grasp,shovel	2	0.904468674671721	0.9128722593675187	0.9181918822978626	0.9219650709171068	0.9237667822436735	0.925930690940367	0.9269775390624999	0.020	0.478469785	0.904468675	1
am_0560_obj_036_锅铲2	obj_036_锅铲2	锅铲2	spatula	spatula	grasp,shovel	2	0.8907951031348613	0.9042238161104081	0.9120875476257608	0.9186453675769071	0.9219612440592515	0.9253943676089286	0.92701416015625	0.020	0.478469785	0.890795103	1
am_0561_obj_036_锅铲2	obj_036_锅铲2	锅铲2	spatula	spatula	grasp,shovel	2	0.8870081409530435	0.9024500940237312	0.9120739552242321	0.9188228180022251	0.9217959534501495	0.9256145291109885	0.9269135886628563	0.020	0.478469785	0.887008141	1
am_0562_obj_036_锅铲2	obj_036_锅铲2	锅铲2	spatula	spatula	grasp,shovel	2	0.8982409252959763	0.9074750013059696	0.9154518774981362	0.9202392242433234	0.9226988573304683	0.9256890182132146	0.9270560216422032	0.020	0.478469785	0.898240925	1
am_0563_obj_036_锅铲2	obj_036_锅铲2	锅铲2	spatula	spatula	grasp,shovel	2	0.8825311701933145	0.8979195882047788	0.9108021425630319	0.9201639963382844	0.9237929749019559	0.9260263460151752	0.927276611328125	0.020	0.478469785	0.882531170	1
am_0564_obj_036_锅铲2	obj_036_锅铲2	锅铲2	spatula	spatula	grasp,shovel	2	0.8967948165884423	0.9076544692075643	0.9149221682234516	0.9195528722428137	0.9225674289288237	0.925658023976311	0.9270263671875	0.020	0.478469785	0.896794817	1
am_0565_obj_037_锅铲3	obj_037_锅铲3	锅铲3	spatula	spatula	grasp,shovel	2	0.8850977858211124	0.8932622114962561	0.9011509473912738	0.9091036908216764	0.9155374694620093	0.9226101249649352	0.9260243661226641	0.020	0.478469785	0.885097786	1
am_0566_obj_037_锅铲3	obj_037_锅铲3	锅铲3	spatula	spatula	grasp,shovel	2	0.9117449754998106	0.919606263532629	0.922597349521453	0.9239167170955018	0.9246637984785417	0.925445556640625	0.92576904296875	0.020	0.478469785	0.911744975	1
am_0567_obj_037_锅铲3	obj_037_锅铲3	锅铲3	spatula	spatula	grasp,shovel	2	0.9078446631724113	0.9140912511221124	0.918651819930284	0.9219201285899754	0.9238263114557369	0.9252009829866763	0.9257568359375	0.020	0.478469785	0.907844663	1
am_0568_obj_037_锅铲3	obj_037_锅铲3	锅铲3	spatula	spatula	grasp,shovel	2	0.9065004965409189	0.9140399291801053	0.9183334309942152	0.920949462294929	0.9227544312748717	0.9246197592851604	0.9255840789618048	0.020	0.478469785	0.906500497	1
am_0569_obj_037_锅铲3	obj_037_锅铲3	锅铲3	spatula	spatula	grasp,shovel	2	0.9133995458974684	0.9183525204945175	0.9214349313198962	0.9231126286458768	0.9243940620774798	0.925531005859375	0.925885009765625	0.020	0.478469785	0.913399546	1
am_0570_obj_037_锅铲3	obj_037_锅铲3	锅铲3	spatula	spatula	grasp,shovel	2	0.918781493965869	0.9220717307717856	0.923707518325283	0.9245178636028617	0.9250693703770689	0.925518798828125	0.9258544921875	0.020	0.478469785	0.918781494	1
am_0571_obj_037_锅铲3	obj_037_锅铲3	锅铲3	spatula	spatula	grasp,shovel	2	0.9079629324369971	0.9141668790039813	0.9181607911879781	0.9208864594387673	0.9226588337250377	0.924528890623311	0.9256499606882613	0.020	0.478469785	0.907962932	1
am_0572_obj_037_锅铲3	obj_037_锅铲3	锅铲3	spatula	spatula	grasp,shovel	2	0.9045981827987134	0.9109896216822779	0.9158814563761466	0.919125862717587	0.9214650013774787	0.9238494049176009	0.9252862267213198	0.020	0.478469785	0.904598183	1
am_0573_obj_037_锅铲3	obj_037_锅铲3	锅铲3	spatula	spatula	grasp,shovel	2	0.8987532598943617	0.9108663586881596	0.9183864040495748	0.9223537428672317	0.9239107425902142	0.9252597586056829	0.92576904296875	0.020	0.478469785	0.898753260	1
am_0574_obj_037_锅铲3	obj_037_锅铲3	锅铲3	spatula	spatula	grasp,shovel	2	0.9136446949060129	0.920034035107517	0.92218411756004	0.923338739816622	0.9242627331194095	0.9252980926210973	0.92584228515625	0.020	0.478469785	0.913644695	1
am_0575_obj_037_锅铲3	obj_037_锅铲3	锅铲3	spatula	spatula	grasp,shovel	2	0.9094630979412264	0.9157778741701071	0.9200142892885437	0.9228675857325938	0.9243148139120935	0.925360107421875	0.92572021484375	0.020	0.478469785	0.909463098	1
am_0576_obj_037_锅铲3	obj_037_锅铲3	锅铲3	spatula	spatula	grasp,shovel	2	0.90188110551387	0.9086882198481814	0.9134054717117017	0.9170843731127382	0.9198247740239635	0.923428520252558	0.9256307082399082	0.020	0.478469785	0.901881106	1
am_0577_obj_037_锅铲3	obj_037_锅铲3	锅铲3	spatula	spatula	grasp,shovel	2	0.895098755866071	0.9024605184446202	0.9092610156165342	0.9154426336080559	0.9197419230326345	0.9235600419061964	0.9254876904671104	0.020	0.478469785	0.895098756	1
am_0578_obj_037_锅铲3	obj_037_锅铲3	锅铲3	spatula	spatula	grasp,shovel	2	0.8900311849048379	0.8979576173078441	0.9057584342859504	0.9124637242737867	0.9176898851243454	0.9235678462940016	0.9251782423637078	0.020	0.478469785	0.890031185	1
am_0579_obj_037_锅铲3	obj_037_锅铲3	锅铲3	spatula	spatula	grasp,shovel	2	0.8806204717133461	0.8901483800297592	0.898765779397237	0.9057856334169081	0.9123056410336461	0.9206002590859985	0.9247485638342996	0.020	0.478469785	0.880620472	1
am_0580_obj_038_食用油	obj_038_食用油	食用油	bottle	bottle	grasp,open,pour	3	0.7430090897925066	0.7872689182042212	0.8112825370508473	0.8218227384153421	0.8281063338605189	0.8335793450580781	0.8363124713382698	0.020	0.478469785	0.743009090	1
am_0581_obj_038_食用油	obj_038_食用油	食用油	bottle	bottle	grasp,open,pour	3	0.7807746298258689	0.8198885506344208	0.8424521310176951	0.8568528793620569	0.8682916001896656	0.8881999055873414	0.9011917499639237	0.020	0.478469785	0.780774630	1
am_0582_obj_038_食用油	obj_038_食用油	食用油	bottle	bottle	grasp,open,pour	3	0.8176285446229997	0.8667968346003825	0.8869033323006553	0.8963883025481737	0.9015684547387459	0.9064090513286986	0.9088346884317914	0.020	0.478469785	0.817628545	1
am_0583_obj_038_食用油	obj_038_食用油	食用油	bottle	bottle	grasp,open,pour	3	0.582487651421606	0.6183611748300392	0.6434372304525887	0.6589332468354764	0.6675472548423675	0.6783048692048617	0.684887248886783	0.020	0.478469785	0.582487651	1
am_0584_obj_038_食用油	obj_038_食用油	食用油	bottle	bottle	grasp,open,pour	3	0.8014375469645653	0.8518388303649851	0.8790001934560774	0.8918585812574641	0.8990301291877353	0.9062439366818379	0.9100925571023004	0.020	0.478469785	0.801437547	1
am_0585_obj_038_食用油	obj_038_食用油	食用油	bottle	bottle	grasp,open,pour	3	0.7776801540624221	0.817965836070406	0.8385867408790387	0.8476610186164928	0.8528936126433929	0.8580384878792908	0.8614569931963527	0.020	0.478469785	0.777680154	1
am_0586_obj_038_食用油	obj_038_食用油	食用油	bottle	bottle	grasp,open,pour	3	0.7305368122080796	0.796374964473428	0.8367305531624863	0.8583140940552821	0.8718827829083402	0.890171204863147	0.9041397733882112	0.020	0.478469785	0.730536812	1
am_0587_obj_038_食用油	obj_038_食用油	食用油	bottle	bottle	grasp,open,pour	3	0.4851462237814567	0.514193636919199	0.5358830070187149	0.5474043570454713	0.5546141812334322	0.5641333147350668	0.5679801659771443	0.020	0.478469785	0.485146224	1
am_0588_obj_038_食用油	obj_038_食用油	食用油	bottle	bottle	grasp,open,pour	3	0.5615166380468365	0.5960632182202289	0.6134385809557993	0.6234938462393024	0.629438533618468	0.6357690307440554	0.6392815893088544	0.020	0.478469785	0.561516638	1
am_0589_obj_038_食用油	obj_038_食用油	食用油	bottle	bottle	grasp,open,pour	3	0.7043617497284913	0.7456048103657985	0.7695606293968673	0.7823539907105809	0.7887309407787547	0.7961287652607378	0.7994439291824635	0.020	0.478469785	0.704361750	1
am_0590_obj_038_食用油	obj_038_食用油	食用油	bottle	bottle	grasp,open,pour	3	0.5211382914278934	0.5616776821027215	0.5933983725807223	0.6215131234382455	0.6441158389087054	0.674851513112484	0.6896884863081016	0.020	0.478469785	0.521138291	1
am_0591_obj_038_食用油	obj_038_食用油	食用油	bottle	bottle	grasp,open,pour	3	0.5106269644672027	0.5679863261160251	0.6231201270408528	0.6758066049491521	0.7230251326660486	0.7934482117537988	0.8273436572011043	0.020	0.478469785	0.510626964	1
am_0592_obj_038_食用油	obj_038_食用油	食用油	bottle	bottle	grasp,open,pour	3	0.7574622820095365	0.8084019954611089	0.839521651519075	0.8541350239338495	0.8624803902974204	0.8715058017783078	0.8745441047997581	0.020	0.478469785	0.757462282	1
am_0593_obj_038_食用油	obj_038_食用油	食用油	bottle	bottle	grasp,open,pour	3	0.5346756690182467	0.5726890485758088	0.5964559885734868	0.6100357938382565	0.6188088860354388	0.6275895259268106	0.6305985786357186	0.020	0.478469785	0.534675669	1
am_0594_obj_038_食用油	obj_038_食用油	食用油	bottle	bottle	grasp,open,pour	3	0.4906735208106667	0.5246038611279896	0.5486119215706119	0.5629578205757514	0.5744369715766702	0.5886503710953828	0.5952305380062058	0.020	0.478469785	0.490673521	1
am_0595_obj_039_冰箱	obj_039_冰箱	冰箱	refrigerator	refrigerator	open	1	0.7374547401811076	0.8102674392338564	0.8483751528071904	0.8697915933495434	0.8877207884251845	0.9045200342642833	0.9121678092724345	0.020	0.478469785	0.737454740	1
am_0596_obj_039_冰箱	obj_039_冰箱	冰箱	refrigerator	refrigerator	open	1	0.5695731585854591	0.6505360780899188	0.6932794309763961	0.7190161215654925	0.7344793069302062	0.7598086973104153	0.7806842137900927	0.020	0.478469785	0.569573159	1
am_0597_obj_039_冰箱	obj_039_冰箱	冰箱	refrigerator	refrigerator	open	1	0.6660769826377416	0.7505322746702029	0.793017543512583	0.8159395622219702	0.8300607368842943	0.8585338646100571	0.878491371990685	0.020	0.478469785	0.666076983	1
am_0598_obj_039_冰箱	obj_039_冰箱	冰箱	refrigerator	refrigerator	open	1	0.5819566522816318	0.6681541222234207	0.7265639122286104	0.7714722642492492	0.8037541172451673	0.8544988985056259	0.8792280956483509	0.020	0.478469785	0.581956652	1
am_0599_obj_039_冰箱	obj_039_冰箱	冰箱	refrigerator	refrigerator	open	1	0.608225872472965	0.6878953269856589	0.7419467667677325	0.7741779033499738	0.8022713107546832	0.8366746524250124	0.862707511409814	0.020	0.478469785	0.608225872	1
am_0600_obj_039_冰箱	obj_039_冰箱	冰箱	refrigerator	refrigerator	open	1	0.6020375719425339	0.6886970147015641	0.726920342027539	0.7569258063558466	0.7727715418959429	0.7979924954693635	0.8218936562664089	0.020	0.478469785	0.602037572	1
am_0601_obj_039_冰箱	obj_039_冰箱	冰箱	refrigerator	refrigerator	open	1	0.6422613278717187	0.711219949090764	0.7528190928840093	0.7726260199706669	0.789657709446699	0.8185005423960197	0.8444712349629521	0.020	0.478469785	0.642261328	1
am_0602_obj_039_冰箱	obj_039_冰箱	冰箱	refrigerator	refrigerator	open	1	0.5851732249081861	0.6592846507686996	0.707009162920442	0.7342082127116296	0.7563844544796802	0.7893779468267763	0.8142292407305826	0.020	0.478469785	0.585173225	1
am_0603_obj_039_冰箱	obj_039_冰箱	冰箱	refrigerator	refrigerator	open	1	0.5751531525202743	0.6481082028382651	0.7010740541280405	0.736884833322167	0.7637948472500791	0.8005071979743981	0.827894870284171	0.020	0.478469785	0.575153153	1
am_0604_obj_039_冰箱	obj_039_冰箱	冰箱	refrigerator	refrigerator	open	1	0.4796808258034063	0.5397907556108483	0.5720297554472987	0.5959212604811619	0.6130570675318903	0.6463350289259335	0.6705617278954683	0.020	0.478469785	0.479680826	1
am_0605_obj_039_冰箱	obj_039_冰箱	冰箱	refrigerator	refrigerator	open	1	0.5791586241473997	0.6668528817404359	0.7010085959285088	0.7161265064914011	0.7314556454269577	0.755342295503086	0.7767744287057566	0.020	0.478469785	0.579158624	1
am_0606_obj_039_冰箱	obj_039_冰箱	冰箱	refrigerator	refrigerator	open	1	0.47713616921843094	0.5479640169419004	0.5894013712521831	0.6202338502565372	0.6517908167061698	0.6976413830573286	0.7366759761289275	0.020	0.478469785	0.477136169	0
am_0607_obj_039_冰箱	obj_039_冰箱	冰箱	refrigerator	refrigerator	open	1	0.4976503797710722	0.5558723403202248	0.5839500604721218	0.6093307657991112	0.6306533784183791	0.6625272654505141	0.6907697518376376	0.020	0.478469785	0.497650380	1
am_0608_obj_039_冰箱	obj_039_冰箱	冰箱	refrigerator	refrigerator	open	1	0.39651771295913607	0.4622762240348114	0.5002505040871924	0.5314687731684217	0.5615598650731222	0.6092114449362761	0.6478436390897603	0.020	0.478469785	0.396517713	0
am_0609_obj_039_冰箱	obj_039_冰箱	冰箱	refrigerator	refrigerator	open	1	0.5747192393897729	0.650898994570543	0.6863447712898305	0.7116140154401301	0.7285434196599875	0.7556878602140958	0.7784254350022988	0.020	0.478469785	0.574719239	1
am_0610_obj_040_勺子4	obj_040_勺子4	勺子4	spoon	spoon	grasp,shovel	2	0.9075445250702041	0.9172556578080028	0.9228353720380169	0.9265856554860101	0.9296031546151148	0.9349422539603656	0.9397454542449759	0.020	0.478469785	0.907544525	1
am_0611_obj_040_勺子4	obj_040_勺子4	勺子4	spoon	spoon	grasp,shovel	2	0.9131146624746059	0.9237719026326066	0.9305025449427828	0.9348486006167454	0.9381241930412337	0.9422503962592719	0.9450890061104706	0.020	0.478469785	0.913114662	1
am_0612_obj_040_勺子4	obj_040_勺子4	勺子4	spoon	spoon	grasp,shovel	2	0.901707409813483	0.9128408314815812	0.9207541646829238	0.9249547574432657	0.9269541452615566	0.9291410265152644	0.9310663297931494	0.020	0.478469785	0.901707410	1
am_0613_obj_040_勺子4	obj_040_勺子4	勺子4	spoon	spoon	grasp,shovel	2	0.9310923416961241	0.9339677278395525	0.9353695257704184	0.9364177205424827	0.9374072238437847	0.939749325966553	0.9423601236481809	0.020	0.478469785	0.931092342	1
am_0614_obj_040_勺子4	obj_040_勺子4	勺子4	spoon	spoon	grasp,shovel	2	0.9191373985635279	0.9314967164547049	0.9367245396068549	0.939064350754631	0.9411045410808474	0.9448603487107601	0.9470510532874601	0.020	0.478469785	0.919137399	1
am_0615_obj_040_勺子4	obj_040_勺子4	勺子4	spoon	spoon	grasp,shovel	2	0.9260534392442779	0.9324123235641917	0.9360562236071941	0.9382810780620767	0.9397567004079813	0.9425005242713486	0.9455268312892646	0.020	0.478469785	0.926053439	1
am_0616_obj_040_勺子4	obj_040_勺子4	勺子4	spoon	spoon	grasp,shovel	2	0.9069719410225004	0.9179511853389856	0.9280581148636828	0.9336934964139112	0.9368432410088516	0.9410661906221487	0.9441104380508383	0.020	0.478469785	0.906971941	1
am_0617_obj_040_勺子4	obj_040_勺子4	勺子4	spoon	spoon	grasp,shovel	2	0.9234521146650434	0.9326903319570246	0.9385343993389407	0.9413291743067234	0.9429251487173851	0.9450554304225469	0.9473827964907786	0.020	0.478469785	0.923452115	1
am_0618_obj_040_勺子4	obj_040_勺子4	勺子4	spoon	spoon	grasp,shovel	2	0.8990103417361782	0.9093362861900135	0.9167275271647581	0.9216646383464194	0.9245246209911604	0.92780700115016	0.9303077943144266	0.020	0.478469785	0.899010342	1
am_0619_obj_040_勺子4	obj_040_勺子4	勺子4	spoon	spoon	grasp,shovel	2	0.9220616204894008	0.9247936964233096	0.9258806506454123	0.9263291935790274	0.92666015625	0.92728271484375	0.927777099609375	0.020	0.478469785	0.922061620	1
am_0620_obj_040_勺子4	obj_040_勺子4	勺子4	spoon	spoon	grasp,shovel	2	0.639174185516763	0.6496008159603398	0.6582463068137181	0.6648417431662876	0.6705190651526786	0.6806414449115903	0.6927345895841519	0.020	0.478469785	0.639174186	1
am_0621_obj_040_勺子4	obj_040_勺子4	勺子4	spoon	spoon	grasp,shovel	2	0.8975209378726257	0.9063280965660535	0.9121671886571509	0.9168413880126546	0.9205764895192592	0.9257618019978398	0.9274425346310399	0.020	0.478469785	0.897520938	1
am_0622_obj_040_勺子4	obj_040_勺子4	勺子4	spoon	spoon	grasp,shovel	2	0.9144751305083102	0.9238736406627608	0.9316650650314049	0.9374996970212682	0.9402324388279681	0.9429828441678718	0.9457832919712825	0.020	0.478469785	0.914475131	1
am_0623_obj_040_勺子4	obj_040_勺子4	勺子4	spoon	spoon	grasp,shovel	2	0.9359418103979347	0.9413107468883704	0.9440866100393683	0.9457642847813776	0.9467909515881148	0.9486591053599378	0.9499270093212693	0.020	0.478469785	0.935941810	1
am_0624_obj_040_勺子4	obj_040_勺子4	勺子4	spoon	spoon	grasp,shovel	2	0.933310001032748	0.9388610299124065	0.941899984756635	0.943733238435082	0.9449435706899948	0.947398908010182	0.9488613375889613	0.020	0.478469785	0.933310001	1
am_0625_obj_041_微波炉	obj_041_微波炉	微波炉	microwave	microwave	open,support	2	0.35282376531038445	0.3825575086685985	0.4210386328272129	0.44589248853934493	0.4644885724051073	0.48862353681680626	0.5102820725384623	0.020	0.478469785	0.352823765	0
am_0626_obj_041_微波炉	obj_041_微波炉	微波炉	microwave	microwave	open,support	2	0.31469453919420176	0.34241476866796927	0.3634911532886534	0.39093066386814174	0.41446316134999306	0.45541544953456925	0.49675750047151135	0.020	0.478469785	0.314694539	0
am_0627_obj_041_微波炉	obj_041_微波炉	微波炉	microwave	microwave	open,support	2	0.35138351215475505	0.38171480155324466	0.407876456975129	0.4307377398172615	0.44988140165928053	0.4790306595164383	0.5033668030311311	0.020	0.478469785	0.351383512	0
am_0628_obj_041_微波炉	obj_041_微波炉	微波炉	microwave	microwave	open,support	2	0.4138595460672596	0.44078399969225346	0.47127785707382225	0.4871001670458096	0.5026162201959228	0.523503158524982	0.5446869320812101	0.020	0.478469785	0.413859546	0
am_0629_obj_041_微波炉	obj_041_微波炉	微波炉	microwave	microwave	open,support	2	0.34068261273296846	0.370316177971875	0.40138263363892224	0.4235295322021895	0.44756783627055013	0.47803827852226166	0.5106427279542558	0.020	0.478469785	0.340682613	0
am_0630_obj_041_微波炉	obj_041_微波炉	微波炉	microwave	microwave	open,support	2	0.3848537166255067	0.4201276316714183	0.4547018924243168	0.48177309640953114	0.502975709645734	0.5321321131813688	0.5562384809191572	0.020	0.478469785	0.384853717	0
am_0631_obj_041_微波炉	obj_041_微波炉	微波炉	microwave	microwave	open,support	2	0.33319909148585797	0.3664704664780308	0.395184204507671	0.41952672744962544	0.4416481744880332	0.49105789789471554	0.52516014563708	0.020	0.478469785	0.333199091	0
am_0632_obj_041_微波炉	obj_041_微波炉	微波炉	microwave	microwave	open,support	2	0.36770800868908593	0.3956495868793679	0.42797319155845326	0.45605215191674453	0.47853966016310606	0.5212440117006524	0.5608284994279562	0.020	0.478469785	0.367708009	0
am_0633_obj_041_微波炉	obj_041_微波炉	微波炉	microwave	microwave	open,support	2	0.42085446360028145	0.448751194325619	0.47591628436554767	0.49722395770657846	0.51208940828331	0.5387680816431856	0.5577390849441425	0.020	0.478469785	0.420854464	0
am_0634_obj_041_微波炉	obj_041_微波炉	微波炉	microwave	microwave	open,support	2	0.3655391338869247	0.4029571909679207	0.43293652668872235	0.45511726730193014	0.4733735778575245	0.5081943544453238	0.5378821746006436	0.020	0.478469785	0.365539134	0
am_0635_obj_041_微波炉	obj_041_微波炉	微波炉	microwave	microwave	open,support	2	0.42166334512249704	0.4529210276651745	0.47933432476727716	0.5003728048774374	0.5149083643590633	0.5343737132022608	0.5539639616229068	0.020	0.478469785	0.421663345	0
am_0636_obj_041_微波炉	obj_041_微波炉	微波炉	microwave	microwave	open,support	2	0.09145640541313857	0.10117812899845227	0.1153866673092116	0.12530706043076342	0.13484528235018245	0.16194990218256305	0.19622879962542358	0.020	0.478469785	0.091456405	0
am_0637_obj_041_微波炉	obj_041_微波炉	微波炉	microwave	microwave	open,support	2	0.19351464209154284	0.21467810416715571	0.23719791087382236	0.26197835069019487	0.28178929184033097	0.3219023013807352	0.3544201570123018	0.020	0.478469785	0.193514642	0
am_0638_obj_041_微波炉	obj_041_微波炉	微波炉	microwave	microwave	open,support	2	0.22104888130476347	0.24665522385462862	0.2689782534955997	0.291057125937615	0.3133748823531165	0.3567542127872352	0.39334955687147194	0.020	0.478469785	0.221048881	0
am_0639_obj_041_微波炉	obj_041_微波炉	微波炉	microwave	microwave	open,support	2	0.17311283691773308	0.1877171656173875	0.20317553753186163	0.2216329238401977	0.23652407600985242	0.2695635071421416	0.3014359741768582	0.020	0.478469785	0.173112837	0
am_0640_obj_042_托盘2	obj_042_托盘2	托盘2	plate	plate	grasp,place	2	0.7155628498340603	0.7729540485217079	0.8120228679482229	0.8406860681517592	0.8619067834260272	0.8949403526892918	0.9120979330287333	0.020	0.478469785	0.715562850	1
am_0641_obj_042_托盘2	obj_042_托盘2	托盘2	plate	plate	grasp,place	2	0.6437204836261896	0.7000305895041239	0.7422737281677383	0.778893110968722	0.8098651753077677	0.8587360963649118	0.888960008001914	0.020	0.478469785	0.643720484	1
am_0642_obj_042_托盘2	obj_042_托盘2	托盘2	plate	plate	grasp,place	2	0.702786317207035	0.7667314175599472	0.8089916138887474	0.8405833571720247	0.8650754460321071	0.8961649932657356	0.9158018267036473	0.020	0.478469785	0.702786317	1
am_0643_obj_042_托盘2	obj_042_托盘2	托盘2	plate	plate	grasp,place	2	0.7143872237137658	0.7796934542729697	0.8212874970723474	0.8555338333487581	0.8779697167446363	0.9097214064199146	0.92666233207048	0.020	0.478469785	0.714387224	1
am_0644_obj_042_托盘2	obj_042_托盘2	托盘2	plate	plate	grasp,place	2	0.708674818096084	0.7748016902465127	0.8177445184957941	0.8501262735011599	0.8728093989559496	0.9063379817984136	0.925489653651775	0.020	0.478469785	0.708674818	1
am_0645_obj_042_托盘2	obj_042_托盘2	托盘2	plate	plate	grasp,place	2	0.6958122368755553	0.7638464194960044	0.8066533317475927	0.8365624905838757	0.8601941922338268	0.8936923300604375	0.9137855538668651	0.020	0.478469785	0.695812237	1
am_0646_obj_042_托盘2	obj_042_托盘2	托盘2	plate	plate	grasp,place	2	0.6586235947546739	0.7227576124293127	0.7630807793719447	0.7927888534421306	0.8170847456434965	0.8540330759546662	0.879759699823441	0.020	0.478469785	0.658623595	1
am_0647_obj_042_托盘2	obj_042_托盘2	托盘2	plate	plate	grasp,place	2	0.565591308702464	0.6192570529459369	0.6603389988151569	0.6946197242414847	0.7298935992593762	0.7869659982615282	0.8312255619314044	0.020	0.478469785	0.565591309	1
am_0648_obj_042_托盘2	obj_042_托盘2	托盘2	plate	plate	grasp,place	2	0.7117548071134433	0.780969289393608	0.8291678009341439	0.862098282847644	0.8862419866822822	0.9165737795317956	0.9309638952280778	0.020	0.478469785	0.711754807	1
am_0649_obj_042_托盘2	obj_042_托盘2	托盘2	plate	plate	grasp,place	2	0.6921434751374161	0.7523572427889688	0.7989579218413575	0.832993329538186	0.8591630760724601	0.8983612235269975	0.9213231906569355	0.020	0.478469785	0.692143475	1
am_0650_obj_042_托盘2	obj_042_托盘2	托盘2	plate	plate	grasp,place	2	0.6874770649227613	0.7501040285328398	0.791220346984967	0.821821623606791	0.8456720577310266	0.8840950043771308	0.9079656399415836	0.020	0.478469785	0.687477065	1
am_0651_obj_042_托盘2	obj_042_托盘2	托盘2	plate	plate	grasp,place	2	0.6224776985716227	0.6875525136347354	0.7322495907866988	0.7655183727919019	0.7925445846833474	0.8371573534849781	0.8672615758530525	0.020	0.478469785	0.622477699	1
am_0652_obj_042_托盘2	obj_042_托盘2	托盘2	plate	plate	grasp,place	2	0.6732424617096117	0.7391095729336631	0.7871938304575898	0.8185751676334003	0.8472375123948255	0.8917917249681154	0.9165500810389655	0.020	0.478469785	0.673242462	1
am_0653_obj_042_托盘2	obj_042_托盘2	托盘2	plate	plate	grasp,place	2	0.6950056684144423	0.763873482266322	0.8095919596239898	0.841136067066571	0.8626292069675007	0.8946104845192325	0.9142860908609389	0.020	0.478469785	0.695005668	1
am_0654_obj_042_托盘2	obj_042_托盘2	托盘2	plate	plate	grasp,place	2	0.5707085459739961	0.6283186412047759	0.6690253740080634	0.7040022075670289	0.7369269935643548	0.7936686537440196	0.8399193763625032	0.020	0.478469785	0.570708546	1
am_0655_obj_043_桃	obj_043_桃	桃	fruit	peach	grasp	1	0.923241466029943	0.9273740431232392	0.9313365921924049	0.9343943745200487	0.9371795971360388	0.9415542490897997	0.9446053322743785	0.020	0.478469785	0.923241466	1
am_0656_obj_043_桃	obj_043_桃	桃	fruit	peach	grasp	1	0.9274948599649765	0.930915003150977	0.9340562595344583	0.9369763463807057	0.9391669714716062	0.9426474180607552	0.9453286832805674	0.020	0.478469785	0.927494860	1
am_0657_obj_043_桃	obj_043_桃	桃	fruit	peach	grasp	1	0.9312838257291366	0.9343233834121195	0.9372627335914603	0.9394702890734112	0.9414556850447061	0.9441561016786839	0.9460459835511295	0.020	0.478469785	0.931283826	1
am_0658_obj_043_桃	obj_043_桃	桃	fruit	peach	grasp	1	0.9377954042797689	0.9398556638027058	0.9418339654582916	0.9431696890376564	0.9442104027084648	0.9459164850200222	0.9472841263978943	0.020	0.478469785	0.937795404	1
am_0659_obj_043_桃	obj_043_桃	桃	fruit	peach	grasp	1	0.9156498183790094	0.920183664210041	0.9245508820613748	0.9288007342276761	0.9322607402471919	0.9377118213449653	0.9414477994528841	0.020	0.478469785	0.915649818	1
am_0660_obj_043_桃	obj_043_桃	桃	fruit	peach	grasp	1	0.9013798526088138	0.9067146349666055	0.9122373662493006	0.9168862238122895	0.9211465042846252	0.9276450936201897	0.9335086409826227	0.020	0.478469785	0.901379853	1
am_0661_obj_043_桃	obj_043_桃	桃	fruit	peach	grasp	1	0.902558834018528	0.9076452019498097	0.9129218307773739	0.917077519267726	0.9207164509575996	0.9272412494149795	0.9329309899987873	0.020	0.478469785	0.902558834	1
am_0662_obj_043_桃	obj_043_桃	桃	fruit	peach	grasp	1	0.9155639154743642	0.9205671771813224	0.9251201426052618	0.9289418738895334	0.9314431440096994	0.9353841044199516	0.9384210162554345	0.020	0.478469785	0.915563915	1
am_0663_obj_043_桃	obj_043_桃	桃	fruit	peach	grasp	1	0.9088792314209307	0.9137933447494264	0.9189668794020461	0.9229937935279171	0.9266959627572279	0.9328032924485632	0.9376752714131422	0.020	0.478469785	0.908879231	1
am_0664_obj_043_桃	obj_043_桃	桃	fruit	peach	grasp	1	0.9137179653418952	0.9179837273436497	0.9225582633441384	0.9260721144774398	0.9295628650714092	0.9346742505114849	0.9392162337103434	0.020	0.478469785	0.913717965	1
am_0665_obj_043_桃	obj_043_桃	桃	fruit	peach	grasp	1	0.8874923307620041	0.8944195171880625	0.9005397469683482	0.906406437761393	0.9108146605488482	0.9190777036863901	0.92552493946887	0.020	0.478469785	0.887492331	1
am_0666_obj_043_桃	obj_043_桃	桃	fruit	peach	grasp	1	0.9238286353068258	0.9271281563781901	0.9301666728715926	0.9324218666519906	0.9347451777952227	0.9383947796814482	0.941568865260742	0.020	0.478469785	0.923828635	1
am_0667_obj_043_桃	obj_043_桃	桃	fruit	peach	grasp	1	0.9454300046722859	0.9464402829187705	0.9473086962158069	0.9479447436403031	0.9483525193532383	0.9491526698045638	0.9496106929665196	0.020	0.478469785	0.945430005	1
am_0668_obj_043_桃	obj_043_桃	桃	fruit	peach	grasp	1	0.9253407826621685	0.9292866545902163	0.9331541281681535	0.936131266137602	0.9385803929591996	0.9422697694168539	0.944815313112451	0.020	0.478469785	0.925340783	1
am_0669_obj_043_桃	obj_043_桃	桃	fruit	peach	grasp	1	0.8773750676604868	0.8850175241168184	0.8931910802731611	0.9000007960514196	0.90586821044347	0.9153733821020387	0.9235446248899019	0.020	0.478469785	0.877375068	1
am_0670_obj_044_梨	obj_044_梨	梨	fruit	pear	grasp	1	0.4423330121245367	0.4706040132818351	0.49772683531270684	0.5242876794113492	0.5514536530199552	0.6063770577001055	0.6587601080973344	0.020	0.478469785	0.442333012	0
am_0671_obj_044_梨	obj_044_梨	梨	fruit	pear	grasp	1	0.8670318963464053	0.8818233102438897	0.8937133978594185	0.9043994881188662	0.914034039161432	0.9289253193734643	0.9386403157663695	0.020	0.478469785	0.867031896	1
am_0672_obj_044_梨	obj_044_梨	梨	fruit	pear	grasp	1	0.7428573220051747	0.7725423704751887	0.7966644891954653	0.816727660547562	0.8341080666832573	0.8594567666322301	0.8750242640751539	0.020	0.478469785	0.742857322	1
am_0673_obj_044_梨	obj_044_梨	梨	fruit	pear	grasp	1	0.6799380875831212	0.7052680538424672	0.7273013488586688	0.7480241154513548	0.7668558907293284	0.7982271242544989	0.8219625630201988	0.020	0.478469785	0.679938088	1
am_0674_obj_044_梨	obj_044_梨	梨	fruit	pear	grasp	1	0.7715247243921761	0.7993616792959293	0.8230119417713364	0.8433684881093507	0.8593667088421139	0.8860738513239544	0.9046211089086068	0.020	0.478469785	0.771524724	1
am_0675_obj_044_梨	obj_044_梨	梨	fruit	pear	grasp	1	0.8156448804002487	0.8289561038577375	0.8405572573324462	0.8514665007636234	0.8607555067253847	0.8767462301663802	0.8886679915817627	0.020	0.478469785	0.815644880	1
am_0676_obj_044_梨	obj_044_梨	梨	fruit	pear	grasp	1	0.8052524717433872	0.8272893238022065	0.8459924425291373	0.8610560352642423	0.8752425666718425	0.9000897814751809	0.9182565043000398	0.020	0.478469785	0.805252472	1
am_0677_obj_044_梨	obj_044_梨	梨	fruit	pear	grasp	1	0.8387731419217797	0.8546025264475278	0.8696832164519297	0.8828881764438915	0.8944705910621895	0.9158325342712719	0.9312274742965464	0.020	0.478469785	0.838773142	1
am_0678_obj_044_梨	obj_044_梨	梨	fruit	pear	grasp	1	0.8537990698348036	0.8699758813573691	0.8836350327479782	0.8960096627663943	0.9059423602266813	0.9218939941313014	0.9321861063219077	0.020	0.478469785	0.853799070	1
am_0679_obj_044_梨	obj_044_梨	梨	fruit	pear	grasp	1	0.74731134527471	0.7742536744375799	0.7980825328213971	0.8202088715581823	0.8393215175314932	0.8739064662633437	0.8992150278180979	0.020	0.478469785	0.747311345	1
am_0680_obj_044_梨	obj_044_梨	梨	fruit	pear	grasp	1	0.5290822145367413	0.5559343501242515	0.5797593145396335	0.6010059897976376	0.6234156508429821	0.665769943565145	0.7061053608375055	0.020	0.478469785	0.529082215	1
am_0681_obj_044_梨	obj_044_梨	梨	fruit	pear	grasp	1	0.8358926610661772	0.8541646984781991	0.8690645051841741	0.8830914446008128	0.8967828056860616	0.9187982723408142	0.9357096152365937	0.020	0.478469785	0.835892661	1
am_0682_obj_044_梨	obj_044_梨	梨	fruit	pear	grasp	1	0.7909421049675058	0.8055063453553633	0.8184015152743471	0.8296795505800942	0.8403152112019787	0.8594264562326661	0.8739763338936486	0.020	0.478469785	0.790942105	1
am_0683_obj_044_梨	obj_044_梨	梨	fruit	pear	grasp	1	0.7045617389850861	0.7334421318394119	0.7607396639747285	0.7853343820216452	0.8092749635967136	0.8532854249424261	0.885841247577854	0.020	0.478469785	0.704561739	1
am_0684_obj_044_梨	obj_044_梨	梨	fruit	pear	grasp	1	0.7807468337517914	0.7975485872640081	0.8121004029872942	0.8248399327096365	0.8361023197917261	0.8558146149721901	0.8690313549410833	0.020	0.478469785	0.780746834	1
am_0685_obj_045_椅子	obj_045_椅子	椅子	chair	chair	sit,lean	2	0.8292653964936073	0.8747771971503953	0.8988537900077505	0.911158604093597	0.9173696744613146	0.9233567318567749	0.9259247133321284	0.020	0.478469785	0.829265396	1
am_0686_obj_045_椅子	obj_045_椅子	椅子	chair	chair	sit,lean	2	0.8442702071989059	0.8808968714066551	0.9000613383433806	0.9109231279281242	0.9174943338620476	0.9228293574793525	0.9254381998363708	0.020	0.478469785	0.844270207	1
am_0687_obj_045_椅子	obj_045_椅子	椅子	chair	chair	sit,lean	2	0.8443643388786266	0.8779420101779352	0.8987185315358484	0.9137206750698998	0.9191187085928461	0.9226009396447798	0.9244319943322798	0.020	0.478469785	0.844364339	1
am_0688_obj_045_椅子	obj_045_椅子	椅子	chair	chair	sit,lean	2	0.8728125347045049	0.9011213836139825	0.9115846166855608	0.9175791833216772	0.9204981485119611	0.9232666015625	0.9253601074218749	0.020	0.478469785	0.872812535	1
am_0689_obj_045_椅子	obj_045_椅子	椅子	chair	chair	sit,lean	2	0.865151450971722	0.895346231053367	0.9102542508262093	0.917155708801342	0.9197576717913516	0.9234462719749971	0.9255310058593751	0.020	0.478469785	0.865151451	1
am_0690_obj_045_椅子	obj_045_椅子	椅子	chair	chair	sit,lean	2	0.8303175746611082	0.8736485298358015	0.897712288376483	0.9088037099804217	0.9157212268013368	0.9221548883595668	0.9249786611446043	0.020	0.478469785	0.830317575	1
am_0691_obj_045_椅子	obj_045_椅子	椅子	chair	chair	sit,lean	2	0.863480839107102	0.8947612579477247	0.9091153484779939	0.9171130032304402	0.9205672652734842	0.923516845703125	0.9254638671875	0.020	0.478469785	0.863480839	1
am_0692_obj_045_椅子	obj_045_椅子	椅子	chair	chair	sit,lean	2	0.8625430650046033	0.8955357677522511	0.9108116463461975	0.917829193966756	0.9204910800614147	0.923431396484375	0.92567138671875	0.020	0.478469785	0.862543065	1
am_0693_obj_045_椅子	obj_045_椅子	椅子	chair	chair	sit,lean	2	0.8702197809213823	0.8997041914900916	0.9136556565312469	0.9192295860830699	0.9209356146433944	0.9232488470652693	0.925095100113585	0.020	0.478469785	0.870219781	1
am_0694_obj_045_椅子	obj_045_椅子	椅子	chair	chair	sit,lean	2	0.7521913798137747	0.7883686757533265	0.815736280198917	0.8311607963858456	0.8414066326805738	0.863754914660811	0.8920062766815349	0.020	0.478469785	0.752191380	1
am_0695_obj_045_椅子	obj_045_椅子	椅子	chair	chair	sit,lean	2	0.7599342384730294	0.7931686822737373	0.8103087625785087	0.823358922545554	0.8339137427298227	0.8580581548452979	0.88373009425775	0.020	0.478469785	0.759934238	1
am_0696_obj_045_椅子	obj_045_椅子	椅子	chair	chair	sit,lean	2	0.8109539383331267	0.8499232715487244	0.8794646913055462	0.8965082853638012	0.9101725198896395	0.9218571684564052	0.9252185418846659	0.020	0.478469785	0.810953938	1
am_0697_obj_045_椅子	obj_045_椅子	椅子	chair	chair	sit,lean	2	0.8509244901041827	0.8830648597241317	0.9035129288920196	0.9128946403660336	0.9171631179979641	0.9224347284398708	0.9250966683422215	0.020	0.478469785	0.850924490	1
am_0698_obj_045_椅子	obj_045_椅子	椅子	chair	chair	sit,lean	2	0.8024729805873962	0.8500227581912313	0.8790229818447828	0.895549878725695	0.9060699503405489	0.9189467122581128	0.9244477539047737	0.020	0.478469785	0.802472981	1
am_0699_obj_045_椅子	obj_045_椅子	椅子	chair	chair	sit,lean	2	0.8270939469695895	0.8665762346780461	0.8897884692083646	0.902995176143786	0.9097890594257991	0.9187556539228949	0.9238264665856102	0.020	0.478469785	0.827093947	1
am_0700_obj_046_椅子2	obj_046_椅子2	椅子2	chair	chair	sit,lean	2	0.8507967440839626	0.873765241733298	0.8865292689273754	0.8940056399558953	0.8992983007269133	0.9068621407681481	0.9119623203536739	0.020	0.478469785	0.850796744	1
am_0701_obj_046_椅子2	obj_046_椅子2	椅子2	chair	chair	sit,lean	2	0.7749177728791763	0.8175988937098775	0.8494855254229705	0.8686727001674799	0.8826090095122092	0.9000028040110151	0.9098671387568344	0.020	0.478469785	0.774917773	1
am_0702_obj_046_椅子2	obj_046_椅子2	椅子2	chair	chair	sit,lean	2	0.8627028585350216	0.8868199259037395	0.8995858824747962	0.9093026474708092	0.913944604083809	0.9183316448420422	0.9192163838304057	0.020	0.478469785	0.862702859	1
am_0703_obj_046_椅子2	obj_046_椅子2	椅子2	chair	chair	sit,lean	2	0.8594283760583347	0.8833106625852032	0.8961436413082977	0.9036442232839632	0.9098142721495903	0.9158527998240353	0.9196998159202081	0.020	0.478469785	0.859428376	1
am_0704_obj_046_椅子2	obj_046_椅子2	椅子2	chair	chair	sit,lean	2	0.8621249063592353	0.886494438428581	0.901977613572036	0.911696609338062	0.9168809594994434	0.9205472013258211	0.92139892578125	0.020	0.478469785	0.862124906	1
am_0705_obj_046_椅子2	obj_046_椅子2	椅子2	chair	chair	sit,lean	2	0.8486311165240721	0.8762948349994626	0.891246200771158	0.8995317229857567	0.9058808885895611	0.9129729405089726	0.9188936931321461	0.020	0.478469785	0.848631117	1
am_0706_obj_046_椅子2	obj_046_椅子2	椅子2	chair	chair	sit,lean	2	0.8423809466349521	0.8727208046886848	0.8914375897000328	0.9004509854861535	0.9066421852088962	0.9134352614658314	0.917364496511393	0.020	0.478469785	0.842380947	1
am_0707_obj_046_椅子2	obj_046_椅子2	椅子2	chair	chair	sit,lean	2	0.8491669017211584	0.8751551900546	0.8887492045963075	0.8987062359076938	0.9047477767560446	0.9158322476061944	0.9189145772379305	0.020	0.478469785	0.849166902	1
am_0708_obj_046_椅子2	obj_046_椅子2	椅子2	chair	chair	sit,lean	2	0.8505120013782455	0.8750508572054398	0.8911580725137663	0.8999169508431638	0.9067639577640707	0.9152866531281221	0.91938767798101	0.020	0.478469785	0.850512001	1
am_0709_obj_046_椅子2	obj_046_椅子2	椅子2	chair	chair	sit,lean	2	0.8580051893751507	0.8842154272479412	0.8974312584786944	0.9085145261096588	0.9153889112006576	0.920792851842067	0.9214581531118571	0.020	0.478469785	0.858005189	1
am_0710_obj_046_椅子2	obj_046_椅子2	椅子2	chair	chair	sit,lean	2	0.842800962004523	0.8769777743427772	0.894539675432189	0.9049628471034621	0.9102638314856328	0.916179492450568	0.919619289409604	0.020	0.478469785	0.842800962	1
am_0711_obj_046_椅子2	obj_046_椅子2	椅子2	chair	chair	sit,lean	2	0.7720194754637432	0.8170870986591865	0.8462370924955247	0.8676434521718069	0.8830615689212844	0.9058057965465531	0.915205900196668	0.020	0.478469785	0.772019475	1
am_0712_obj_046_椅子2	obj_046_椅子2	椅子2	chair	chair	sit,lean	2	0.7793454452614867	0.8198824891554033	0.847671940477703	0.8683444134100148	0.8825292863364135	0.9004038669384391	0.910661629785197	0.020	0.478469785	0.779345445	1
am_0713_obj_046_椅子2	obj_046_椅子2	椅子2	chair	chair	sit,lean	2	0.8628144130240949	0.8864541653944653	0.898604773675544	0.9067602993550976	0.9114607158991225	0.9170631194110926	0.9202910302497507	0.020	0.478469785	0.862814413	1
am_0714_obj_046_椅子2	obj_046_椅子2	椅子2	chair	chair	sit,lean	2	0.83444567187311	0.867167278921766	0.8875430850840174	0.8986656061646069	0.904562927288411	0.9125094991050562	0.9169532825315903	0.020	0.478469785	0.834445672	1
am_0715_obj_047_水壶	obj_047_水壶	水壶	kettle	kettle	grasp,pour,contain	3	0.6996329214515287	0.7638698734599259	0.813061571574702	0.854676493237227	0.8828590558075256	0.9041622976661846	0.9131974786600452	0.020	0.478469785	0.699632921	1
am_0716_obj_047_水壶	obj_047_水壶	水壶	kettle	kettle	grasp,pour,contain	3	0.6911687911250644	0.7509744250381941	0.7898861602777713	0.8265272971136318	0.8504888793428763	0.8799967509349736	0.8957767804483859	0.020	0.478469785	0.691168791	1
am_0717_obj_047_水壶	obj_047_水壶	水壶	kettle	kettle	grasp,pour,contain	3	0.6813809575082216	0.7381657012799407	0.7826661201562736	0.8218003431006519	0.8534054324914379	0.8917614058053261	0.9071700667819528	0.020	0.478469785	0.681380958	1
am_0718_obj_047_水壶	obj_047_水壶	水壶	kettle	kettle	grasp,pour,contain	3	0.5879120876234817	0.6313272643671697	0.6726846564733698	0.7094700620406226	0.7366070091436431	0.7854986230073738	0.8254012175203386	0.020	0.478469785	0.587912088	1
am_0719_obj_047_水壶	obj_047_水壶	水壶	kettle	kettle	grasp,pour,contain	3	0.6165824453421272	0.664943060806619	0.7076666672169375	0.7482538742267013	0.7852637000362291	0.8460037936819385	0.8817977487428149	0.020	0.478469785	0.616582445	1
am_0720_obj_047_水壶	obj_047_水壶	水壶	kettle	kettle	grasp,pour,contain	3	0.676494059686204	0.7234299031577692	0.7588492336812473	0.7806701146515054	0.7991014616390402	0.8270139030913063	0.8523707821665699	0.020	0.478469785	0.676494060	1
am_0721_obj_047_水壶	obj_047_水壶	水壶	kettle	kettle	grasp,pour,contain	3	0.761384487767622	0.8141128056443275	0.8525938699471443	0.8712387547558503	0.8850437347970924	0.9043398549803294	0.9130943849730643	0.020	0.478469785	0.761384488	1
am_0722_obj_047_水壶	obj_047_水壶	水壶	kettle	kettle	grasp,pour,contain	3	0.7030876042504972	0.7482246381189621	0.7858142768321477	0.824118090647822	0.8512876844989732	0.8907018590387645	0.9118679686665846	0.020	0.478469785	0.703087604	1
am_0723_obj_047_水壶	obj_047_水壶	水壶	kettle	kettle	grasp,pour,contain	3	0.6668845285052333	0.7212524299312967	0.7720310178877791	0.814599826498827	0.8429418204690649	0.8842474415597065	0.9044330082286686	0.020	0.478469785	0.666884529	1
am_0724_obj_047_水壶	obj_047_水壶	水壶	kettle	kettle	grasp,pour,contain	3	0.7072904481985888	0.767149473809026	0.8199230719075921	0.8554033780883842	0.8797274115357411	0.9015941299542435	0.9108401148779751	0.020	0.478469785	0.707290448	1
am_0725_obj_047_水壶	obj_047_水壶	水壶	kettle	kettle	grasp,pour,contain	3	0.6570318131337074	0.7064693768499059	0.7478695865295159	0.7793603676879851	0.8034407175594964	0.8494930895079219	0.8826375309143778	0.020	0.478469785	0.657031813	1
am_0726_obj_047_水壶	obj_047_水壶	水壶	kettle	kettle	grasp,pour,contain	3	0.6774612685153562	0.7220338584295528	0.7642377789870678	0.7934144092427662	0.8180217921466614	0.8492008221342345	0.8700941598222728	0.020	0.478469785	0.677461269	1
am_0727_obj_047_水壶	obj_047_水壶	水壶	kettle	kettle	grasp,pour,contain	3	0.6846319891643043	0.7314177402626202	0.7750387021308733	0.7995635454061164	0.820869909768135	0.8480077918214125	0.8711282814185175	0.020	0.478469785	0.684631989	1
am_0728_obj_047_水壶	obj_047_水壶	水壶	kettle	kettle	grasp,pour,contain	3	0.7198897364932154	0.7640768309089734	0.7967530264540098	0.8206040968175068	0.8365702579316127	0.8650004477627843	0.8858585501087014	0.020	0.478469785	0.719889736	1
am_0729_obj_047_水壶	obj_047_水壶	水壶	kettle	kettle	grasp,pour,contain	3	0.6569476339039508	0.7145433923420903	0.7662981599323797	0.8049366445486807	0.8312483208618824	0.8670196343350806	0.8861181407170141	0.020	0.478469785	0.656947634	1
am_0730_obj_048_水杯2	obj_048_水杯2	水杯2	open_container	cup	grasp,contain	2	0.5726742379688223	0.6570450426607212	0.690715607950326	0.7186430353162268	0.7430900157052496	0.7838372337359703	0.8166784197571809	0.020	0.478469785	0.572674238	1
am_0731_obj_048_水杯2	obj_048_水杯2	水杯2	open_container	cup	grasp,contain	2	0.5182194873015008	0.5819089260892076	0.6095802897809619	0.6331442473909696	0.6557205116643696	0.6987412629245144	0.740553327564416	0.020	0.478469785	0.518219487	1
am_0732_obj_048_水杯2	obj_048_水杯2	水杯2	open_container	cup	grasp,contain	2	0.6195270763319218	0.699872373684137	0.7262199058117336	0.7505901233507448	0.7716581632486677	0.8062145365625099	0.8351166232452683	0.020	0.478469785	0.619527076	1
am_0733_obj_048_水杯2	obj_048_水杯2	水杯2	open_container	cup	grasp,contain	2	0.6045360917905576	0.7123400144459813	0.7489925556268703	0.7776656658363335	0.8054666501501377	0.8468274958253659	0.8810591078782163	0.020	0.478469785	0.604536092	1
am_0734_obj_048_水杯2	obj_048_水杯2	水杯2	open_container	cup	grasp,contain	2	0.5780491914260323	0.6658088158549281	0.7052197719402064	0.7357085494500648	0.7629133947333879	0.8126438854381859	0.8526221852630202	0.020	0.478469785	0.578049191	1
am_0735_obj_048_水杯2	obj_048_水杯2	水杯2	open_container	cup	grasp,contain	2	0.5091747615040942	0.5660565541495904	0.5820997479246317	0.5961940172043614	0.6093481169639017	0.6328015178562902	0.6612492353536368	0.020	0.478469785	0.509174762	1
am_0736_obj_048_水杯2	obj_048_水杯2	水杯2	open_container	cup	grasp,contain	2	0.6109070984734077	0.6866142900484324	0.7152007709531433	0.7374359516648095	0.7593066728932284	0.7911068599539206	0.8200137897075468	0.020	0.478469785	0.610907098	1
am_0737_obj_048_水杯2	obj_048_水杯2	水杯2	open_container	cup	grasp,contain	2	0.6452730124319719	0.7202776303449132	0.7474501148422985	0.7715661603539661	0.7942548964439913	0.830225975245385	0.8565174367180033	0.020	0.478469785	0.645273012	1
am_0738_obj_048_水杯2	obj_048_水杯2	水杯2	open_container	cup	grasp,contain	2	0.6449275398179912	0.7267633676499503	0.7523500092410773	0.7703620824444659	0.7882174127054641	0.8145361700537984	0.8373497433187497	0.020	0.478469785	0.644927540	1
am_0739_obj_048_水杯2	obj_048_水杯2	水杯2	open_container	cup	grasp,contain	2	0.49888209526126637	0.5492147725905694	0.5655546341241696	0.578692215071446	0.5914274931395105	0.6142721654840494	0.6378466276088861	0.020	0.478469785	0.498882095	1
am_0740_obj_048_水杯2	obj_048_水杯2	水杯2	open_container	cup	grasp,contain	2	0.39052240352549783	0.45772111840274876	0.4890123827597208	0.5200490447526952	0.5458531817787369	0.6049389897314008	0.6648198938895857	0.020	0.478469785	0.390522404	0
am_0741_obj_048_水杯2	obj_048_水杯2	水杯2	open_container	cup	grasp,contain	2	0.49292168103278816	0.5561885734766204	0.5743576626470402	0.5893565720350938	0.6046628016728688	0.6399626044491208	0.6763408209657567	0.020	0.478469785	0.492921681	1
am_0742_obj_048_水杯2	obj_048_水杯2	水杯2	open_container	cup	grasp,contain	2	0.5227648917355171	0.6001779419314789	0.6250639770471997	0.6464425351793333	0.6678902703667677	0.7166314256140822	0.7659670337712617	0.020	0.478469785	0.522764892	1
am_0743_obj_048_水杯2	obj_048_水杯2	水杯2	open_container	cup	grasp,contain	2	0.6045497665323782	0.6836187339718879	0.7175633727850059	0.7467822456273441	0.7770438909074131	0.8218412391429049	0.859720449890768	0.020	0.478469785	0.604549767	1
am_0744_obj_048_水杯2	obj_048_水杯2	水杯2	open_container	cup	grasp,contain	2	0.6290682247646189	0.716810390680034	0.7489347221637643	0.7770162248813501	0.798167484195918	0.8350926852962872	0.8612638481185879	0.020	0.478469785	0.629068225	1
am_0745_obj_049_甜瓜	obj_049_甜瓜	甜瓜	fruit	melon	grasp	1	0.9450327626351326	0.9472903269047921	0.9487954039506976	0.9494640651953175	0.9496502690259581	0.9499303232998886	0.95	0.020	0.478469785	0.945032763	1
am_0746_obj_049_甜瓜	obj_049_甜瓜	甜瓜	fruit	melon	grasp	1	0.9471011549924903	0.9481526674546462	0.9485199242983503	0.9490226445975098	0.9495250674406315	0.9497852450732693	0.9499113475177305	0.020	0.478469785	0.947101155	1
am_0747_obj_049_甜瓜	obj_049_甜瓜	甜瓜	fruit	melon	grasp	1	0.9457211076605917	0.9467924301189401	0.9476962423301796	0.9481302236667007	0.9485239293989256	0.948940924334164	0.9492258112384139	0.020	0.478469785	0.945721108	1
am_0748_obj_049_甜瓜	obj_049_甜瓜	甜瓜	fruit	melon	grasp	1	0.886844307910021	0.9002173067658041	0.9104403663263572	0.9167153902888113	0.9224586438144284	0.9305066125416122	0.9353780062628416	0.020	0.478469785	0.886844308	1
am_0749_obj_049_甜瓜	obj_049_甜瓜	甜瓜	fruit	melon	grasp	1	0.9167303314372873	0.9242937003783348	0.9296727991613218	0.9339302718728041	0.9370801010556402	0.9408321370123385	0.9422709390651189	0.020	0.478469785	0.916730331	1
am_0750_obj_049_甜瓜	obj_049_甜瓜	甜瓜	fruit	melon	grasp	1	0.7966583405312803	0.8190870384990416	0.8353839252091582	0.8486923493402289	0.8594926369221272	0.8767128758035347	0.8903920445840742	0.020	0.478469785	0.796658341	1
am_0751_obj_049_甜瓜	obj_049_甜瓜	甜瓜	fruit	melon	grasp	1	0.9008316575783658	0.9108331003860114	0.9189633295749084	0.9251526856280166	0.9302191368969792	0.9373799861664537	0.9424023883470731	0.020	0.478469785	0.900831658	1
am_0752_obj_049_甜瓜	obj_049_甜瓜	甜瓜	fruit	melon	grasp	1	0.9420897046369463	0.9434151834542476	0.9442299097056571	0.9447791195083148	0.9452061604045833	0.9457929089340844	0.9462940013717432	0.020	0.478469785	0.942089705	1
am_0753_obj_049_甜瓜	obj_049_甜瓜	甜瓜	fruit	melon	grasp	1	0.9397272379568941	0.9441592795152458	0.9467088596782117	0.9480771168080283	0.9489358430829066	0.9495324189526185	0.9497183979974968	0.020	0.478469785	0.939727238	1
am_0754_obj_049_甜瓜	obj_049_甜瓜	甜瓜	fruit	melon	grasp	1	0.9480492754646607	0.9486210561615623	0.9488405537152748	0.9489627613456687	0.9490362460928694	0.9493182112679271	0.9494289548347519	0.020	0.478469785	0.948049275	1
am_0755_obj_049_甜瓜	obj_049_甜瓜	甜瓜	fruit	melon	grasp	1	0.9347792338596849	0.9390475614826812	0.9416899155369303	0.9432942640180281	0.9443238393301737	0.9455769145128352	0.9461830315334524	0.020	0.478469785	0.934779234	1
am_0756_obj_049_甜瓜	obj_049_甜瓜	甜瓜	fruit	melon	grasp	1	0.8394275591737917	0.8570787774391541	0.8720374990613126	0.8840237872160666	0.8948291745533025	0.9115838881795817	0.9202095169503746	0.020	0.478469785	0.839427559	1
am_0757_obj_049_甜瓜	obj_049_甜瓜	甜瓜	fruit	melon	grasp	1	0.9346149055493009	0.9400156901882077	0.9438410352772351	0.9464499293674462	0.9484684708675999	0.9498671537695118	0.95	0.020	0.478469785	0.934614906	1
am_0758_obj_049_甜瓜	obj_049_甜瓜	甜瓜	fruit	melon	grasp	1	0.8770518183423338	0.8906992854319583	0.9019925861123724	0.9108596576539855	0.9187511575977505	0.9303168434539811	0.938045882718483	0.020	0.478469785	0.877051818	1
am_0759_obj_049_甜瓜	obj_049_甜瓜	甜瓜	fruit	melon	grasp	1	0.44615668798378316	0.4712861005844129	0.4950581984289665	0.5170077439878857	0.5378544632905197	0.5736929791360362	0.607964827908395	0.020	0.478469785	0.446156688	0
am_0760_obj_050_盆栽2	obj_050_盆栽2	盆栽2	open_container	plant_pot	grasp,contain	2	0.6472807076998743	0.7149589607366781	0.7707297187983646	0.8078559796007949	0.8314260140601926	0.8530297420718331	0.8669140601562718	0.020	0.478469785	0.647280708	1
am_0761_obj_050_盆栽2	obj_050_盆栽2	盆栽2	open_container	plant_pot	grasp,contain	2	0.7625321622930632	0.8409940436375507	0.8801139539256726	0.8991968789352328	0.9126500625592706	0.9272577198851936	0.9292982133812266	0.020	0.478469785	0.762532162	1
am_0762_obj_050_盆栽2	obj_050_盆栽2	盆栽2	open_container	plant_pot	grasp,contain	2	0.8322197393756676	0.8854578862630071	0.906621733853383	0.9169112350644268	0.9224399728350386	0.9282284517405569	0.9297701582550614	0.020	0.478469785	0.832219739	1
am_0763_obj_050_盆栽2	obj_050_盆栽2	盆栽2	open_container	plant_pot	grasp,contain	2	0.8288245883296824	0.8813990741985609	0.9054252042479659	0.9182019622611295	0.9237866875013601	0.928192138671875	0.929345703125	0.020	0.478469785	0.828824588	1
am_0764_obj_050_盆栽2	obj_050_盆栽2	盆栽2	open_container	plant_pot	grasp,contain	2	0.8452653353587655	0.8879992134200652	0.9062701733900844	0.9162925993209909	0.9217496058717449	0.927874755859375	0.92913818359375	0.020	0.478469785	0.845265335	1
am_0765_obj_050_盆栽2	obj_050_盆栽2	盆栽2	open_container	plant_pot	grasp,contain	2	0.7166331585202556	0.7884865539450434	0.8327736985786015	0.8593060998716259	0.880651593130529	0.9073108545818019	0.919523281873426	0.020	0.478469785	0.716633159	1
am_0766_obj_050_盆栽2	obj_050_盆栽2	盆栽2	open_container	plant_pot	grasp,contain	2	0.8379336928162484	0.8865939568011747	0.904341655222006	0.9147359688445782	0.9223104453687656	0.9276810906531289	0.928927849408678	0.020	0.478469785	0.837933693	1
am_0767_obj_050_盆栽2	obj_050_盆栽2	盆栽2	open_container	plant_pot	grasp,contain	2	0.6772626363258385	0.7389927723233698	0.7803938644103874	0.8113492228788579	0.8334567733266893	0.862242177387953	0.8801499131290462	0.020	0.478469785	0.677262636	1
am_0768_obj_050_盆栽2	obj_050_盆栽2	盆栽2	open_container	plant_pot	grasp,contain	2	0.7425809296056363	0.8194953592563545	0.858937264951374	0.8809583863478427	0.8943408191320277	0.9101181512081409	0.9178528201185461	0.020	0.478469785	0.742580930	1
am_0769_obj_050_盆栽2	obj_050_盆栽2	盆栽2	open_container	plant_pot	grasp,contain	2	0.7714892879176904	0.8251940293377396	0.8528117679105897	0.8699220599398725	0.8802909865941837	0.8898829350583073	0.8990987412388993	0.020	0.478469785	0.771489288	1
am_0770_obj_050_盆栽2	obj_050_盆栽2	盆栽2	open_container	plant_pot	grasp,contain	2	0.7219516256327121	0.794752725567068	0.8456438538819484	0.8754578428411741	0.8918552944703695	0.9103715570677766	0.9164470413729939	0.020	0.478469785	0.721951626	1
am_0771_obj_050_盆栽2	obj_050_盆栽2	盆栽2	open_container	plant_pot	grasp,contain	2	0.7351450743552248	0.8152874162966091	0.85815403264689	0.8818568003849874	0.8960495555818854	0.9118026797395002	0.9191514080095495	0.020	0.478469785	0.735145074	1
am_0772_obj_050_盆栽2	obj_050_盆栽2	盆栽2	open_container	plant_pot	grasp,contain	2	0.7311748234745029	0.7963807410743489	0.8357019731992154	0.8577402088373224	0.8684851386276009	0.878063137007655	0.8850786118382519	0.020	0.478469785	0.731174823	1
am_0773_obj_050_盆栽2	obj_050_盆栽2	盆栽2	open_container	plant_pot	grasp,contain	2	0.6857940980876945	0.7528734400055791	0.8003865285068124	0.8281236456433103	0.8426065457618126	0.8593462949653674	0.8692120830868171	0.020	0.478469785	0.685794098	1
am_0774_obj_050_盆栽2	obj_050_盆栽2	盆栽2	open_container	plant_pot	grasp,contain	2	0.7009222680650788	0.7783124611956602	0.8303704574782862	0.8642338582035392	0.8837650027804633	0.9094290382772419	0.9157366187524365	0.020	0.478469785	0.700922268	1
am_0775_obj_051_盆栽3	obj_051_盆栽3	盆栽3	open_container	plant_pot	grasp,contain	2	0.44601911580318193	0.496989485547982	0.5395441927732942	0.5750219990376442	0.6027852964769371	0.6392618683547819	0.6655146776503303	0.020	0.478469785	0.446019116	0
am_0776_obj_051_盆栽3	obj_051_盆栽3	盆栽3	open_container	plant_pot	grasp,contain	2	0.3377923028265206	0.387307698377237	0.43726924642135373	0.46790142708455906	0.4873468502078814	0.5107503114337308	0.5221481490645656	0.020	0.478469785	0.337792303	0
am_0777_obj_051_盆栽3	obj_051_盆栽3	盆栽3	open_container	plant_pot	grasp,contain	2	0.35958437728788806	0.4080998072562497	0.45099603930245535	0.47847893952632903	0.4972710896390175	0.5290709537682985	0.553074755271214	0.020	0.478469785	0.359584377	0
am_0778_obj_051_盆栽3	obj_051_盆栽3	盆栽3	open_container	plant_pot	grasp,contain	2	0.4930670834753411	0.554621273852713	0.6049622613169499	0.6358693053390864	0.6554480209159528	0.6832419188892165	0.7055452261969855	0.020	0.478469785	0.493067083	1
am_0779_obj_051_盆栽3	obj_051_盆栽3	盆栽3	open_container	plant_pot	grasp,contain	2	0.4443304174883153	0.49792194760467745	0.5452290837367555	0.5822738712854373	0.6112343278830261	0.6605258531604313	0.698798858692256	0.020	0.478469785	0.444330417	0
am_0780_obj_051_盆栽3	obj_051_盆栽3	盆栽3	open_container	plant_pot	grasp,contain	2	0.3629086130321003	0.41867523481084234	0.47780350567465285	0.5178458133414843	0.5441834767757432	0.5723707835752745	0.5886253284903455	0.020	0.478469785	0.362908613	0
am_0781_obj_051_盆栽3	obj_051_盆栽3	盆栽3	open_container	plant_pot	grasp,contain	2	0.45076816622490234	0.516206790006137	0.5793669654768019	0.6194590194526477	0.6421408740864374	0.66756194450649	0.6826979727254985	0.020	0.478469785	0.450768166	0
am_0782_obj_051_盆栽3	obj_051_盆栽3	盆栽3	open_container	plant_pot	grasp,contain	2	0.36433996244211964	0.41281076060035915	0.4525361392170386	0.4856017992883782	0.5116132727269381	0.5455954735867568	0.5633561844762398	0.020	0.478469785	0.364339962	0
am_0783_obj_051_盆栽3	obj_051_盆栽3	盆栽3	open_container	plant_pot	grasp,contain	2	0.4249922442696696	0.4907748046027814	0.5562550183776322	0.6070748520967377	0.6336257267959334	0.658360507527635	0.6713421597991731	0.020	0.478469785	0.424992244	0
am_0784_obj_051_盆栽3	obj_051_盆栽3	盆栽3	open_container	plant_pot	grasp,contain	2	0.44628784545921907	0.5032386337656076	0.5578808413171654	0.5900212344314131	0.6125769172780412	0.6449227185943882	0.66972370911154	0.020	0.478469785	0.446287845	0
am_0785_obj_051_盆栽3	obj_051_盆栽3	盆栽3	open_container	plant_pot	grasp,contain	2	0.4873389707486498	0.5495034106051352	0.597204904474662	0.634052389592776	0.6644538817976114	0.7095521446632991	0.7392140846867046	0.020	0.478469785	0.487338971	1
am_0786_obj_051_盆栽3	obj_051_盆栽3	盆栽3	open_container	plant_pot	grasp,contain	2	0.367982621352419	0.419161058061563	0.4592551233698331	0.4881815155911726	0.5071913485757222	0.5220784673938456	0.5268810343174082	0.020	0.478469785	0.367982621	0
am_0787_obj_051_盆栽3	obj_051_盆栽3	盆栽3	open_container	plant_pot	grasp,contain	2	0.4134914094829751	0.4739689403320313	0.5358466972977453	0.5796191935858934	0.6046044848046137	0.6326439519994983	0.6487665368596184	0.020	0.478469785	0.413491409	0
am_0788_obj_051_盆栽3	obj_051_盆栽3	盆栽3	open_container	plant_pot	grasp,contain	2	0.4079564280428215	0.47757912939599295	0.5440223293408175	0.5908365256471941	0.6197047713075151	0.6443480263508341	0.6582154365272774	0.020	0.478469785	0.407956428	0
am_0789_obj_051_盆栽3	obj_051_盆栽3	盆栽3	open_container	plant_pot	grasp,contain	2	0.41754150228245634	0.4713116571144059	0.5241945927441242	0.56832549929032	0.6010201728712258	0.6447503321005501	0.6725662891143946	0.020	0.478469785	0.417541502	0
am_0790_obj_052_盆栽4	obj_052_盆栽4	盆栽4	open_container	plant_pot	grasp,contain	2	0.652808842523398	0.7199168305498446	0.7732582095545102	0.816361834982383	0.8462463965959943	0.8916368552697512	0.9204567030129684	0.020	0.478469785	0.652808843	1
am_0791_obj_052_盆栽4	obj_052_盆栽4	盆栽4	open_container	plant_pot	grasp,contain	2	0.6180064179682693	0.666009083780872	0.7069732589505958	0.7406946721532917	0.7691283997457545	0.8258639540943604	0.8750607147297917	0.020	0.478469785	0.618006418	1
am_0792_obj_052_盆栽4	obj_052_盆栽4	盆栽4	open_container	plant_pot	grasp,contain	2	0.44151818668062054	0.4851765308816009	0.5268419238783617	0.5662137540441066	0.6036082443017907	0.6701627929660702	0.7411769512977474	0.020	0.478469785	0.441518187	0
am_0793_obj_052_盆栽4	obj_052_盆栽4	盆栽4	open_container	plant_pot	grasp,contain	2	0.5694524725368839	0.618876708914228	0.6590997307172763	0.6976721408452053	0.7311584382499599	0.7919587831907522	0.8490827313668958	0.020	0.478469785	0.569452473	1
am_0794_obj_052_盆栽4	obj_052_盆栽4	盆栽4	open_container	plant_pot	grasp,contain	2	0.6545017954572017	0.7212736834743769	0.7688900490517969	0.8025634109806172	0.8220760296579837	0.8548608280930764	0.8840099753541222	0.020	0.478469785	0.654501795	1
am_0795_obj_052_盆栽4	obj_052_盆栽4	盆栽4	open_container	plant_pot	grasp,contain	2	0.6931029072015286	0.7614320404198045	0.8043708674707137	0.834467293884116	0.8532381055196028	0.8847518897590707	0.9073952165038484	0.020	0.478469785	0.693102907	1
am_0796_obj_052_盆栽4	obj_052_盆栽4	盆栽4	open_container	plant_pot	grasp,contain	2	0.5038669568745607	0.5290962484670666	0.5514355563074766	0.5714008777722376	0.5864534239096938	0.6143854742961249	0.6461565698468087	0.020	0.478469785	0.503866957	1
am_0797_obj_052_盆栽4	obj_052_盆栽4	盆栽4	open_container	plant_pot	grasp,contain	2	0.6363674697582291	0.7033558586889459	0.7511100953345782	0.784625288939911	0.8101579654853608	0.8528128631036413	0.8956074553844826	0.020	0.478469785	0.636367470	1
am_0798_obj_052_盆栽4	obj_052_盆栽4	盆栽4	open_container	plant_pot	grasp,contain	2	0.6004925355232704	0.6597169016973824	0.7023727254766243	0.7376477807790749	0.7692720867774092	0.8246887798712247	0.8748407148759613	0.020	0.478469785	0.600492536	1
am_0799_obj_052_盆栽4	obj_052_盆栽4	盆栽4	open_container	plant_pot	grasp,contain	2	0.6065203623276445	0.654735206898641	0.6914617897424612	0.718161740881956	0.7406343505531574	0.7811501429765222	0.8225717834855133	0.020	0.478469785	0.606520362	1
am_0800_obj_052_盆栽4	obj_052_盆栽4	盆栽4	open_container	plant_pot	grasp,contain	2	0.5084654293323922	0.5641603640604698	0.616959442145733	0.6655689112147296	0.7018935721776225	0.767107116835105	0.8248029062407389	0.020	0.478469785	0.508465429	1
am_0801_obj_052_盆栽4	obj_052_盆栽4	盆栽4	open_container	plant_pot	grasp,contain	2	0.6168578216907298	0.6723020401242905	0.7180901752147072	0.7544358670388354	0.7799800015409494	0.8195072383062931	0.8601400636275945	0.020	0.478469785	0.616857822	1
am_0802_obj_052_盆栽4	obj_052_盆栽4	盆栽4	open_container	plant_pot	grasp,contain	2	0.5223330801638756	0.5645678520925367	0.6087042817460224	0.6442371865479601	0.6768412447795646	0.7303132051829551	0.7836602918379145	0.020	0.478469785	0.522333080	1
am_0803_obj_052_盆栽4	obj_052_盆栽4	盆栽4	open_container	plant_pot	grasp,contain	2	0.628896979220919	0.6956898328606074	0.746731456342071	0.7896258007457633	0.8186939168947693	0.8622920983685112	0.9005836213541931	0.020	0.478469785	0.628896979	1
am_0804_obj_052_盆栽4	obj_052_盆栽4	盆栽4	open_container	plant_pot	grasp,contain	2	0.690947414359965	0.7418206030819896	0.776692895837563	0.8076401478475296	0.8297969669831999	0.8707057215102676	0.901394749426562	0.020	0.478469785	0.690947414	1
am_0805_obj_053_盆栽5	obj_053_盆栽5	盆栽5	open_container	plant_pot	grasp,contain	2	0.6942681301763848	0.7268981432069481	0.751460341100012	0.7712563879233414	0.7869362977680798	0.8152043976219363	0.8368637100817492	0.020	0.478469785	0.694268130	1
am_0806_obj_053_盆栽5	obj_053_盆栽5	盆栽5	open_container	plant_pot	grasp,contain	2	0.7097631172965259	0.7372085926914127	0.7582968240166461	0.7824991613228809	0.8014369339587272	0.8243184434643377	0.84020313778821	0.020	0.478469785	0.709763117	1
am_0807_obj_053_盆栽5	obj_053_盆栽5	盆栽5	open_container	plant_pot	grasp,contain	2	0.7230387557271514	0.7501209447979442	0.7748071383633209	0.7937057545549401	0.8072576454828773	0.8361196341282556	0.8526792388137541	0.020	0.478469785	0.723038756	1
am_0808_obj_053_盆栽5	obj_053_盆栽5	盆栽5	open_container	plant_pot	grasp,contain	2	0.6208712967288745	0.6488437461200689	0.6778295208135745	0.6985130413051522	0.7183047608601836	0.7568684566455146	0.7873704319713397	0.020	0.478469785	0.620871297	1
am_0809_obj_053_盆栽5	obj_053_盆栽5	盆栽5	open_container	plant_pot	grasp,contain	2	0.6313928109770669	0.6642798635804039	0.6930661159872117	0.7210190632127231	0.7441455846828617	0.7875637430420521	0.8189747984075166	0.020	0.478469785	0.631392811	1
am_0810_obj_053_盆栽5	obj_053_盆栽5	盆栽5	open_container	plant_pot	grasp,contain	2	0.683229921598185	0.7080939967113907	0.7330273056529599	0.7522840525135515	0.7686884434996508	0.7927591137395542	0.8099582216332142	0.020	0.478469785	0.683229922	1
am_0811_obj_053_盆栽5	obj_053_盆栽5	盆栽5	open_container	plant_pot	grasp,contain	2	0.6933386855680743	0.7297056420802299	0.7555041327934778	0.7770518056620601	0.794573501973445	0.8253240587314958	0.8489245925001316	0.020	0.478469785	0.693338686	1
am_0812_obj_053_盆栽5	obj_053_盆栽5	盆栽5	open_container	plant_pot	grasp,contain	2	0.6698509173444253	0.6996508993976114	0.7267087547406056	0.7485862017143936	0.7682291251561357	0.8104833918219059	0.8397674389819327	0.020	0.478469785	0.669850917	1
am_0813_obj_053_盆栽5	obj_053_盆栽5	盆栽5	open_container	plant_pot	grasp,contain	2	0.6385307335323436	0.6673286450620111	0.687516682087339	0.7038182157516768	0.7170986271626962	0.7398199971764541	0.7523795968990794	0.020	0.478469785	0.638530734	1
am_0814_obj_053_盆栽5	obj_053_盆栽5	盆栽5	open_container	plant_pot	grasp,contain	2	0.740884004593897	0.7760031174329162	0.8065329382067117	0.8329156561834705	0.8550684901818786	0.8875768217018972	0.9071761298475721	0.020	0.478469785	0.740884005	1
am_0815_obj_053_盆栽5	obj_053_盆栽5	盆栽5	open_container	plant_pot	grasp,contain	2	0.643723686606724	0.6730148638833225	0.6972264305041987	0.7144923115440576	0.7321232707495464	0.7637087678906593	0.7903121054735269	0.020	0.478469785	0.643723687	1
am_0816_obj_053_盆栽5	obj_053_盆栽5	盆栽5	open_container	plant_pot	grasp,contain	2	0.7084604974006976	0.7402137683593839	0.7693054449502392	0.7907875164924718	0.8133634223060628	0.8551675375181609	0.880854114191709	0.020	0.478469785	0.708460497	1
am_0817_obj_053_盆栽5	obj_053_盆栽5	盆栽5	open_container	plant_pot	grasp,contain	2	0.6831480104817358	0.7131552270094759	0.7384370395436711	0.7621271874877653	0.7874722128948579	0.8236237698880323	0.8458087867505022	0.020	0.478469785	0.683148010	1
am_0818_obj_053_盆栽5	obj_053_盆栽5	盆栽5	open_container	plant_pot	grasp,contain	2	0.6093894903324248	0.6317347765764594	0.6523429200191768	0.6704203167386169	0.6860639180493305	0.7232180389410954	0.7689824237488738	0.020	0.478469785	0.609389490	1
am_0819_obj_053_盆栽5	obj_053_盆栽5	盆栽5	open_container	plant_pot	grasp,contain	2	0.7389364887753098	0.7723246742647008	0.7977306580452583	0.8223359187764662	0.8413298126316239	0.8746230355136074	0.9033702710883453	0.020	0.478469785	0.738936489	1
am_0820_obj_054_碗3	obj_054_碗3	碗3	open_container	bowl	grasp,contain	2	0.5093872912799214	0.5453712632875181	0.5830034365612747	0.6237196523178475	0.6563179275303956	0.7110487222512383	0.7493831639532176	0.020	0.478469785	0.509387291	1
am_0821_obj_054_碗3	obj_054_碗3	碗3	open_container	bowl	grasp,contain	2	0.4733097562931475	0.5118180357218054	0.5600090511115703	0.5981990449691179	0.6306946080981606	0.6804602646330059	0.7187216843211863	0.020	0.478469785	0.473309756	0
am_0822_obj_054_碗3	obj_054_碗3	碗3	open_container	bowl	grasp,contain	2	0.5184514659034936	0.5619159321230625	0.6049979896804265	0.642080890846219	0.6767271692175654	0.7275205880567968	0.7603336914838228	0.020	0.478469785	0.518451466	1
am_0823_obj_054_碗3	obj_054_碗3	碗3	open_container	bowl	grasp,contain	2	0.5312919223999404	0.5805042653701904	0.6276035887944518	0.6674119065273212	0.7002882357122358	0.7480625466456639	0.7824793402837462	0.020	0.478469785	0.531291922	1
am_0824_obj_054_碗3	obj_054_碗3	碗3	open_container	bowl	grasp,contain	2	0.510941513038836	0.5419106666413797	0.5819297120908818	0.6152455487200814	0.647802537162961	0.6981307200121978	0.731632595988726	0.020	0.478469785	0.510941513	1
am_0825_obj_054_碗3	obj_054_碗3	碗3	open_container	bowl	grasp,contain	2	0.471418665420291	0.5130336043091277	0.5543725335710681	0.5880383820052322	0.6235268598068742	0.6799254640305715	0.7224115100674193	0.020	0.478469785	0.471418665	0
am_0826_obj_054_碗3	obj_054_碗3	碗3	open_container	bowl	grasp,contain	2	0.4283228381064592	0.46440699474526614	0.5015572472820939	0.5392118345161985	0.5676589360735451	0.6187602971733072	0.6591784146816004	0.020	0.478469785	0.428322838	0
am_0827_obj_054_碗3	obj_054_碗3	碗3	open_container	bowl	grasp,contain	2	0.4445189283993004	0.48924421916213856	0.5356166019228213	0.5726622041706243	0.6023560544980773	0.6505010593268802	0.6867566184467873	0.020	0.478469785	0.444518928	0
am_0828_obj_054_碗3	obj_054_碗3	碗3	open_container	bowl	grasp,contain	2	0.35580103454642137	0.3877385362979555	0.4252600592445102	0.45758783303021083	0.4857479998971097	0.5379349099521629	0.5850996704765927	0.020	0.478469785	0.355801035	0
am_0829_obj_054_碗3	obj_054_碗3	碗3	open_container	bowl	grasp,contain	2	0.5007647916435762	0.5395258508333991	0.5857626139870884	0.6258477199769912	0.6618571302939378	0.7090932808225496	0.7448144379112553	0.020	0.478469785	0.500764792	1
am_0830_obj_054_碗3	obj_054_碗3	碗3	open_container	bowl	grasp,contain	2	0.44883291285775506	0.487088238661309	0.5278477506450177	0.5635195977975909	0.5944897085804354	0.6471134420789117	0.6840041426239745	0.020	0.478469785	0.448832913	0
am_0831_obj_054_碗3	obj_054_碗3	碗3	open_container	bowl	grasp,contain	2	0.44454775186468787	0.48281317533237245	0.5236175484405196	0.5641479094822386	0.5947099138213959	0.6458541976476551	0.6849509760825417	0.020	0.478469785	0.444547752	0
am_0832_obj_054_碗3	obj_054_碗3	碗3	open_container	bowl	grasp,contain	2	0.5169994377540073	0.5611656429726289	0.6081318744174681	0.6454481138217787	0.680715683766014	0.723413309939545	0.7563937353331044	0.020	0.478469785	0.516999438	1
am_0833_obj_054_碗3	obj_054_碗3	碗3	open_container	bowl	grasp,contain	2	0.38867751200617084	0.42246879038228946	0.4606524020124733	0.49886376733793136	0.5352146364154395	0.5864805092917013	0.6270685295121328	0.020	0.478469785	0.388677512	0
am_0834_obj_054_碗3	obj_054_碗3	碗3	open_container	bowl	grasp,contain	2	0.5394650692068108	0.5849751090523524	0.6366975845219593	0.6780972410743973	0.7156113653716478	0.7733791355305137	0.8135919785225745	0.020	0.478469785	0.539465069	1
am_0835_obj_055_紧急呼叫器	obj_055_紧急呼叫器	紧急呼叫器	button	emergency_button	grasp,press	2	0.7972100475664184	0.831012338243733	0.8641766820732537	0.8843345057959103	0.9033989889503957	0.9194596783597764	0.9258169162233728	0.020	0.478469785	0.797210048	1
am_0836_obj_055_紧急呼叫器	obj_055_紧急呼叫器	紧急呼叫器	button	emergency_button	grasp,press	2	0.7808496054578329	0.808617408559442	0.8329984278211774	0.8535670387324026	0.8666609221921089	0.883018180563744	0.8898881730215356	0.020	0.478469785	0.780849605	1
am_0837_obj_055_紧急呼叫器	obj_055_紧急呼叫器	紧急呼叫器	button	emergency_button	grasp,press	2	0.7402857760542663	0.7758810371109198	0.8065643346241902	0.8271715105813974	0.8410807831460495	0.8646935815856842	0.8789114997668829	0.020	0.478469785	0.740285776	1
am_0838_obj_055_紧急呼叫器	obj_055_紧急呼叫器	紧急呼叫器	button	emergency_button	grasp,press	2	0.8399205385709887	0.8665165883124414	0.8911509582131689	0.9046708463164366	0.9173353990226749	0.9253679107498558	0.929687750039492	0.020	0.478469785	0.839920539	1
am_0839_obj_055_紧急呼叫器	obj_055_紧急呼叫器	紧急呼叫器	button	emergency_button	grasp,press	2	0.7198005728318456	0.7524719399875168	0.7873378190809147	0.8091932925851447	0.8246472729952614	0.8490924567363871	0.8665058383174934	0.020	0.478469785	0.719800573	1
am_0840_obj_055_紧急呼叫器	obj_055_紧急呼叫器	紧急呼叫器	button	emergency_button	grasp,press	2	0.8005525439386525	0.8352314480007513	0.8628828677491127	0.8815738988508914	0.8989235743978214	0.9197179767787176	0.9282397222311081	0.020	0.478469785	0.800552544	1
am_0841_obj_055_紧急呼叫器	obj_055_紧急呼叫器	紧急呼叫器	button	emergency_button	grasp,press	2	0.7130603331826243	0.746884614511441	0.7797562627134905	0.8097725648609271	0.8312203344509992	0.857957384970054	0.8743504860413724	0.020	0.478469785	0.713060333	1
am_0842_obj_055_紧急呼叫器	obj_055_紧急呼叫器	紧急呼叫器	button	emergency_button	grasp,press	2	0.799749514254719	0.8263749798360107	0.8496921168981781	0.8675145909657651	0.8821889056502277	0.9025012303100881	0.9109323634333542	0.020	0.478469785	0.799749514	1
am_0843_obj_055_紧急呼叫器	obj_055_紧急呼叫器	紧急呼叫器	button	emergency_button	grasp,press	2	0.7792957054827904	0.8003809650832161	0.8166143064414803	0.8308534683041261	0.8474962899690581	0.8608780968787203	0.8658943455923631	0.020	0.478469785	0.779295705	1
am_0844_obj_055_紧急呼叫器	obj_055_紧急呼叫器	紧急呼叫器	button	emergency_button	grasp,press	2	0.6728026083342382	0.6925035166958674	0.7099313841249277	0.721049658393801	0.7288997258149043	0.7382214026586732	0.7421693450684345	0.020	0.478469785	0.672802608	1
am_0845_obj_055_紧急呼叫器	obj_055_紧急呼叫器	紧急呼叫器	button	emergency_button	grasp,press	2	0.7765886470292479	0.8094240845847112	0.8383374662350715	0.8556989538926538	0.8725014530370188	0.8930740544886162	0.9060638478001	0.020	0.478469785	0.776588647	1
am_0846_obj_055_紧急呼叫器	obj_055_紧急呼叫器	紧急呼叫器	button	emergency_button	grasp,press	2	0.7867594023094484	0.8083748059378539	0.8363185193760839	0.8538472642644418	0.8658693566307799	0.8822421899043513	0.8866845123333189	0.020	0.478469785	0.786759402	1
am_0847_obj_055_紧急呼叫器	obj_055_紧急呼叫器	紧急呼叫器	button	emergency_button	grasp,press	2	0.3976086437113294	0.4217897881552779	0.44825481679072915	0.47225549893690677	0.49155379894752654	0.5235334994198895	0.5484345636692356	0.020	0.478469785	0.397608644	0
am_0848_obj_055_紧急呼叫器	obj_055_紧急呼叫器	紧急呼叫器	button	emergency_button	grasp,press	2	0.7413097067946335	0.7729432710358314	0.7981111942189516	0.8203181011443701	0.8367500699331505	0.8615102869323075	0.8774053593894047	0.020	0.478469785	0.741309707	1
am_0849_obj_055_紧急呼叫器	obj_055_紧急呼叫器	紧急呼叫器	button	emergency_button	grasp,press	2	0.5842747296525626	0.5996847997383029	0.6144077238932864	0.6251775722311059	0.6341684083631063	0.6446681628686014	0.6502010357042984	0.020	0.478469785	0.584274730	1
am_0850_obj_056_苹果	obj_056_苹果	苹果	fruit	apple	grasp	1	0.8857932976063927	0.8923776051828195	0.9001401248399695	0.9075801825652879	0.9135796625238678	0.9218586739860367	0.9284847391252541	0.020	0.478469785	0.885793298	1
am_0851_obj_056_苹果	obj_056_苹果	苹果	fruit	apple	grasp	1	0.8896871278707463	0.8974250006109555	0.9057491368760472	0.9124981078941543	0.9186986865652406	0.9297086856503569	0.9365952935441728	0.020	0.478469785	0.889687128	1
am_0852_obj_056_苹果	obj_056_苹果	苹果	fruit	apple	grasp	1	0.8841606345318247	0.890144937341159	0.8977537255940395	0.9044623690631933	0.910321399632316	0.9202075784412234	0.9277008222310166	0.020	0.478469785	0.884160635	1
am_0853_obj_056_苹果	obj_056_苹果	苹果	fruit	apple	grasp	1	0.8430394171787492	0.852391325458993	0.8631867439163893	0.8737805205976216	0.8828794451777491	0.8978887279274922	0.9106284531381096	0.020	0.478469785	0.843039417	1
am_0854_obj_056_苹果	obj_056_苹果	苹果	fruit	apple	grasp	1	0.8846324912381333	0.8915151738165058	0.9005867610495152	0.9090835043230132	0.9158977598444524	0.9257844756263468	0.9321063460020899	0.020	0.478469785	0.884632491	1
am_0855_obj_056_苹果	obj_056_苹果	苹果	fruit	apple	grasp	1	0.8806493045961851	0.8882795437207397	0.8977435417111768	0.906515291051886	0.9136381290230441	0.9238239796061822	0.9307910803427637	0.020	0.478469785	0.880649305	1
am_0856_obj_056_苹果	obj_056_苹果	苹果	fruit	apple	grasp	1	0.8475429238585	0.8552543919715123	0.8656765720415525	0.875311003142038	0.8831140733367235	0.8990531857795393	0.9105746850248954	0.020	0.478469785	0.847542924	1
am_0857_obj_056_苹果	obj_056_苹果	苹果	fruit	apple	grasp	1	0.8837808840236473	0.8916359781360296	0.9005278846363872	0.9081529762513527	0.9152135239162563	0.9255772019339515	0.9331885118842914	0.020	0.478469785	0.883780884	1
am_0858_obj_056_苹果	obj_056_苹果	苹果	fruit	apple	grasp	1	0.8695142119224325	0.8769807298546585	0.8877754826795877	0.8973159313765713	0.9046326704904208	0.9180215785903604	0.9276418565630149	0.020	0.478469785	0.869514212	1
am_0859_obj_056_苹果	obj_056_苹果	苹果	fruit	apple	grasp	1	0.8893565680300044	0.895275461196513	0.9020995546848056	0.9100143794792425	0.9165014404971806	0.9279865906663206	0.9353798013400063	0.020	0.478469785	0.889356568	1
am_0860_obj_056_苹果	obj_056_苹果	苹果	fruit	apple	grasp	1	0.8903507282438181	0.8964150457133879	0.903895436538199	0.9100518610246505	0.9157540109615395	0.9256228318222997	0.9324778375942311	0.020	0.478469785	0.890350728	1
am_0861_obj_056_苹果	obj_056_苹果	苹果	fruit	apple	grasp	1	0.87670838485909	0.8857467761362934	0.8960733016809158	0.9039294281628715	0.9110722085535679	0.9220404708444658	0.9303268515563587	0.020	0.478469785	0.876708385	1
am_0862_obj_056_苹果	obj_056_苹果	苹果	fruit	apple	grasp	1	0.9004110312767845	0.9059314924254347	0.9129786235781111	0.9194268797005242	0.9242413096850113	0.9327790883817577	0.9381078691478812	0.020	0.478469785	0.900411031	1
am_0863_obj_056_苹果	obj_056_苹果	苹果	fruit	apple	grasp	1	0.877861519982299	0.8876028357978614	0.8969842582574044	0.9065113768027538	0.914552950482974	0.9266378691052678	0.9351333057693262	0.020	0.478469785	0.877861520	1
am_0864_obj_056_苹果	obj_056_苹果	苹果	fruit	apple	grasp	1	0.8623393338319728	0.8688930130145749	0.8781858342899754	0.8860948264820643	0.894073335591839	0.9075255623496099	0.9177416507389358	0.020	0.478469785	0.862339334	1
am_0865_obj_057_药品	obj_057_药品	药品	medicine_box	medicine_box	grasp,open	2	0.5067415572659577	0.6314097777655305	0.6870139337654013	0.7259142109205543	0.7532508483279126	0.7948305305015153	0.8189861918255599	0.020	0.478469785	0.506741557	1
am_0866_obj_057_药品	obj_057_药品	药品	medicine_box	medicine_box	grasp,open	2	0.4933895309167557	0.6006288718199694	0.6501908154878592	0.6847759708278676	0.7111769471893713	0.7399222438576627	0.762967397083441	0.020	0.478469785	0.493389531	1
am_0867_obj_057_药品	obj_057_药品	药品	medicine_box	medicine_box	grasp,open	2	0.544475136555203	0.6590427893730959	0.7078600186499244	0.7364818169876042	0.7596501104480629	0.7917005233762189	0.8079034452709088	0.020	0.478469785	0.544475137	1
am_0868_obj_057_药品	obj_057_药品	药品	medicine_box	medicine_box	grasp,open	2	0.418104385989515	0.5080860603276902	0.5535299275122688	0.5947007196119772	0.6258237450634783	0.6687734356160401	0.7023245390400623	0.020	0.478469785	0.418104386	0
am_0869_obj_057_药品	obj_057_药品	药品	medicine_box	medicine_box	grasp,open	2	0.566414810296309	0.6860074480272771	0.7350403001651751	0.7636075450961228	0.7917361530448512	0.8231062740455178	0.8412569753153654	0.020	0.478469785	0.566414810	1
am_0870_obj_057_药品	obj_057_药品	药品	medicine_box	medicine_box	grasp,open	2	0.42571623375012235	0.5203110648755764	0.5695441625500526	0.6012497270736545	0.6238267502756714	0.6586791286284457	0.6850884018708052	0.020	0.478469785	0.425716234	0
am_0871_obj_057_药品	obj_057_药品	药品	medicine_box	medicine_box	grasp,open	2	0.4697698923100471	0.5740104946647557	0.6358908076212055	0.6706770589008471	0.7072535133004989	0.7609296031257304	0.7951999749699894	0.020	0.478469785	0.469769892	0
am_0872_obj_057_药品	obj_057_药品	药品	medicine_box	medicine_box	grasp,open	2	0.40342439082548887	0.5010932442876852	0.5455901593880093	0.5836877320903076	0.6147236071213362	0.6731537799484044	0.7083656400963705	0.020	0.478469785	0.403424391	0
am_0873_obj_057_药品	obj_057_药品	药品	medicine_box	medicine_box	grasp,open	2	0.47766983546798103	0.5895141767962283	0.6475952914591214	0.6895173277853024	0.716556810240703	0.7582492025674393	0.7864924238212805	0.020	0.478469785	0.477669835	0
am_0874_obj_057_药品	obj_057_药品	药品	medicine_box	medicine_box	grasp,open	2	0.44388726684308716	0.5540054862419224	0.6012445890735882	0.632721865017399	0.6595321424070748	0.7228311837796897	0.7552560931603483	0.020	0.478469785	0.443887267	0
am_0875_obj_057_药品	obj_057_药品	药品	medicine_box	medicine_box	grasp,open	2	0.25324223490026726	0.31781897035803175	0.3463392415795545	0.36448534192279375	0.37699396539715346	0.3956899179255137	0.40895054852467994	0.020	0.478469785	0.253242235	0
am_0876_obj_057_药品	obj_057_药品	药品	medicine_box	medicine_box	grasp,open	2	0.4328875479057979	0.5216444873577339	0.5697057385805191	0.6060311002682321	0.6327655820999958	0.6760011940252373	0.7077379598917912	0.020	0.478469785	0.432887548	0
am_0877_obj_057_药品	obj_057_药品	药品	medicine_box	medicine_box	grasp,open	2	0.26064784645744277	0.32143579359707447	0.3462092277165236	0.36296767956194376	0.3747344182063226	0.394520376151484	0.4099922466595145	0.020	0.478469785	0.260647846	0
am_0878_obj_057_药品	obj_057_药品	药品	medicine_box	medicine_box	grasp,open	2	0.5665469790821605	0.6773206001373283	0.7244696124640653	0.7512931536549983	0.7734316114296973	0.8042949527972523	0.8225411461067499	0.020	0.478469785	0.566546979	1
am_0879_obj_057_药品	obj_057_药品	药品	medicine_box	medicine_box	grasp,open	2	0.5339876085647082	0.651948504984699	0.7040383104544892	0.7355957477719146	0.7602156672286908	0.8037366995013462	0.8294739208236631	0.020	0.478469785	0.533987609	1
am_0880_obj_058_药品2	obj_058_药品2	药品2	medicine_box	medicine_box	grasp,open	2	0.2681377086918415	0.31636443112359425	0.3377292346034428	0.3540064843003379	0.36638083247249614	0.3890926626549832	0.40920134602794356	0.020	0.478469785	0.268137709	0
am_0881_obj_058_药品2	obj_058_药品2	药品2	medicine_box	medicine_box	grasp,open	2	0.22088167749602672	0.2649968755013	0.2839995453643588	0.29881286377413924	0.3107512014835647	0.33266683639937444	0.3528890970754897	0.020	0.478469785	0.220881677	0
am_0882_obj_058_药品2	obj_058_药品2	药品2	medicine_box	medicine_box	grasp,open	2	0.36069494761065	0.4359167864479202	0.4738535917631709	0.5043343961548964	0.5266874520308252	0.5629634180189245	0.5951662804061182	0.020	0.478469785	0.360694948	0
am_0883_obj_058_药品2	obj_058_药品2	药品2	medicine_box	medicine_box	grasp,open	2	0.18830422680250228	0.22963518903392466	0.24454066616178374	0.25559918216031924	0.26625800791483906	0.28512219067257194	0.3038395240767661	0.020	0.478469785	0.188304227	0
am_0884_obj_058_药品2	obj_058_药品2	药品2	medicine_box	medicine_box	grasp,open	2	0.4320956761798746	0.5076913190084135	0.5493064859085621	0.5820142991012682	0.6055086200581999	0.6386715804741292	0.6639423218575103	0.020	0.478469785	0.432095676	0
am_0885_obj_058_药品2	obj_058_药品2	药品2	medicine_box	medicine_box	grasp,open	2	0.488974227803305	0.5654600476372852	0.6205259296822223	0.6650108030320312	0.6965715212359902	0.7300998705193213	0.7521469491285361	0.020	0.478469785	0.488974228	1
am_0886_obj_058_药品2	obj_058_药品2	药品2	medicine_box	medicine_box	grasp,open	2	0.2486737187093441	0.2965217203809414	0.3188390982429752	0.3357287570909656	0.348999550169038	0.3706829261762256	0.390644080329441	0.020	0.478469785	0.248673719	0
am_0887_obj_058_药品2	obj_058_药品2	药品2	medicine_box	medicine_box	grasp,open	2	0.5236844520595217	0.6034850106213989	0.6555491508682397	0.7054826087480133	0.7350888150112184	0.7666427741281279	0.7861083092863914	0.020	0.478469785	0.523684452	1
am_0888_obj_058_药品2	obj_058_药品2	药品2	medicine_box	medicine_box	grasp,open	2	0.5632754818255437	0.6561287910869644	0.7086113796570489	0.7424617749618625	0.7707076202394201	0.8024496049629928	0.8233195335109572	0.020	0.478469785	0.563275482	1
am_0889_obj_058_药品2	obj_058_药品2	药品2	medicine_box	medicine_box	grasp,open	2	0.5118418065984076	0.5938267701165155	0.6397932955269557	0.6698526227406378	0.7013353945300073	0.7496005681124436	0.7951156792633023	0.020	0.478469785	0.511841807	1
am_0890_obj_058_药品2	obj_058_药品2	药品2	medicine_box	medicine_box	grasp,open	2	0.35925667127923466	0.4298188979266088	0.46524912437672183	0.5025690999464534	0.5425760263465164	0.5988112927230878	0.6369540428766454	0.020	0.478469785	0.359256671	0
am_0891_obj_058_药品2	obj_058_药品2	药品2	medicine_box	medicine_box	grasp,open	2	0.18707140893262522	0.2228829030244916	0.24124544043968812	0.25496613904741977	0.268587827665864	0.2928343193739289	0.3172725768834531	0.020	0.478469785	0.187071409	0
am_0892_obj_058_药品2	obj_058_药品2	药品2	medicine_box	medicine_box	grasp,open	2	0.22831017581937157	0.2707463649353608	0.2900133330325376	0.3053676711238356	0.31902836401928203	0.34311306710063416	0.3638722722474064	0.020	0.478469785	0.228310176	0
am_0893_obj_058_药品2	obj_058_药品2	药品2	medicine_box	medicine_box	grasp,open	2	0.4619565350678791	0.5428117917824884	0.587874798305037	0.6195941513834273	0.6468663034467761	0.6843861230565542	0.7158512373673083	0.020	0.478469785	0.461956535	0
am_0894_obj_058_药品2	obj_058_药品2	药品2	medicine_box	medicine_box	grasp,open	2	0.4792697340072098	0.55566952714312	0.602686338057739	0.6395879084621631	0.6738176500758211	0.7140928596636706	0.7521380958731374	0.020	0.478469785	0.479269734	1
am_0895_obj_059_药品3	obj_059_药品3	药品3	medicine_box	medicine_box	grasp,open	2	0.469564601792917	0.530478795577044	0.5724543255539796	0.6003998284215468	0.6239586260794909	0.6713687272618039	0.700782786258194	0.020	0.478469785	0.469564602	0
am_0896_obj_059_药品3	obj_059_药品3	药品3	medicine_box	medicine_box	grasp,open	2	0.2384050760294871	0.28682223058217043	0.3075499656146159	0.32329042785321077	0.33839515376772555	0.3629111910036038	0.38479731226549724	0.020	0.478469785	0.238405076	0
am_0897_obj_059_药品3	obj_059_药品3	药品3	medicine_box	medicine_box	grasp,open	2	0.5667656494983188	0.6498000311474892	0.6903685008419763	0.7163737970791761	0.7312958437332271	0.7538776827314579	0.7737342094220001	0.020	0.478469785	0.566765649	1
am_0898_obj_059_药品3	obj_059_药品3	药品3	medicine_box	medicine_box	grasp,open	2	0.4878746337954245	0.5688003030025142	0.6122913368293998	0.6464885901127158	0.6685716910584025	0.7046360226854425	0.7304768525321843	0.020	0.478469785	0.487874634	1
am_0899_obj_059_药品3	obj_059_药品3	药品3	medicine_box	medicine_box	grasp,open	2	0.5142838133552906	0.589602944119382	0.6291986630694838	0.6609851699386353	0.6849739202887015	0.7222558874614211	0.7578964436804472	0.020	0.478469785	0.514283813	1
am_0900_obj_059_药品3	obj_059_药品3	药品3	medicine_box	medicine_box	grasp,open	2	0.5329490817005285	0.6052963643463007	0.6457430545535473	0.6730776156871403	0.6930221444296782	0.7255840553081216	0.7528011522917537	0.020	0.478469785	0.532949082	1
am_0901_obj_059_药品3	obj_059_药品3	药品3	medicine_box	medicine_box	grasp,open	2	0.18021220838538227	0.2198112308877738	0.234992651728526	0.2459553718951078	0.2556053732673497	0.2742684399745996	0.29022220257476794	0.020	0.478469785	0.180212208	0
am_0902_obj_059_药品3	obj_059_药品3	药品3	medicine_box	medicine_box	grasp,open	2	0.29032412979554806	0.33685291903320197	0.3587227607695129	0.37617231665571277	0.3898078266146338	0.41523077333838615	0.438517836338821	0.020	0.478469785	0.290324130	0
am_0903_obj_059_药品3	obj_059_药品3	药品3	medicine_box	medicine_box	grasp,open	2	0.48571610504586116	0.5624574772585534	0.5974373647911704	0.6288693365149453	0.6554143655099893	0.6939743351967689	0.7272460102324667	0.020	0.478469785	0.485716105	1
am_0904_obj_059_药品3	obj_059_药品3	药品3	medicine_box	medicine_box	grasp,open	2	0.5463125506246239	0.6129823975274795	0.6537793425556278	0.6854924835582914	0.7011652284261016	0.7290358019070277	0.7508354264268098	0.020	0.478469785	0.546312551	1
am_0905_obj_059_药品3	obj_059_药品3	药品3	medicine_box	medicine_box	grasp,open	2	0.3389221041481739	0.3992807834515956	0.4450080690462763	0.48225319160878466	0.5065946559472532	0.5762339185985715	0.6263572203917016	0.020	0.478469785	0.338922104	0
am_0906_obj_059_药品3	obj_059_药品3	药品3	medicine_box	medicine_box	grasp,open	2	0.49398887730930047	0.5608589752760026	0.6090543057405886	0.6480967199387699	0.6696995599111907	0.6996669476269662	0.7205108830301565	0.020	0.478469785	0.493988877	1
am_0907_obj_059_药品3	obj_059_药品3	药品3	medicine_box	medicine_box	grasp,open	2	0.2821121882845779	0.3375290352774098	0.35737167327806163	0.3728377184377086	0.38667825773112624	0.41012355837484116	0.43362963220502715	0.020	0.478469785	0.282112188	0
am_0908_obj_059_药品3	obj_059_药品3	药品3	medicine_box	medicine_box	grasp,open	2	0.44285285215333725	0.49639506701007774	0.5363941533850354	0.576645585586148	0.6039622197390382	0.648208651967645	0.6715732813078461	0.020	0.478469785	0.442852852	0
am_0909_obj_059_药品3	obj_059_药品3	药品3	medicine_box	medicine_box	grasp,open	2	0.589266558152031	0.6728525638429781	0.716976041133645	0.7443264769722242	0.7708487544208663	0.8030776405369904	0.826370242885931	0.020	0.478469785	0.589266558	1
am_0910_obj_060_菜板2	obj_060_菜板2	菜板2	cutting_board	cutting_board	place	1	0.4014158061364991	0.4116989575378181	0.42302338151914765	0.4371173188705707	0.45181147936168575	0.48319581203714435	0.5127870278579435	0.020	0.478469785	0.401415806	0
am_0911_obj_060_菜板2	obj_060_菜板2	菜板2	cutting_board	cutting_board	place	1	0.4337668606595691	0.44629647919484866	0.46090514746135025	0.4777240262568297	0.49233462666882455	0.5255676437902252	0.5527120692494094	0.020	0.478469785	0.433766861	0
am_0912_obj_060_菜板2	obj_060_菜板2	菜板2	cutting_board	cutting_board	place	1	0.39724121809083535	0.4089029287291073	0.4209710978419812	0.4349276830255171	0.4499019228505664	0.4749179444916106	0.49605166880798385	0.020	0.478469785	0.397241218	0
am_0913_obj_060_菜板2	obj_060_菜板2	菜板2	cutting_board	cutting_board	place	1	0.33773563173351556	0.3479688394202684	0.3581347113292388	0.3684793542769683	0.3788270227844797	0.399489574160185	0.42048583133042705	0.020	0.478469785	0.337735632	0
am_0914_obj_060_菜板2	obj_060_菜板2	菜板2	cutting_board	cutting_board	place	1	0.34380128726121667	0.35307681969497673	0.36257361157899887	0.3746985909058106	0.38643549434371016	0.4112036178640114	0.4362716665623655	0.020	0.478469785	0.343801287	0
am_0915_obj_060_菜板2	obj_060_菜板2	菜板2	cutting_board	cutting_board	place	1	0.3811939225121191	0.39116799099858557	0.40214954631906386	0.41403277416756035	0.42526569535253406	0.44973540011863966	0.47185145066263734	0.020	0.478469785	0.381193923	0
am_0916_obj_060_菜板2	obj_060_菜板2	菜板2	cutting_board	cutting_board	place	1	0.45647965740034424	0.46852423157458556	0.48397580556183717	0.5003768696212261	0.517217960222024	0.5531494610138403	0.5845587054112757	0.020	0.478469785	0.456479657	0
am_0917_obj_060_菜板2	obj_060_菜板2	菜板2	cutting_board	cutting_board	place	1	0.36706548296432506	0.37727489217843635	0.38888078427107253	0.4007339231564389	0.41306423268308745	0.44023368837735843	0.466447704612729	0.020	0.478469785	0.367065483	0
am_0918_obj_060_菜板2	obj_060_菜板2	菜板2	cutting_board	cutting_board	place	1	0.33404227526547686	0.3412996680999577	0.3506108793534124	0.3600578669779854	0.3701388378609007	0.3908920439323347	0.41104848625645135	0.020	0.478469785	0.334042275	0
am_0919_obj_060_菜板2	obj_060_菜板2	菜板2	cutting_board	cutting_board	place	1	0.3590662010489817	0.36760964215549535	0.37825355391519977	0.3886803227048065	0.3992332957101467	0.42285015709817825	0.4477886695660794	0.020	0.478469785	0.359066201	0
am_0920_obj_060_菜板2	obj_060_菜板2	菜板2	cutting_board	cutting_board	place	1	0.33913555889459257	0.34825339023945856	0.35826597700871315	0.3684466955975884	0.3805067649003969	0.4029383431642202	0.4256114946046548	0.020	0.478469785	0.339135559	0
am_0921_obj_060_菜板2	obj_060_菜板2	菜板2	cutting_board	cutting_board	place	1	0.3805040074688767	0.39189689426560104	0.403678048143706	0.41613601077962903	0.42884265672827854	0.4566007932796584	0.4831701080219474	0.020	0.478469785	0.380504007	0
am_0922_obj_060_菜板2	obj_060_菜板2	菜板2	cutting_board	cutting_board	place	1	0.3009415266923648	0.30912271414925363	0.3181586538777941	0.32708167431885654	0.33747445719845826	0.3566957268785308	0.37691887802552426	0.020	0.478469785	0.300941527	0
am_0923_obj_060_菜板2	obj_060_菜板2	菜板2	cutting_board	cutting_board	place	1	0.2899140458539966	0.2971015103111781	0.3053821801497455	0.3131262185631461	0.3218981455805065	0.3403221077506697	0.3596095160141047	0.020	0.478469785	0.289914046	0
am_0924_obj_060_菜板2	obj_060_菜板2	菜板2	cutting_board	cutting_board	place	1	0.34094862742214904	0.3508966970313236	0.36158088743162586	0.3726469372154364	0.3834336848302098	0.40674229002078804	0.43215394612364466	0.020	0.478469785	0.340948627	0
am_0925_obj_061_西瓜	obj_061_西瓜	西瓜	fruit	watermelon	grasp	1	0.9489538485869767	0.9493692267612268	0.9497263000746454	0.9498130608175475	0.95	0.95	0.95	0.020	0.478469785	0.948953849	1
am_0926_obj_061_西瓜	obj_061_西瓜	西瓜	fruit	watermelon	grasp	1	0.949156275417028	0.9494610255493265	0.9498402368015691	0.9499384084749938	0.9499630268671432	0.95	0.95	0.020	0.478469785	0.949156275	1
am_0927_obj_061_西瓜	obj_061_西瓜	西瓜	fruit	watermelon	grasp	1	0.95	0.95	0.95	0.95	0.95	0.95	0.95	0.020	0.478469785	0.950000000	1
am_0928_obj_061_西瓜	obj_061_西瓜	西瓜	fruit	watermelon	grasp	1	0.94991414930287	0.9499754299754299	0.95	0.95	0.95	0.95	0.95	0.020	0.478469785	0.949914149	1
am_0929_obj_061_西瓜	obj_061_西瓜	西瓜	fruit	watermelon	grasp	1	0.9494975480453152	0.9498398225726958	0.9499382716049383	0.95	0.95	0.95	0.95	0.020	0.478469785	0.949497548	1
am_0930_obj_061_西瓜	obj_061_西瓜	西瓜	fruit	watermelon	grasp	1	0.9496444208787315	0.9498891352549889	0.9499753208292201	0.95	0.95	0.95	0.95	0.020	0.478469785	0.949644421	1
am_0931_obj_061_西瓜	obj_061_西瓜	西瓜	fruit	watermelon	grasp	1	0.9497534516765287	0.9499628620945778	0.95	0.95	0.95	0.95	0.95	0.020	0.478469785	0.949753452	1
am_0932_obj_061_西瓜	obj_061_西瓜	西瓜	fruit	watermelon	grasp	1	0.9493767040123601	0.9495719562823787	0.9497551478561407	0.9499019276653214	0.95	0.95	0.95	0.020	0.478469785	0.949376704	1
am_0933_obj_061_西瓜	obj_061_西瓜	西瓜	fruit	watermelon	grasp	1	0.9499754661432778	0.95	0.95	0.95	0.95	0.95	0.95	0.020	0.478469785	0.949975466	1
am_0934_obj_061_西瓜	obj_061_西瓜	西瓜	fruit	watermelon	grasp	1	0.9499388154674498	0.95	0.95	0.95	0.95	0.95	0.95	0.020	0.478469785	0.949938815	1
am_0935_obj_061_西瓜	obj_061_西瓜	西瓜	fruit	watermelon	grasp	1	0.9499754901960784	0.95	0.95	0.95	0.95	0.95	0.95	0.020	0.478469785	0.949975490	1
am_0936_obj_061_西瓜	obj_061_西瓜	西瓜	fruit	watermelon	grasp	1	0.9494565217391304	0.9498754359740907	0.9499875156054932	0.95	0.95	0.95	0.95	0.020	0.478469785	0.949456522	1
am_0937_obj_061_西瓜	obj_061_西瓜	西瓜	fruit	watermelon	grasp	1	0.949580661075481	0.9499130866650113	0.95	0.95	0.95	0.95	0.95	0.020	0.478469785	0.949580661	1
am_0938_obj_061_西瓜	obj_061_西瓜	西瓜	fruit	watermelon	grasp	1	0.9497911034652249	0.94997533300444	0.95	0.95	0.95	0.95	0.95	0.020	0.478469785	0.949791103	1
am_0939_obj_061_西瓜	obj_061_西瓜	西瓜	fruit	watermelon	grasp	1	0.9496058142399606	0.949888503468781	0.9499875868917578	0.95	0.95	0.95	0.95	0.020	0.478469785	0.949605814	1
am_0940_obj_062_轮椅	obj_062_轮椅	轮椅	chair	wheelchair	sit,lean,grasp	3	0.4963750590780238	0.5419176274190488	0.5851915319506198	0.6240045485781247	0.6583064698780234	0.7199679357765153	0.7581361829847656	0.020	0.478469785	0.496375059	1
am_0941_obj_062_轮椅	obj_062_轮椅	轮椅	chair	wheelchair	sit,lean,grasp	3	0.7448340100531287	0.7955823606213022	0.8326467145815881	0.8658802037083063	0.8807895562172853	0.8939683119065599	0.8990028968427232	0.020	0.478469785	0.744834010	1
am_0942_obj_062_轮椅	obj_062_轮椅	轮椅	chair	wheelchair	sit,lean,grasp	3	0.7489170553912743	0.795001627137573	0.8241077282941056	0.8472155960305129	0.8600051495034703	0.8905395147919982	0.904794055008594	0.020	0.478469785	0.748917055	1
am_0943_obj_062_轮椅	obj_062_轮椅	轮椅	chair	wheelchair	sit,lean,grasp	3	0.7519919060771255	0.7919299208022931	0.8283623697673629	0.8506064373669807	0.8766167554599161	0.9008468502581991	0.908434317402263	0.020	0.478469785	0.751991906	1
am_0944_obj_062_轮椅	obj_062_轮椅	轮椅	chair	wheelchair	sit,lean,grasp	3	0.5786718195907604	0.6225447327167769	0.6589274280134835	0.6922263318943607	0.7170636905681335	0.7798711348930971	0.805378784241546	0.020	0.478469785	0.578671820	1
am_0945_obj_062_轮椅	obj_062_轮椅	轮椅	chair	wheelchair	sit,lean,grasp	3	0.6193350667203396	0.6546806038072416	0.6855297322223417	0.7076383788450111	0.7242025465025614	0.751041107936044	0.7674361727608913	0.020	0.478469785	0.619335067	1
am_0946_obj_062_轮椅	obj_062_轮椅	轮椅	chair	wheelchair	sit,lean,grasp	3	0.6357947066724691	0.6773899504978714	0.7183584452131017	0.7487135544297079	0.7724945269081691	0.8047826430628987	0.8202298835180165	0.020	0.478469785	0.635794707	1
am_0947_obj_062_轮椅	obj_062_轮椅	轮椅	chair	wheelchair	sit,lean,grasp	3	0.5977923719277589	0.6445195219332653	0.6898059457241645	0.7220770831342079	0.7517528012962796	0.8086204771485411	0.8295666097228297	0.020	0.478469785	0.597792372	1
am_0948_obj_062_轮椅	obj_062_轮椅	轮椅	chair	wheelchair	sit,lean,grasp	3	0.7176652643265445	0.7602069572596877	0.7939761921013773	0.8170174499583257	0.8336373846833359	0.8597131838222308	0.8664724193772205	0.020	0.478469785	0.717665264	1
am_0949_obj_062_轮椅	obj_062_轮椅	轮椅	chair	wheelchair	sit,lean,grasp	3	0.6683535970547375	0.7193783505757585	0.7652302785062276	0.8009878389996965	0.8234781693622986	0.8574161038274098	0.8736038291501739	0.020	0.478469785	0.668353597	1
am_0950_obj_062_轮椅	obj_062_轮椅	轮椅	chair	wheelchair	sit,lean,grasp	3	0.6337246215336159	0.6801001109476842	0.7135942032163176	0.7416568813616818	0.7740005298125453	0.822214321898033	0.8385277769145395	0.020	0.478469785	0.633724622	1
am_0951_obj_062_轮椅	obj_062_轮椅	轮椅	chair	wheelchair	sit,lean,grasp	3	0.6245779107883253	0.6615919867040746	0.7002028904518166	0.7328137497123106	0.7531312936126472	0.7917101282188366	0.8112243655266932	0.020	0.478469785	0.624577911	1
am_0952_obj_062_轮椅	obj_062_轮椅	轮椅	chair	wheelchair	sit,lean,grasp	3	0.5793295677770858	0.6176971538192274	0.6583215458849808	0.699895229980941	0.7251374143442181	0.7770585667379978	0.7976668003165118	0.020	0.478469785	0.579329568	1
am_0953_obj_062_轮椅	obj_062_轮椅	轮椅	chair	wheelchair	sit,lean,grasp	3	0.5957773625198722	0.6312459349579228	0.6669744864435492	0.7019435280967397	0.7341154699425564	0.8115585281861991	0.8437649695588402	0.020	0.478469785	0.595777363	1
am_0954_obj_062_轮椅	obj_062_轮椅	轮椅	chair	wheelchair	sit,lean,grasp	3	0.751083975650944	0.803301324158464	0.8325997350794235	0.8540725805627251	0.8652786246013763	0.8828805884829399	0.8880801085224542	0.020	0.478469785	0.751083976	1
am_0955_obj_063_轮椅2	obj_063_轮椅2	轮椅2	chair	wheelchair	sit,lean,grasp	3	0.7543281144244829	0.8050006233030412	0.847122055153222	0.8680641863610546	0.8874231288852599	0.9013297229481042	0.9056338218033652	0.020	0.478469785	0.754328114	1
am_0956_obj_063_轮椅2	obj_063_轮椅2	轮椅2	chair	wheelchair	sit,lean,grasp	3	0.6976703340354815	0.761565511400138	0.805395256988002	0.8431761387613156	0.8637142043275939	0.8917314363412019	0.903681571749812	0.020	0.478469785	0.697670334	1
am_0957_obj_063_轮椅2	obj_063_轮椅2	轮椅2	chair	wheelchair	sit,lean,grasp	3	0.6218199209840539	0.672201919344908	0.7109928660911198	0.7410645143376926	0.7650561624343832	0.7950179290434937	0.8166486383524627	0.020	0.478469785	0.621819921	1
am_0958_obj_063_轮椅2	obj_063_轮椅2	轮椅2	chair	wheelchair	sit,lean,grasp	3	0.5866051544458005	0.638666907134474	0.669674247894492	0.6898858430148992	0.7022748965707345	0.7234711301454847	0.7387281323995817	0.020	0.478469785	0.586605154	1
am_0959_obj_063_轮椅2	obj_063_轮椅2	轮椅2	chair	wheelchair	sit,lean,grasp	3	0.6559040477841217	0.702401641855722	0.7383346905395459	0.7651233498287161	0.7883725166010692	0.8218034685233953	0.8465490507533103	0.020	0.478469785	0.655904048	1
am_0960_obj_063_轮椅2	obj_063_轮椅2	轮椅2	chair	wheelchair	sit,lean,grasp	3	0.7731274690406065	0.8357136566463005	0.8706162490596112	0.8885222386630461	0.8973451797613395	0.9068001699789331	0.910337601232153	0.020	0.478469785	0.773127469	1
am_0961_obj_063_轮椅2	obj_063_轮椅2	轮椅2	chair	wheelchair	sit,lean,grasp	3	0.747157648672588	0.8002019460385417	0.8411907141356706	0.8683095813270381	0.8882930168097799	0.9085183308161066	0.9150152307290661	0.020	0.478469785	0.747157649	1
am_0962_obj_063_轮椅2	obj_063_轮椅2	轮椅2	chair	wheelchair	sit,lean,grasp	3	0.6913231847189212	0.7562506233803762	0.8020517558959548	0.8402917701953626	0.8645540478369874	0.8979704099676075	0.9147344357514644	0.020	0.478469785	0.691323185	1
am_0963_obj_063_轮椅2	obj_063_轮椅2	轮椅2	chair	wheelchair	sit,lean,grasp	3	0.7745755072872439	0.8360896659268132	0.872535668268417	0.8879198266498595	0.8981289608978077	0.9141530559514166	0.9192523469985949	0.020	0.478469785	0.774575507	1
am_0964_obj_063_轮椅2	obj_063_轮椅2	轮椅2	chair	wheelchair	sit,lean,grasp	3	0.7714050227977497	0.8289356971218339	0.8713324686819428	0.8935887845894822	0.904694486993154	0.9132862095227018	0.9174052646490366	0.020	0.478469785	0.771405023	1
am_0965_obj_063_轮椅2	obj_063_轮椅2	轮椅2	chair	wheelchair	sit,lean,grasp	3	0.7505761486394279	0.8107632409418394	0.8585070552960151	0.8908163155119802	0.9036680774958078	0.9133569971150065	0.9182495497734321	0.020	0.478469785	0.750576149	1
am_0966_obj_063_轮椅2	obj_063_轮椅2	轮椅2	chair	wheelchair	sit,lean,grasp	3	0.7259245960441684	0.7899244581592698	0.8328123551059696	0.8661106628376506	0.8845985381513497	0.8974206120519295	0.9035237747893398	0.020	0.478469785	0.725924596	1
am_0967_obj_063_轮椅2	obj_063_轮椅2	轮椅2	chair	wheelchair	sit,lean,grasp	3	0.7148015053036164	0.7761472833095668	0.8273326406092449	0.8691468530306605	0.8902073439542803	0.9075300947732677	0.9141623173925127	0.020	0.478469785	0.714801505	1
am_0968_obj_063_轮椅2	obj_063_轮椅2	轮椅2	chair	wheelchair	sit,lean,grasp	3	0.5854751865366304	0.6521418737321424	0.6983115176192042	0.7376473426195725	0.764438653757623	0.801400029894514	0.8256881134865602	0.020	0.478469785	0.585475187	1
am_0969_obj_063_轮椅2	obj_063_轮椅2	轮椅2	chair	wheelchair	sit,lean,grasp	3	0.6495759992881013	0.7058205603415398	0.751143669742378	0.7951196328330662	0.8308120517861441	0.8645387152705499	0.890563338640599	0.020	0.478469785	0.649575999	1
am_0970_obj_064_香蕉	obj_064_香蕉	香蕉	fruit	banana	grasp	1	0.7103366160179582	0.7327157353909988	0.7510497471876839	0.7669486286278814	0.7816323357632144	0.8054090456056311	0.8249259361907975	0.020	0.478469785	0.710336616	1
am_0971_obj_064_香蕉	obj_064_香蕉	香蕉	fruit	banana	grasp	1	0.9286909686689195	0.9340642768171928	0.937993245507732	0.9410946011427725	0.9431959085438612	0.9462255059428204	0.9482400268186388	0.020	0.478469785	0.928690969	1
am_0972_obj_064_香蕉	obj_064_香蕉	香蕉	fruit	banana	grasp	1	0.8676232585402543	0.8815521984999378	0.8928093291210655	0.901888435178354	0.9087374603123857	0.9215503241093007	0.9317225595299302	0.020	0.478469785	0.867623259	1
am_0973_obj_064_香蕉	obj_064_香蕉	香蕉	fruit	banana	grasp	1	0.9386894559459511	0.9424027816693566	0.9451012242753951	0.9471428819004417	0.9481851737926792	0.9498567791215786	0.95	0.020	0.478469785	0.938689456	1
am_0974_obj_064_香蕉	obj_064_香蕉	香蕉	fruit	banana	grasp	1	0.890173594251191	0.9011159328438362	0.9097535920723807	0.9169546224787533	0.9230087793516178	0.9325488517508571	0.9400075145180194	0.020	0.478469785	0.890173594	1
am_0975_obj_064_香蕉	obj_064_香蕉	香蕉	fruit	banana	grasp	1	0.8428714498983947	0.8574758039999212	0.8687041841497717	0.8777706985885226	0.8858352098992489	0.9004745887365233	0.9144733465798748	0.020	0.478469785	0.842871450	1
am_0976_obj_064_香蕉	obj_064_香蕉	香蕉	fruit	banana	grasp	1	0.9209386734702927	0.9284821230134194	0.9337155239251376	0.9386770390342531	0.9419520602013709	0.9469356825192424	0.9492579505300354	0.020	0.478469785	0.920938673	1
am_0977_obj_064_香蕉	obj_064_香蕉	香蕉	fruit	banana	grasp	1	0.800541844003875	0.819973034456812	0.8357670456894457	0.8488129679598606	0.8598639898249848	0.8784651619113812	0.8922536005839763	0.020	0.478469785	0.800541844	1
am_0978_obj_064_香蕉	obj_064_香蕉	香蕉	fruit	banana	grasp	1	0.9349944480104375	0.9390597924714374	0.9419687741947232	0.9440032690027031	0.9455354532163742	0.9477466504263093	0.9492926752593525	0.020	0.478469785	0.934994448	1
am_0979_obj_064_香蕉	obj_064_香蕉	香蕉	fruit	banana	grasp	1	0.9005527245952294	0.9113916032014557	0.9201270052471578	0.9270567792577353	0.9324747865002887	0.9410731692059823	0.9464369437008413	0.020	0.478469785	0.900552725	1
am_0980_obj_064_香蕉	obj_064_香蕉	香蕉	fruit	banana	grasp	1	0.9068233512033641	0.9158210616145673	0.9221479790258122	0.9275392059710766	0.9322226125546255	0.9383274624017052	0.9436108055277721	0.020	0.478469785	0.906823351	1
am_0981_obj_064_香蕉	obj_064_香蕉	香蕉	fruit	banana	grasp	1	0.9324064641183322	0.9373887015836712	0.9412551172767547	0.9442233670313229	0.9465034938739105	0.9490743696137887	0.9499350438454044	0.020	0.478469785	0.932406464	1
am_0982_obj_064_香蕉	obj_064_香蕉	香蕉	fruit	banana	grasp	1	0.8932750739438061	0.9018419403776722	0.9080254578162548	0.9131645314442473	0.9178623939702257	0.9264412833581941	0.9342963792459873	0.020	0.478469785	0.893275074	1
am_0983_obj_064_香蕉	obj_064_香蕉	香蕉	fruit	banana	grasp	1	0.8737427088735815	0.8868877345557464	0.8980434071921171	0.9065132423066989	0.914075380732472	0.9253268071287613	0.9352465119518765	0.020	0.478469785	0.873742709	1
am_0984_obj_064_香蕉	obj_064_香蕉	香蕉	fruit	banana	grasp	1	0.6252403052981004	0.6475295459961612	0.666281150981775	0.6819754193949872	0.6963135747803648	0.7225242989887136	0.7459459607488992	0.020	0.478469785	0.625240305	1
am_0985_obj_065_马桶	obj_065_马桶	马桶	toilet	toilet	open,press	2	0.5892897048134002	0.6706642064209164	0.7384640583574533	0.7867752558840305	0.8168596658773856	0.8474663373963571	0.8595591907180017	0.020	0.478469785	0.589289705	1
am_0986_obj_065_马桶	obj_065_马桶	马桶	toilet	toilet	open,press	2	0.5021291519563992	0.5732942300840242	0.6245280041797747	0.656443342008638	0.6908370735246053	0.7551262208206337	0.7863489204582796	0.020	0.478469785	0.502129152	1
am_0987_obj_065_马桶	obj_065_马桶	马桶	toilet	toilet	open,press	2	0.5198688871146948	0.6036567658615413	0.6797158762180411	0.7213448906928823	0.7481556675822445	0.8018869130992309	0.8408057035744341	0.020	0.478469785	0.519868887	1
am_0988_obj_065_马桶	obj_065_马桶	马桶	toilet	toilet	open,press	2	0.6787108632574889	0.7752140173868715	0.8316956200147446	0.855917537460585	0.8738685978707506	0.8938055798029493	0.9013233524287096	0.020	0.478469785	0.678710863	1
am_0989_obj_065_马桶	obj_065_马桶	马桶	toilet	toilet	open,press	2	0.6139639146253708	0.7109030591064163	0.7866091628665202	0.8138093565812916	0.8329586964877694	0.8564977437102574	0.8693751418252486	0.020	0.478469785	0.613963915	1
am_0990_obj_065_马桶	obj_065_马桶	马桶	toilet	toilet	open,press	2	0.600308526803452	0.6989955905843606	0.7695016881483436	0.8146184901850708	0.8434883178971153	0.8814732875418806	0.8995017508307026	0.020	0.478469785	0.600308527	1
am_0991_obj_065_马桶	obj_065_马桶	马桶	toilet	toilet	open,press	2	0.626405456035581	0.7177052042029959	0.7781078139010165	0.8153874895351558	0.8427436909358461	0.8731466900648326	0.8923345456070035	0.020	0.478469785	0.626405456	1
am_0992_obj_065_马桶	obj_065_马桶	马桶	toilet	toilet	open,press	2	0.6249246488493955	0.7071827988829679	0.7835070352889137	0.825059581691747	0.8505749070461082	0.8828807105415112	0.8946827646890668	0.020	0.478469785	0.624924649	1
am_0993_obj_065_马桶	obj_065_马桶	马桶	toilet	toilet	open,press	2	0.6018950113972484	0.6800527996229705	0.7442101243506869	0.7754794713584136	0.7939116154681547	0.8089795345477933	0.8223395587878292	0.020	0.478469785	0.601895011	1
am_0994_obj_065_马桶	obj_065_马桶	马桶	toilet	toilet	open,press	2	0.6019444179807766	0.7037306299151571	0.7492714851846682	0.7815920348822732	0.8016020842878708	0.823392016543872	0.8381182661660367	0.020	0.478469785	0.601944418	1
am_0995_obj_065_马桶	obj_065_马桶	马桶	toilet	toilet	open,press	2	0.23617652772914877	0.27331736909676413	0.3032188764782069	0.32009667792414764	0.33169228317025046	0.34938447020212754	0.3669976274964293	0.020	0.478469785	0.236176528	0
am_0996_obj_065_马桶	obj_065_马桶	马桶	toilet	toilet	open,press	2	0.6053024763706194	0.7024593871313927	0.7671558241948815	0.8041744996274549	0.8252650526195491	0.8542335505022569	0.8694938265986356	0.020	0.478469785	0.605302476	1
am_0997_obj_065_马桶	obj_065_马桶	马桶	toilet	toilet	open,press	2	0.14353075693939307	0.16291105193698038	0.17351875606742806	0.180833208723436	0.1877501975458042	0.19943964767023925	0.2126146566118844	0.020	0.478469785	0.143530757	0
am_0998_obj_065_马桶	obj_065_马桶	马桶	toilet	toilet	open,press	2	0.11238759576885514	0.1251014308634244	0.13644144630768165	0.1463969181855839	0.1556039307181814	0.17479260494785182	0.190818438974551	0.020	0.478469785	0.112387596	0
am_0999_obj_065_马桶	obj_065_马桶	马桶	toilet	toilet	open,press	2	0.6215578515417933	0.7224576935347704	0.7922994981902842	0.8240140495080457	0.8442220277328039	0.8734313835059436	0.889693698577146	0.020	0.478469785	0.621557852	1
